trial_id,global_trial_index,truth_K,support_or_difficulty,noise,L,SNR,noise_seed,element_trial_hash,method_id,fit_valid,fit_status,solver_status,selected_start_id,start_count,valid_start_count,initial_angles,final_angles,estimate_target1_az_deg,estimate_target1_el_deg,estimate_target2_az_deg,estimate_target2_el_deg,known_K_joint_RMSE,known_K_azimuth_RMSE,known_K_elevation_RMSE,known_K_separation_vector_error,initial_known_K_joint_RMSE,refinement_improved_flag,RSS,loglik,effective_rank,score_calls,SVD_calls,runtime_sec,monotonicity_violation_count,truth_used_in_initialization_flag,truth_used_in_fit_flag,shared_element_data_flag,solver_contract_hash,selected_candidate_method_id,continuous_candidate_method_id,selected_source,continuous_upgrade_flag,fallback_flag,selection_truth_used_flag,selection_rule,B0_candidate_loglik,continuous_candidate_loglik,B0_candidate_score_calls,B0_candidate_SVD_calls,B0_candidate_runtime_sec,continuous_candidate_score_calls,continuous_candidate_SVD_calls,continuous_candidate_runtime_sec,conservative_upper_bound_score_calls,conservative_upper_bound_SVD_calls,conservative_upper_bound_runtime_sec,cost_accounting_note
R1_K1_N1_L1_SM6_ON_GRID,1,1,ON_GRID,WHITE,1,-6,2726072800,77b6dc2d20aa1e1896ddeaa2e7fd3ac75cbffb2e9398130dd1c4aedddeb2872d,H1_DIRECT_SAFE_HYBRID_KNOWN_K,1,KNOWN_K_FIT_VALID,CONTINUOUS_REFINEMENT_CONVERGED,B1_K1_CONVENTIONAL_SINGLETON_PEAK,1,1,[8 10],[8.0528949975698545 9.9920894982534136],8.05289499756985,9.99208949825341,NaN,NaN,0.0534832385500136,0.0528949975698545,0.00791050174658636,NaN,0,0,10.1843442178699,-26.3629701795073,1,187,393,0.5206552,0,0,0,1,51d3767c9d1bec81e7a08f09e3c9eadac455bb6e99ac78c4fb694c83956b4ac2,B1_DIRECT_CONTINUOUS_KNOWN_K,B1_DIRECT_CONTINUOUS_KNOWN_K,CONTINUOUS_UPGRADE,1,0,0,VALID_CONTINUOUS_WITH_LOG_LIKELIHOOD_NOT_BELOW_B0_ELSE_B0,-27.7388144150157,-26.3629701795073,91,206,0.4043233,187,393,0.5206552,278,599,0.9249785,DOUBLE_COUNTS_SHARED_INITIALIZATION
R1_K1_N1_L1_SM6_ON_GRID,1,1,ON_GRID,WHITE,1,-6,2726072800,77b6dc2d20aa1e1896ddeaa2e7fd3ac75cbffb2e9398130dd1c4aedddeb2872d,H2_GROUPED_SAFE_HYBRID_KNOWN_K,1,KNOWN_K_FIT_VALID,CONTINUOUS_REFINEMENT_CONVERGED,B2_K1_GROUPED_Q1_KQ1,1,1,[8 10],[8.0528949975698545 9.9920894982534136],8.05289499756985,9.99208949825341,NaN,NaN,0.0534832385500136,0.0528949975698545,0.00791050174658636,NaN,0,0,10.1843442178699,-26.3629701795073,1,187,393,0.4100392,0,0,0,1,51d3767c9d1bec81e7a08f09e3c9eadac455bb6e99ac78c4fb694c83956b4ac2,B2_GROUPED_CONTINUOUS_KNOWN_K,B2_GROUPED_CONTINUOUS_KNOWN_K,CONTINUOUS_UPGRADE,1,0,0,VALID_CONTINUOUS_WITH_LOG_LIKELIHOOD_NOT_BELOW_B0_ELSE_B0,-27.7388144150157,-26.3629701795073,91,206,0.4043233,187,393,0.4100392,278,599,0.8143625,DOUBLE_COUNTS_SHARED_INITIALIZATION
R1_K1_N1_L1_SM6_INSIDE_OFF_GRID,2,1,INSIDE_OFF_GRID,WHITE,1,-6,2726072800,a69af32df9fd07e0e87be66a533fc6c6851bf2216e7635e4579b76e36aea23d7,H1_DIRECT_SAFE_HYBRID_KNOWN_K,1,KNOWN_K_FIT_VALID,CONTINUOUS_REFINEMENT_CONVERGED,B1_K1_CONVENTIONAL_SINGLETON_PEAK,1,1,[8.1999999999999993 10],[8.1474079833618234 10.086498901186143],8.14740798336182,10.0864989011861,NaN,NaN,0.0492929665937897,0.0474079833618237,0.0135010988138564,NaN,0.141421356237309,1,10.1988989390309,-26.384391780853,1,188,395,0.5228816,0,0,0,1,51d3767c9d1bec81e7a08f09e3c9eadac455bb6e99ac78c4fb694c83956b4ac2,B1_DIRECT_CONTINUOUS_KNOWN_K,B1_DIRECT_CONTINUOUS_KNOWN_K,CONTINUOUS_UPGRADE,1,0,0,VALID_CONTINUOUS_WITH_LOG_LIKELIHOOD_NOT_BELOW_B0_ELSE_B0,-29.3185643920668,-26.384391780853,91,206,0.4069158,188,395,0.5228816,279,601,0.9297974,DOUBLE_COUNTS_SHARED_INITIALIZATION
R1_K1_N1_L1_SM6_INSIDE_OFF_GRID,2,1,INSIDE_OFF_GRID,WHITE,1,-6,2726072800,a69af32df9fd07e0e87be66a533fc6c6851bf2216e7635e4579b76e36aea23d7,H2_GROUPED_SAFE_HYBRID_KNOWN_K,1,KNOWN_K_FIT_VALID,CONTINUOUS_REFINEMENT_CONVERGED,B2_K1_GROUPED_Q1_KQ1,1,1,[8.1999999999999993 10],[8.1474079833618234 10.086498901186143],8.14740798336182,10.0864989011861,NaN,NaN,0.0492929665937897,0.0474079833618237,0.0135010988138564,NaN,0.141421356237309,1,10.1988989390309,-26.384391780853,1,188,395,0.4131008,0,0,0,1,51d3767c9d1bec81e7a08f09e3c9eadac455bb6e99ac78c4fb694c83956b4ac2,B2_GROUPED_CONTINUOUS_KNOWN_K,B2_GROUPED_CONTINUOUS_KNOWN_K,CONTINUOUS_UPGRADE,1,0,0,VALID_CONTINUOUS_WITH_LOG_LIKELIHOOD_NOT_BELOW_B0_ELSE_B0,-29.3185643920668,-26.384391780853,91,206,0.4069158,188,395,0.4131008,279,601,0.8200166,DOUBLE_COUNTS_SHARED_INITIALIZATION
R1_K1_N1_L1_SP6_ON_GRID,3,1,ON_GRID,WHITE,1,6,2726072801,17b249457ef35544fb0ef812f09f5dad81de428c5a053431eac87e32f06bf577,H1_DIRECT_SAFE_HYBRID_KNOWN_K,1,KNOWN_K_FIT_VALID,CONTINUOUS_REFINEMENT_CONVERGED,B1_K1_CONVENTIONAL_SINGLETON_PEAK,1,1,[8 10],[8.0087784275652023 9.9895642555226534],8.0087784275652,9.98956425552265,NaN,NaN,0.0136369187617282,0.00877842756520231,0.0104357444773466,NaN,0,0,10.0679733484594,-26.1905867229501,1,148,315,0.1600793,0,0,0,1,51d3767c9d1bec81e7a08f09e3c9eadac455bb6e99ac78c4fb694c83956b4ac2,B1_DIRECT_CONTINUOUS_KNOWN_K,B1_DIRECT_CONTINUOUS_KNOWN_K,CONTINUOUS_UPGRADE,1,0,0,VALID_CONTINUOUS_WITH_LOG_LIKELIHOOD_NOT_BELOW_B0_ELSE_B0,-27.1921400793304,-26.1905867229501,91,206,0.1431884,148,315,0.1600793,239,521,0.3032677,DOUBLE_COUNTS_SHARED_INITIALIZATION
R1_K1_N1_L1_SP6_ON_GRID,3,1,ON_GRID,WHITE,1,6,2726072801,17b249457ef35544fb0ef812f09f5dad81de428c5a053431eac87e32f06bf577,H2_GROUPED_SAFE_HYBRID_KNOWN_K,1,KNOWN_K_FIT_VALID,CONTINUOUS_REFINEMENT_CONVERGED,B2_K1_GROUPED_Q1_KQ1,1,1,[8 10],[8.0087784275652023 9.9895642555226534],8.0087784275652,9.98956425552265,NaN,NaN,0.0136369187617282,0.00877842756520231,0.0104357444773466,NaN,0,0,10.0679733484594,-26.1905867229501,1,148,315,0.1621938,0,0,0,1,51d3767c9d1bec81e7a08f09e3c9eadac455bb6e99ac78c4fb694c83956b4ac2,B2_GROUPED_CONTINUOUS_KNOWN_K,B2_GROUPED_CONTINUOUS_KNOWN_K,CONTINUOUS_UPGRADE,1,0,0,VALID_CONTINUOUS_WITH_LOG_LIKELIHOOD_NOT_BELOW_B0_ELSE_B0,-27.1921400793304,-26.1905867229501,91,206,0.1431884,148,315,0.1621938,239,521,0.3053822,DOUBLE_COUNTS_SHARED_INITIALIZATION
R1_K1_N1_L1_SP6_INSIDE_OFF_GRID,4,1,INSIDE_OFF_GRID,WHITE,1,6,2726072801,f233936ed090258da8a6381a652c5104ee6b89f7c39ee9d470235e032be7d973,H1_DIRECT_SAFE_HYBRID_KNOWN_K,1,KNOWN_K_FIT_VALID,CONTINUOUS_REFINEMENT_CONVERGED,B1_K1_CONVENTIONAL_SINGLETON_PEAK,1,1,[8.1999999999999993 10],[8.1085087709928096 10.087575626915092],8.10850877099281,10.0875756269151,NaN,NaN,0.0150586928503464,0.00850877099281,0.0124243730849081,NaN,0.141421356237309,1,9.95637003680895,-26.0233835366775,1,189,397,0.1899757,0,0,0,1,51d3767c9d1bec81e7a08f09e3c9eadac455bb6e99ac78c4fb694c83956b4ac2,B1_DIRECT_CONTINUOUS_KNOWN_K,B1_DIRECT_CONTINUOUS_KNOWN_K,CONTINUOUS_UPGRADE,1,0,0,VALID_CONTINUOUS_WITH_LOG_LIKELIHOOD_NOT_BELOW_B0_ELSE_B0,-56.119991906527,-26.0233835366775,91,206,0.1403206,189,397,0.1899757,280,603,0.3302963,DOUBLE_COUNTS_SHARED_INITIALIZATION
R1_K1_N1_L1_SP6_INSIDE_OFF_GRID,4,1,INSIDE_OFF_GRID,WHITE,1,6,2726072801,f233936ed090258da8a6381a652c5104ee6b89f7c39ee9d470235e032be7d973,H2_GROUPED_SAFE_HYBRID_KNOWN_K,1,KNOWN_K_FIT_VALID,CONTINUOUS_REFINEMENT_CONVERGED,B2_K1_GROUPED_Q1_KQ1,1,1,[8.1999999999999993 10],[8.1085087709928096 10.087575626915092],8.10850877099281,10.0875756269151,NaN,NaN,0.0150586928503464,0.00850877099281,0.0124243730849081,NaN,0.141421356237309,1,9.95637003680895,-26.0233835366775,1,189,397,0.1918674,0,0,0,1,51d3767c9d1bec81e7a08f09e3c9eadac455bb6e99ac78c4fb694c83956b4ac2,B2_GROUPED_CONTINUOUS_KNOWN_K,B2_GROUPED_CONTINUOUS_KNOWN_K,CONTINUOUS_UPGRADE,1,0,0,VALID_CONTINUOUS_WITH_LOG_LIKELIHOOD_NOT_BELOW_B0_ELSE_B0,-56.119991906527,-26.0233835366775,91,206,0.1403206,189,397,0.1918674,280,603,0.332188,DOUBLE_COUNTS_SHARED_INITIALIZATION
R1_K1_N1_L8_SM6_ON_GRID,5,1,ON_GRID,WHITE,8,-6,2726072802,0b2aa5ffeb8d613e3653705d7b29f4de126ef238546afce2f94e0d18913e1d40,H1_DIRECT_SAFE_HYBRID_KNOWN_K,1,KNOWN_K_FIT_VALID,CONTINUOUS_REFINEMENT_CONVERGED,B1_K1_CONVENTIONAL_SINGLETON_PEAK,1,1,[8 10],[8.0085681885536015 10.001719723545685],8.0085681885536,10.0017197235457,NaN,NaN,0.00873906769419097,0.00856818855360153,0.00171972354568517,NaN,0,0,98.1082523860641,-233.197155393924,1,148,315,0.1912262,0,0,0,1,51d3767c9d1bec81e7a08f09e3c9eadac455bb6e99ac78c4fb694c83956b4ac2,B1_DIRECT_CONTINUOUS_KNOWN_K,B1_DIRECT_CONTINUOUS_KNOWN_K,CONTINUOUS_UPGRADE,1,0,0,VALID_CONTINUOUS_WITH_LOG_LIKELIHOOD_NOT_BELOW_B0_ELSE_B0,-233.435331561445,-233.197155393924,91,206,0.1742903,148,315,0.1912262,239,521,0.3655165,DOUBLE_COUNTS_SHARED_INITIALIZATION
R1_K1_N1_L8_SM6_ON_GRID,5,1,ON_GRID,WHITE,8,-6,2726072802,0b2aa5ffeb8d613e3653705d7b29f4de126ef238546afce2f94e0d18913e1d40,H2_GROUPED_SAFE_HYBRID_KNOWN_K,1,KNOWN_K_FIT_VALID,CONTINUOUS_REFINEMENT_CONVERGED,B2_K1_GROUPED_Q1_KQ1,1,1,[8 10],[8.0085681885536015 10.001719723545685],8.0085681885536,10.0017197235457,NaN,NaN,0.00873906769419097,0.00856818855360153,0.00171972354568517,NaN,0,0,98.1082523860641,-233.197155393924,1,148,315,0.1749015,0,0,0,1,51d3767c9d1bec81e7a08f09e3c9eadac455bb6e99ac78c4fb694c83956b4ac2,B2_GROUPED_CONTINUOUS_KNOWN_K,B2_GROUPED_CONTINUOUS_KNOWN_K,CONTINUOUS_UPGRADE,1,0,0,VALID_CONTINUOUS_WITH_LOG_LIKELIHOOD_NOT_BELOW_B0_ELSE_B0,-233.435331561445,-233.197155393924,91,206,0.1742903,148,315,0.1749015,239,521,0.3491918,DOUBLE_COUNTS_SHARED_INITIALIZATION
R1_K1_N1_L8_SM6_INSIDE_OFF_GRID,6,1,INSIDE_OFF_GRID,WHITE,8,-6,2726072802,7a3e6c4626b3f5513794e0658fd7701642be294fb34a81d9cc8f77876a813d30,H1_DIRECT_SAFE_HYBRID_KNOWN_K,1,KNOWN_K_FIT_VALID,CONTINUOUS_REFINEMENT_CONVERGED,B1_K1_CONVENTIONAL_SINGLETON_PEAK,1,1,[8.1999999999999993 10.199999999999999],[8.1093262379982836 10.100515135556664],8.10932623799828,10.1005151355567,NaN,NaN,0.0093404539419867,0.00932623799828391,0.000515135556664603,NaN,0.141421356237309,1,98.6749950629919,-233.888365749989,1,189,397,0.2091368,0,0,0,1,51d3767c9d1bec81e7a08f09e3c9eadac455bb6e99ac78c4fb694c83956b4ac2,B1_DIRECT_CONTINUOUS_KNOWN_K,B1_DIRECT_CONTINUOUS_KNOWN_K,CONTINUOUS_UPGRADE,1,0,0,VALID_CONTINUOUS_WITH_LOG_LIKELIHOOD_NOT_BELOW_B0_ELSE_B0,-269.931824124588,-233.888365749989,91,206,0.1702821,189,397,0.2091368,280,603,0.3794189,DOUBLE_COUNTS_SHARED_INITIALIZATION
R1_K1_N1_L8_SM6_INSIDE_OFF_GRID,6,1,INSIDE_OFF_GRID,WHITE,8,-6,2726072802,7a3e6c4626b3f5513794e0658fd7701642be294fb34a81d9cc8f77876a813d30,H2_GROUPED_SAFE_HYBRID_KNOWN_K,1,KNOWN_K_FIT_VALID,CONTINUOUS_REFINEMENT_CONVERGED,B2_K1_GROUPED_Q1_KQ1,1,1,[8.1999999999999993 10.199999999999999],[8.1093262379982836 10.100515135556664],8.10932623799828,10.1005151355567,NaN,NaN,0.0093404539419867,0.00932623799828391,0.000515135556664603,NaN,0.141421356237309,1,98.6749950629919,-233.888365749989,1,189,397,0.212571,0,0,0,1,51d3767c9d1bec81e7a08f09e3c9eadac455bb6e99ac78c4fb694c83956b4ac2,B2_GROUPED_CONTINUOUS_KNOWN_K,B2_GROUPED_CONTINUOUS_KNOWN_K,CONTINUOUS_UPGRADE,1,0,0,VALID_CONTINUOUS_WITH_LOG_LIKELIHOOD_NOT_BELOW_B0_ELSE_B0,-269.931824124588,-233.888365749989,91,206,0.1702821,189,397,0.212571,280,603,0.3828531,DOUBLE_COUNTS_SHARED_INITIALIZATION
R1_K1_N1_L8_SP6_ON_GRID,7,1,ON_GRID,WHITE,8,6,2726072803,c27f7a0fa318422a31dd93fc0a110e1ceb6838df913763de250852ed3cb23742,H1_DIRECT_SAFE_HYBRID_KNOWN_K,1,KNOWN_K_FIT_VALID,CONTINUOUS_REFINEMENT_CONVERGED,B1_K1_CONVENTIONAL_SINGLETON_PEAK,1,1,[8 10],[7.9972303376686051 9.9914309347661749],7.99723033766861,9.99143093476617,NaN,NaN,0.00900554875682192,0.00276966233139486,0.00856906523382506,NaN,0,0,101.46558174926,-237.234934557207,1,148,315,0.0986866,0,0,0,1,51d3767c9d1bec81e7a08f09e3c9eadac455bb6e99ac78c4fb694c83956b4ac2,B1_DIRECT_CONTINUOUS_KNOWN_K,B1_DIRECT_CONTINUOUS_KNOWN_K,CONTINUOUS_UPGRADE,1,0,0,VALID_CONTINUOUS_WITH_LOG_LIKELIHOOD_NOT_BELOW_B0_ELSE_B0,-239.432668012072,-237.234934557207,91,206,0.0641594,148,315,0.0986866,239,521,0.162846,DOUBLE_COUNTS_SHARED_INITIALIZATION
R1_K1_N1_L8_SP6_ON_GRID,7,1,ON_GRID,WHITE,8,6,2726072803,c27f7a0fa318422a31dd93fc0a110e1ceb6838df913763de250852ed3cb23742,H2_GROUPED_SAFE_HYBRID_KNOWN_K,1,KNOWN_K_FIT_VALID,CONTINUOUS_REFINEMENT_CONVERGED,B2_K1_GROUPED_Q1_KQ1,1,1,[8 10],[7.9972303376686051 9.9914309347661749],7.99723033766861,9.99143093476617,NaN,NaN,0.00900554875682192,0.00276966233139486,0.00856906523382506,NaN,0,0,101.46558174926,-237.234934557207,1,148,315,0.1009559,0,0,0,1,51d3767c9d1bec81e7a08f09e3c9eadac455bb6e99ac78c4fb694c83956b4ac2,B2_GROUPED_CONTINUOUS_KNOWN_K,B2_GROUPED_CONTINUOUS_KNOWN_K,CONTINUOUS_UPGRADE,1,0,0,VALID_CONTINUOUS_WITH_LOG_LIKELIHOOD_NOT_BELOW_B0_ELSE_B0,-239.432668012072,-237.234934557207,91,206,0.0641594,148,315,0.1009559,239,521,0.1651153,DOUBLE_COUNTS_SHARED_INITIALIZATION
R1_K1_N1_L8_SP6_INSIDE_OFF_GRID,8,1,INSIDE_OFF_GRID,WHITE,8,6,2726072803,76fa611dc34a8cee4e5469d40a368be358fea6a0682a2075a4abd251b2c3af7b,H1_DIRECT_SAFE_HYBRID_KNOWN_K,1,KNOWN_K_FIT_VALID,CONTINUOUS_REFINEMENT_CONVERGED,B1_K1_CONVENTIONAL_SINGLETON_PEAK,1,1,[8 10],[8.0972120965487111 10.092565221769309],8.09721209654871,10.0925652217693,NaN,NaN,0.00794029804184049,0.00278790345128854,0.0074347782306905,NaN,0.141421356237309,1,103.015253652455,-239.053825685442,1,189,397,0.1494757,0,0,0,1,51d3767c9d1bec81e7a08f09e3c9eadac455bb6e99ac78c4fb694c83956b4ac2,B1_DIRECT_CONTINUOUS_KNOWN_K,B1_DIRECT_CONTINUOUS_KNOWN_K,CONTINUOUS_UPGRADE,1,0,0,VALID_CONTINUOUS_WITH_LOG_LIKELIHOOD_NOT_BELOW_B0_ELSE_B0,-464.199368604457,-239.053825685442,91,206,0.0752837,189,397,0.1494757,280,603,0.2247594,DOUBLE_COUNTS_SHARED_INITIALIZATION
R1_K1_N1_L8_SP6_INSIDE_OFF_GRID,8,1,INSIDE_OFF_GRID,WHITE,8,6,2726072803,76fa611dc34a8cee4e5469d40a368be358fea6a0682a2075a4abd251b2c3af7b,H2_GROUPED_SAFE_HYBRID_KNOWN_K,1,KNOWN_K_FIT_VALID,CONTINUOUS_REFINEMENT_CONVERGED,B2_K1_GROUPED_Q1_KQ1,1,1,[8 10],[8.0972120965487111 10.092565221769309],8.09721209654871,10.0925652217693,NaN,NaN,0.00794029804184049,0.00278790345128854,0.0074347782306905,NaN,0.141421356237309,1,103.015253652455,-239.053825685442,1,189,397,0.1263726,0,0,0,1,51d3767c9d1bec81e7a08f09e3c9eadac455bb6e99ac78c4fb694c83956b4ac2,B2_GROUPED_CONTINUOUS_KNOWN_K,B2_GROUPED_CONTINUOUS_KNOWN_K,CONTINUOUS_UPGRADE,1,0,0,VALID_CONTINUOUS_WITH_LOG_LIKELIHOOD_NOT_BELOW_B0_ELSE_B0,-464.199368604457,-239.053825685442,91,206,0.0752837,189,397,0.1263726,280,603,0.2016563,DOUBLE_COUNTS_SHARED_INITIALIZATION
R1_K1_N2_L1_SM6_ON_GRID,9,1,ON_GRID,STAGE5_TOEPLITZ_CORRELATED,1,-6,2726072804,4a8773235487b03180fc59d7a7d5b642d00ded159d457b258d367d392992a0b8,H1_DIRECT_SAFE_HYBRID_KNOWN_K,1,KNOWN_K_FIT_VALID,CONTINUOUS_REFINEMENT_CONVERGED,B1_K1_CONVENTIONAL_SINGLETON_PEAK,1,1,[8 10],[8.0237882532664049 9.9159517410384286],8.0237882532664,9.91595174103843,NaN,NaN,0.0873498187058107,0.0237882532664049,0.0840482589615714,NaN,0,0,10.0031347867384,-26.0936731093636,1,188,395,0.1502958,0,0,0,1,51d3767c9d1bec81e7a08f09e3c9eadac455bb6e99ac78c4fb694c83956b4ac2,B1_DIRECT_CONTINUOUS_KNOWN_K,B1_DIRECT_CONTINUOUS_KNOWN_K,CONTINUOUS_UPGRADE,1,0,0,VALID_CONTINUOUS_WITH_LOG_LIKELIHOOD_NOT_BELOW_B0_ELSE_B0,-28.761105746906,-26.0936731093636,91,206,0.107439,188,395,0.1502958,279,601,0.2577348,DOUBLE_COUNTS_SHARED_INITIALIZATION
R1_K1_N2_L1_SM6_ON_GRID,9,1,ON_GRID,STAGE5_TOEPLITZ_CORRELATED,1,-6,2726072804,4a8773235487b03180fc59d7a7d5b642d00ded159d457b258d367d392992a0b8,H2_GROUPED_SAFE_HYBRID_KNOWN_K,1,KNOWN_K_FIT_VALID,CONTINUOUS_REFINEMENT_CONVERGED,B2_K1_GROUPED_Q1_KQ1,1,1,[8 10],[8.0237882532664049 9.9159517410384286],8.0237882532664,9.91595174103843,NaN,NaN,0.0873498187058107,0.0237882532664049,0.0840482589615714,NaN,0,0,10.0031347867384,-26.0936731093636,1,188,395,0.1607518,0,0,0,1,51d3767c9d1bec81e7a08f09e3c9eadac455bb6e99ac78c4fb694c83956b4ac2,B2_GROUPED_CONTINUOUS_KNOWN_K,B2_GROUPED_CONTINUOUS_KNOWN_K,CONTINUOUS_UPGRADE,1,0,0,VALID_CONTINUOUS_WITH_LOG_LIKELIHOOD_NOT_BELOW_B0_ELSE_B0,-28.761105746906,-26.0936731093636,91,206,0.107439,188,395,0.1607518,279,601,0.2681908,DOUBLE_COUNTS_SHARED_INITIALIZATION
R1_K1_N2_L1_SM6_INSIDE_OFF_GRID,10,1,INSIDE_OFF_GRID,STAGE5_TOEPLITZ_CORRELATED,1,-6,2726072804,c74726853c5fd61b2e1cc682507136b55af6e60080fcc2ede9a9cfd69c41c8bf,H1_DIRECT_SAFE_HYBRID_KNOWN_K,1,KNOWN_K_FIT_VALID,CONTINUOUS_REFINEMENT_CONVERGED,B1_K1_CONVENTIONAL_SINGLETON_PEAK,1,1,[8.1999999999999993 10],[8.1253915821429548 10.020744298194815],8.12539158214295,10.0207442981948,NaN,NaN,0.0832237869383193,0.0253915821429551,0.0792557018051845,NaN,0.141421356237309,1,10.1268774891432,-26.2780906736411,1,187,393,0.1569793,0,0,0,1,51d3767c9d1bec81e7a08f09e3c9eadac455bb6e99ac78c4fb694c83956b4ac2,B1_DIRECT_CONTINUOUS_KNOWN_K,B1_DIRECT_CONTINUOUS_KNOWN_K,CONTINUOUS_UPGRADE,1,0,0,VALID_CONTINUOUS_WITH_LOG_LIKELIHOOD_NOT_BELOW_B0_ELSE_B0,-30.6948999453732,-26.2780906736411,91,206,0.1066208,187,393,0.1569793,278,599,0.2636001,DOUBLE_COUNTS_SHARED_INITIALIZATION
R1_K1_N2_L1_SM6_INSIDE_OFF_GRID,10,1,INSIDE_OFF_GRID,STAGE5_TOEPLITZ_CORRELATED,1,-6,2726072804,c74726853c5fd61b2e1cc682507136b55af6e60080fcc2ede9a9cfd69c41c8bf,H2_GROUPED_SAFE_HYBRID_KNOWN_K,1,KNOWN_K_FIT_VALID,CONTINUOUS_REFINEMENT_CONVERGED,B2_K1_GROUPED_Q1_KQ1,1,1,[8.1999999999999993 10],[8.1253915821429548 10.020744298194815],8.12539158214295,10.0207442981948,NaN,NaN,0.0832237869383193,0.0253915821429551,0.0792557018051845,NaN,0.141421356237309,1,10.1268774891432,-26.2780906736411,1,187,393,0.1283483,0,0,0,1,51d3767c9d1bec81e7a08f09e3c9eadac455bb6e99ac78c4fb694c83956b4ac2,B2_GROUPED_CONTINUOUS_KNOWN_K,B2_GROUPED_CONTINUOUS_KNOWN_K,CONTINUOUS_UPGRADE,1,0,0,VALID_CONTINUOUS_WITH_LOG_LIKELIHOOD_NOT_BELOW_B0_ELSE_B0,-30.6948999453732,-26.2780906736411,91,206,0.1066208,187,393,0.1283483,278,599,0.2349691,DOUBLE_COUNTS_SHARED_INITIALIZATION
R1_K1_N2_L1_SP6_ON_GRID,11,1,ON_GRID,STAGE5_TOEPLITZ_CORRELATED,1,6,2726072805,e2a69efb82112dac559bde8db50ed4f90e7dbb54bdb8967df82f82a41e95b58f,H1_DIRECT_SAFE_HYBRID_KNOWN_K,1,KNOWN_K_FIT_VALID,CONTINUOUS_REFINEMENT_CONVERGED,B1_K1_CONVENTIONAL_SINGLETON_PEAK,1,1,[8 10],[7.9914187196063109 9.9983353205793914],7.99141871960631,9.99833532057939,NaN,NaN,0.00874125453058717,0.00858128039368911,0.00166467942060855,NaN,0,0,10.3052267216335,-26.5399634996477,1,148,315,0.0839882,0,0,0,1,51d3767c9d1bec81e7a08f09e3c9eadac455bb6e99ac78c4fb694c83956b4ac2,B1_DIRECT_CONTINUOUS_KNOWN_K,B1_DIRECT_CONTINUOUS_KNOWN_K,CONTINUOUS_UPGRADE,1,0,0,VALID_CONTINUOUS_WITH_LOG_LIKELIHOOD_NOT_BELOW_B0_ELSE_B0,-27.5557848207265,-26.5399634996477,91,206,0.0476301,148,315,0.0839882,239,521,0.1316183,DOUBLE_COUNTS_SHARED_INITIALIZATION
R1_K1_N2_L1_SP6_ON_GRID,11,1,ON_GRID,STAGE5_TOEPLITZ_CORRELATED,1,6,2726072805,e2a69efb82112dac559bde8db50ed4f90e7dbb54bdb8967df82f82a41e95b58f,H2_GROUPED_SAFE_HYBRID_KNOWN_K,1,KNOWN_K_FIT_VALID,CONTINUOUS_REFINEMENT_CONVERGED,B2_K1_GROUPED_Q1_KQ1,1,1,[8 10],[7.9914187196063109 9.9983353205793914],7.99141871960631,9.99833532057939,NaN,NaN,0.00874125453058717,0.00858128039368911,0.00166467942060855,NaN,0,0,10.3052267216335,-26.5399634996477,1,148,315,0.0803444,0,0,0,1,51d3767c9d1bec81e7a08f09e3c9eadac455bb6e99ac78c4fb694c83956b4ac2,B2_GROUPED_CONTINUOUS_KNOWN_K,B2_GROUPED_CONTINUOUS_KNOWN_K,CONTINUOUS_UPGRADE,1,0,0,VALID_CONTINUOUS_WITH_LOG_LIKELIHOOD_NOT_BELOW_B0_ELSE_B0,-27.5557848207265,-26.5399634996477,91,206,0.0476301,148,315,0.0803444,239,521,0.1279745,DOUBLE_COUNTS_SHARED_INITIALIZATION
R1_K1_N2_L1_SP6_INSIDE_OFF_GRID,12,1,INSIDE_OFF_GRID,STAGE5_TOEPLITZ_CORRELATED,1,6,2726072805,3b0e869d44de9d497349a24f6adf56e8d2d6f3d447da8f0f429753bd96ad2d78,H1_DIRECT_SAFE_HYBRID_KNOWN_K,1,KNOWN_K_FIT_VALID,CONTINUOUS_REFINEMENT_CONVERGED,B1_K1_CONVENTIONAL_SINGLETON_PEAK,1,1,[8 10],[8.0920699030566574 10.099598405307129],8.09206990305666,10.0995984053071,NaN,NaN,0.00794025917890267,0.00793009694334224,0.000401594692871043,NaN,0.141421356237309,1,10.3920358675423,-26.6657912334996,1,189,397,0.1070332,0,0,0,1,51d3767c9d1bec81e7a08f09e3c9eadac455bb6e99ac78c4fb694c83956b4ac2,B1_DIRECT_CONTINUOUS_KNOWN_K,B1_DIRECT_CONTINUOUS_KNOWN_K,CONTINUOUS_UPGRADE,1,0,0,VALID_CONTINUOUS_WITH_LOG_LIKELIHOOD_NOT_BELOW_B0_ELSE_B0,-64.2379116417234,-26.6657912334996,101,226,0.0661929,189,397,0.1070332,290,623,0.1732261,DOUBLE_COUNTS_SHARED_INITIALIZATION
R1_K1_N2_L1_SP6_INSIDE_OFF_GRID,12,1,INSIDE_OFF_GRID,STAGE5_TOEPLITZ_CORRELATED,1,6,2726072805,3b0e869d44de9d497349a24f6adf56e8d2d6f3d447da8f0f429753bd96ad2d78,H2_GROUPED_SAFE_HYBRID_KNOWN_K,1,KNOWN_K_FIT_VALID,CONTINUOUS_REFINEMENT_CONVERGED,B2_K1_GROUPED_Q1_KQ1,1,1,[8 10.199999999999999],[8.0920698118747758 10.099598404408049],8.09206981187478,10.099598404408,NaN,NaN,0.00794035028956,0.00793018812522384,0.000401595591950965,NaN,0.141421356237309,1,10.392035863928,-26.6657912282827,1,189,397,0.1093683,0,0,0,1,51d3767c9d1bec81e7a08f09e3c9eadac455bb6e99ac78c4fb694c83956b4ac2,B2_GROUPED_CONTINUOUS_KNOWN_K,B2_GROUPED_CONTINUOUS_KNOWN_K,CONTINUOUS_UPGRADE,1,0,0,VALID_CONTINUOUS_WITH_LOG_LIKELIHOOD_NOT_BELOW_B0_ELSE_B0,-64.2379116417234,-26.6657912282827,101,226,0.0661929,189,397,0.1093683,290,623,0.1755612,DOUBLE_COUNTS_SHARED_INITIALIZATION
R1_K1_N2_L8_SM6_ON_GRID,13,1,ON_GRID,STAGE5_TOEPLITZ_CORRELATED,8,-6,2726072806,6029d8d571c9d0fc8fb1a3fbbac11d7ae06f9d3eeaa4004225c71d924adec606,H1_DIRECT_SAFE_HYBRID_KNOWN_K,1,KNOWN_K_FIT_VALID,CONTINUOUS_REFINEMENT_CONVERGED,B1_K1_CONVENTIONAL_SINGLETON_PEAK,1,1,[8 10],[8.0053592578390127 10.011653821400136],8.00535925783901,10.0116538214001,NaN,NaN,0.012827049458519,0.0053592578390127,0.0116538214001363,NaN,0,0,132.246502395797,-269.028691985202,1,148,315,0.0862312,0,0,0,1,51d3767c9d1bec81e7a08f09e3c9eadac455bb6e99ac78c4fb694c83956b4ac2,B1_DIRECT_CONTINUOUS_KNOWN_K,B1_DIRECT_CONTINUOUS_KNOWN_K,CONTINUOUS_UPGRADE,1,0,0,VALID_CONTINUOUS_WITH_LOG_LIKELIHOOD_NOT_BELOW_B0_ELSE_B0,-269.375591397356,-269.028691985202,91,206,0.0598977,148,315,0.0862312,239,521,0.1461289,DOUBLE_COUNTS_SHARED_INITIALIZATION
R1_K1_N2_L8_SM6_ON_GRID,13,1,ON_GRID,STAGE5_TOEPLITZ_CORRELATED,8,-6,2726072806,6029d8d571c9d0fc8fb1a3fbbac11d7ae06f9d3eeaa4004225c71d924adec606,H2_GROUPED_SAFE_HYBRID_KNOWN_K,1,KNOWN_K_FIT_VALID,CONTINUOUS_REFINEMENT_CONVERGED,B2_K1_GROUPED_Q1_KQ1,1,1,[8 10],[8.0053592578390127 10.011653821400136],8.00535925783901,10.0116538214001,NaN,NaN,0.012827049458519,0.0053592578390127,0.0116538214001363,NaN,0,0,132.246502395797,-269.028691985202,1,148,315,0.0840214,0,0,0,1,51d3767c9d1bec81e7a08f09e3c9eadac455bb6e99ac78c4fb694c83956b4ac2,B2_GROUPED_CONTINUOUS_KNOWN_K,B2_GROUPED_CONTINUOUS_KNOWN_K,CONTINUOUS_UPGRADE,1,0,0,VALID_CONTINUOUS_WITH_LOG_LIKELIHOOD_NOT_BELOW_B0_ELSE_B0,-269.375591397356,-269.028691985202,91,206,0.0598977,148,315,0.0840214,239,521,0.1439191,DOUBLE_COUNTS_SHARED_INITIALIZATION
R1_K1_N2_L8_SM6_INSIDE_OFF_GRID,14,1,INSIDE_OFF_GRID,STAGE5_TOEPLITZ_CORRELATED,8,-6,2726072806,f660a1a7513b028e6c2b2112c59fb84ef00a65993b8cdecd23ea62b8a931729c,H1_DIRECT_SAFE_HYBRID_KNOWN_K,1,KNOWN_K_FIT_VALID,CONTINUOUS_REFINEMENT_CONVERGED,B1_K1_CONVENTIONAL_SINGLETON_PEAK,1,1,[8.1999999999999993 10.199999999999999],[8.1069666341814521 10.11114194648405],8.10696663418145,10.1111419464841,NaN,NaN,0.013140660686268,0.00696663418145249,0.0111419464840505,NaN,0.141421356237309,1,132.423585682747,-269.189269236369,1,189,397,0.0995244,0,0,0,1,51d3767c9d1bec81e7a08f09e3c9eadac455bb6e99ac78c4fb694c83956b4ac2,B1_DIRECT_CONTINUOUS_KNOWN_K,B1_DIRECT_CONTINUOUS_KNOWN_K,CONTINUOUS_UPGRADE,1,0,0,VALID_CONTINUOUS_WITH_LOG_LIKELIHOOD_NOT_BELOW_B0_ELSE_B0,-311.715484251811,-269.189269236369,91,206,0.061179,189,397,0.0995244,280,603,0.1607034,DOUBLE_COUNTS_SHARED_INITIALIZATION
R1_K1_N2_L8_SM6_INSIDE_OFF_GRID,14,1,INSIDE_OFF_GRID,STAGE5_TOEPLITZ_CORRELATED,8,-6,2726072806,f660a1a7513b028e6c2b2112c59fb84ef00a65993b8cdecd23ea62b8a931729c,H2_GROUPED_SAFE_HYBRID_KNOWN_K,1,KNOWN_K_FIT_VALID,CONTINUOUS_REFINEMENT_CONVERGED,B2_K1_GROUPED_Q1_KQ1,1,1,[8.1999999999999993 10.199999999999999],[8.1069666341814521 10.11114194648405],8.10696663418145,10.1111419464841,NaN,NaN,0.013140660686268,0.00696663418145249,0.0111419464840505,NaN,0.141421356237309,1,132.423585682747,-269.189269236369,1,189,397,0.1031705,0,0,0,1,51d3767c9d1bec81e7a08f09e3c9eadac455bb6e99ac78c4fb694c83956b4ac2,B2_GROUPED_CONTINUOUS_KNOWN_K,B2_GROUPED_CONTINUOUS_KNOWN_K,CONTINUOUS_UPGRADE,1,0,0,VALID_CONTINUOUS_WITH_LOG_LIKELIHOOD_NOT_BELOW_B0_ELSE_B0,-311.715484251811,-269.189269236369,91,206,0.061179,189,397,0.1031705,280,603,0.1643495,DOUBLE_COUNTS_SHARED_INITIALIZATION
R1_K1_N2_L8_SP6_ON_GRID,15,1,ON_GRID,STAGE5_TOEPLITZ_CORRELATED,8,6,2726072807,ebed3d266e0e1fb77896dc0b3284c2c133eb6c577560d333a0ab2989e2872c98,H1_DIRECT_SAFE_HYBRID_KNOWN_K,1,KNOWN_K_FIT_VALID,CONTINUOUS_REFINEMENT_CONVERGED,B1_K1_CONVENTIONAL_SINGLETON_PEAK,1,1,[8 10],[7.9963380745207076 10.009090910078669],7.99633807452071,10.0090909100787,NaN,NaN,0.00980073182340662,0.00366192547929245,0.00909091007866891,NaN,0,0,95.7963372968079,-230.335511340401,1,148,315,0.0791464,0,0,0,1,51d3767c9d1bec81e7a08f09e3c9eadac455bb6e99ac78c4fb694c83956b4ac2,B1_DIRECT_CONTINUOUS_KNOWN_K,B1_DIRECT_CONTINUOUS_KNOWN_K,CONTINUOUS_UPGRADE,1,0,0,VALID_CONTINUOUS_WITH_LOG_LIKELIHOOD_NOT_BELOW_B0_ELSE_B0,-234.587018044638,-230.335511340401,91,206,0.0517672,148,315,0.0791464,239,521,0.1309136,DOUBLE_COUNTS_SHARED_INITIALIZATION
R1_K1_N2_L8_SP6_ON_GRID,15,1,ON_GRID,STAGE5_TOEPLITZ_CORRELATED,8,6,2726072807,ebed3d266e0e1fb77896dc0b3284c2c133eb6c577560d333a0ab2989e2872c98,H2_GROUPED_SAFE_HYBRID_KNOWN_K,1,KNOWN_K_FIT_VALID,CONTINUOUS_REFINEMENT_CONVERGED,B2_K1_GROUPED_Q1_KQ1,1,1,[8 10],[7.9963380745207076 10.009090910078669],7.99633807452071,10.0090909100787,NaN,NaN,0.00980073182340662,0.00366192547929245,0.00909091007866891,NaN,0,0,95.7963372968079,-230.335511340401,1,148,315,0.0768553,0,0,0,1,51d3767c9d1bec81e7a08f09e3c9eadac455bb6e99ac78c4fb694c83956b4ac2,B2_GROUPED_CONTINUOUS_KNOWN_K,B2_GROUPED_CONTINUOUS_KNOWN_K,CONTINUOUS_UPGRADE,1,0,0,VALID_CONTINUOUS_WITH_LOG_LIKELIHOOD_NOT_BELOW_B0_ELSE_B0,-234.587018044638,-230.335511340401,91,206,0.0517672,148,315,0.0768553,239,521,0.1286225,DOUBLE_COUNTS_SHARED_INITIALIZATION
R1_K1_N2_L8_SP6_INSIDE_OFF_GRID,16,1,INSIDE_OFF_GRID,STAGE5_TOEPLITZ_CORRELATED,8,6,2726072807,3a7384f39d038b55328e04bb33106d55efd0daa521161b17464da1df5c81feef,H1_DIRECT_SAFE_HYBRID_KNOWN_K,1,KNOWN_K_FIT_VALID,CONTINUOUS_REFINEMENT_CONVERGED,B1_K1_CONVENTIONAL_SINGLETON_PEAK,1,1,[8 10.199999999999999],[8.0959209729453896 10.108730588667264],8.09592097294539,10.1087305886673,NaN,NaN,0.00963647446887099,0.00407902705461005,0.00873058866726417,NaN,0.141421356237309,1,95.5331136018212,-230.005328368794,1,189,397,0.1264731,0,0,0,1,51d3767c9d1bec81e7a08f09e3c9eadac455bb6e99ac78c4fb694c83956b4ac2,B1_DIRECT_CONTINUOUS_KNOWN_K,B1_DIRECT_CONTINUOUS_KNOWN_K,CONTINUOUS_UPGRADE,1,0,0,VALID_CONTINUOUS_WITH_LOG_LIKELIHOOD_NOT_BELOW_B0_ELSE_B0,-518.621007178652,-230.005328368794,91,206,0.0619013,189,397,0.1264731,280,603,0.1883744,DOUBLE_COUNTS_SHARED_INITIALIZATION
R1_K1_N2_L8_SP6_INSIDE_OFF_GRID,16,1,INSIDE_OFF_GRID,STAGE5_TOEPLITZ_CORRELATED,8,6,2726072807,3a7384f39d038b55328e04bb33106d55efd0daa521161b17464da1df5c81feef,H2_GROUPED_SAFE_HYBRID_KNOWN_K,1,KNOWN_K_FIT_VALID,CONTINUOUS_REFINEMENT_CONVERGED,B2_K1_GROUPED_Q1_KQ1,1,1,[8 10.199999999999999],[8.0959209729453896 10.108730588667264],8.09592097294539,10.1087305886673,NaN,NaN,0.00963647446887099,0.00407902705461005,0.00873058866726417,NaN,0.141421356237309,1,95.5331136018212,-230.005328368794,1,189,397,0.1149331,0,0,0,1,51d3767c9d1bec81e7a08f09e3c9eadac455bb6e99ac78c4fb694c83956b4ac2,B2_GROUPED_CONTINUOUS_KNOWN_K,B2_GROUPED_CONTINUOUS_KNOWN_K,CONTINUOUS_UPGRADE,1,0,0,VALID_CONTINUOUS_WITH_LOG_LIKELIHOOD_NOT_BELOW_B0_ELSE_B0,-518.621007178652,-230.005328368794,91,206,0.0619013,189,397,0.1149331,280,603,0.1768344,DOUBLE_COUNTS_SHARED_INITIALIZATION
R1_K2_N1_L4_EASY,17,2,EASY,WHITE,4,6,2726072900,ed74e6a91127b9747acaa550a0501a69c8154456c76b4a2685f8c572feb9be4d,H1_DIRECT_SAFE_HYBRID_KNOWN_K,1,VALID_FOR_LRT,REGISTERED_STAGE8_FIXED_GRID_BASELINE,K2_GROUPED_Q1_KQ2,3,2,[7.7999999999999998 10;8.1999999999999993 10],[7.7999999999999998 9.8000000000000007;8 10],7.8,9.8,8,10,0.141681308325435,0.100183813884298,0.100183813884297,0.0171572875253808,0.141681308325435,1,66.3918091700543,-134.757540997683,2,173,397,0.191667,0,0,0,1,dc8a5cd40c3c2ec909dc85aeeeace135c8975b210c4f72e0ea8a50c5aea58994,B0_FIXED_GRID_KNOWN_K,B1_DIRECT_CONTINUOUS_KNOWN_K,FIXED_GRID_FALLBACK,0,1,0,VALID_CONTINUOUS_WITH_LOG_LIKELIHOOD_NOT_BELOW_B0_ELSE_B0,-134.757540997683,NaN,173,397,0.191667,2039,4117,1.8607581,2212,4514,2.0524251,DOUBLE_COUNTS_SHARED_INITIALIZATION
R1_K2_N1_L4_EASY,17,2,EASY,WHITE,4,6,2726072900,ed74e6a91127b9747acaa550a0501a69c8154456c76b4a2685f8c572feb9be4d,H2_GROUPED_SAFE_HYBRID_KNOWN_K,1,KNOWN_K_FIT_VALID,K2_CENTER_DIFFERENCE_MAX_SWEEPS_USABLE,B2_K2_GROUPED_Q1_KQ2,2,1,[7.7999999999999998 10;8.1999999999999993 10],[7.8910398400587134 9.8688002826554833;8.0850878980418646 10.079261063597231],7.89103984005871,9.86880028265548,8.08508789804186,10.0792610635972,0.0299888809840497,0.0149742703465565,0.0259827675635937,0.0181610376748405,0.141681308325435,1,61.4010987406946,-130.068783205192,2,3377,6773,2.6998579,0,0,0,1,bafeb5df6638ebc11cece40f217ca43594c0e98bcfbd2ff8427dbb0b89c5344f,B2_GROUPED_CONTINUOUS_KNOWN_K,B2_GROUPED_CONTINUOUS_KNOWN_K,CONTINUOUS_UPGRADE,1,0,0,VALID_CONTINUOUS_WITH_LOG_LIKELIHOOD_NOT_BELOW_B0_ELSE_B0,-134.757540997683,-130.068783205192,173,397,0.191667,3377,6773,2.6998579,3550,7170,2.8915249,DOUBLE_COUNTS_SHARED_INITIALIZATION
R1_K2_N1_L4_MODERATE,18,2,MODERATE,WHITE,4,0,2726072900,a52a31e4419ab873c8cdaf6153617eef459ccd421ebee899ee7c77ebf1765a9f,H1_DIRECT_SAFE_HYBRID_KNOWN_K,1,KNOWN_K_FIT_VALID,K2_CENTER_DIFFERENCE_MAX_SWEEPS_USABLE,B1_K2_DIRECT_GRID_PAIR_BEST,2,1,[7.7999999999999998 9.8000000000000007;8 10],[7.8484513644487102 9.800201086443737;8.006848212874818 9.9825759821521043],7.84845136444871,9.80020108644374,8.00684821287482,9.9825759821521,0.138460802298205,0.076936220699144,0.11511825101866,0.0925287027991021,0.156242748837837,1,61.7538744374178,-130.412522465572,2,2163,4366,1.9746346,0,0,0,1,bafeb5df6638ebc11cece40f217ca43594c0e98bcfbd2ff8427dbb0b89c5344f,B1_DIRECT_CONTINUOUS_KNOWN_K,B1_DIRECT_CONTINUOUS_KNOWN_K,CONTINUOUS_UPGRADE,1,0,0,VALID_CONTINUOUS_WITH_LOG_LIKELIHOOD_NOT_BELOW_B0_ELSE_B0,-131.63513893984,-130.412522465572,132,316,0.1621078,2163,4366,1.9746346,2295,4682,2.1367424,DOUBLE_COUNTS_SHARED_INITIALIZATION
R1_K2_N1_L4_MODERATE,18,2,MODERATE,WHITE,4,0,2726072900,a52a31e4419ab873c8cdaf6153617eef459ccd421ebee899ee7c77ebf1765a9f,H2_GROUPED_SAFE_HYBRID_KNOWN_K,1,KNOWN_K_FIT_VALID,K2_CENTER_DIFFERENCE_MAX_SWEEPS_USABLE,B2_K2_GROUPED_Q2_KQ1_PLUS_KQ1,2,1,[7.7999999999999998 9.8000000000000007;8 10],[7.8484513644487102 9.800201086443737;8.006848212874818 9.9825759821521043],7.84845136444871,9.80020108644374,8.00684821287482,9.9825759821521,0.138460802298205,0.076936220699144,0.11511825101866,0.0925287027991021,0.156242748837837,1,61.7538744374178,-130.412522465572,2,3543,7105,2.9266499,0,0,0,1,bafeb5df6638ebc11cece40f217ca43594c0e98bcfbd2ff8427dbb0b89c5344f,B2_GROUPED_CONTINUOUS_KNOWN_K,B2_GROUPED_CONTINUOUS_KNOWN_K,CONTINUOUS_UPGRADE,1,0,0,VALID_CONTINUOUS_WITH_LOG_LIKELIHOOD_NOT_BELOW_B0_ELSE_B0,-131.63513893984,-130.412522465572,132,316,0.1621078,3543,7105,2.9266499,3675,7421,3.0887577,DOUBLE_COUNTS_SHARED_INITIALIZATION
R1_K2_N1_L8_EASY,19,2,EASY,WHITE,8,6,2726072901,07ad4a91bd66a8732e4445352e3451044013e3a56fcdd3b8ceedeeda9b2dee6f,H1_DIRECT_SAFE_HYBRID_KNOWN_K,1,VALID_FOR_LRT,REGISTERED_STAGE8_FIXED_GRID_BASELINE,K2_GROUPED_Q1_KQ2,3,2,[8 10;8.1999999999999993 10],[8 10;8.1999999999999993 10.199999999999999],8,10,8.2,10.2,0.141681308325435,0.100183813884297,0.100183813884297,0.0171572875253814,0.145899953956139,1,115.603310786988,-252.888328670563,2,172,396,0.1336711,0,0,0,1,dc8a5cd40c3c2ec909dc85aeeeace135c8975b210c4f72e0ea8a50c5aea58994,B0_FIXED_GRID_KNOWN_K,B1_DIRECT_CONTINUOUS_KNOWN_K,FIXED_GRID_FALLBACK,0,1,0,VALID_CONTINUOUS_WITH_LOG_LIKELIHOOD_NOT_BELOW_B0_ELSE_B0,-252.888328670563,NaN,172,396,0.1336711,2020,4079,1.566664,2192,4475,1.7003351,DOUBLE_COUNTS_SHARED_INITIALIZATION
R1_K2_N1_L8_EASY,19,2,EASY,WHITE,8,6,2726072901,07ad4a91bd66a8732e4445352e3451044013e3a56fcdd3b8ceedeeda9b2dee6f,H2_GROUPED_SAFE_HYBRID_KNOWN_K,1,KNOWN_K_FIT_VALID,K2_CENTER_DIFFERENCE_CONVERGED,B2_K2_GROUPED_Q1_KQ2,2,1,[8 10;8.1999999999999993 10],[7.9702229250402317 9.9762135953788942;8.025547149007302 10.029212078997794],7.97022292504023,9.97621359537889,8.0255471490073,10.0292120789978,0.111758116690858,0.0784324258080204,0.0796130091640611,0.223410331831688,0.145899953956139,1,105.970999339057,-242.448433032668,2,1972,3963,1.5507648,0,0,0,1,bafeb5df6638ebc11cece40f217ca43594c0e98bcfbd2ff8427dbb0b89c5344f,B2_GROUPED_CONTINUOUS_KNOWN_K,B2_GROUPED_CONTINUOUS_KNOWN_K,CONTINUOUS_UPGRADE,1,0,0,VALID_CONTINUOUS_WITH_LOG_LIKELIHOOD_NOT_BELOW_B0_ELSE_B0,-252.888328670563,-242.448433032668,172,396,0.1336711,1972,3963,1.5507648,2144,4359,1.6844359,DOUBLE_COUNTS_SHARED_INITIALIZATION
R1_K2_N1_L8_MODERATE,20,2,MODERATE,WHITE,8,0,2726072901,d69cd01186eb850fd08220e93455af2483a6a71599cc1456f0922dca50d7311b,H1_DIRECT_SAFE_HYBRID_KNOWN_K,1,VALID_FOR_LRT,REGISTERED_STAGE8_FIXED_GRID_BASELINE,K2_GROUPED_Q1_KQ2,3,2,[8 10;8.1999999999999993 10],[8 10;8.1999999999999993 10.199999999999999],8,10,8.2,10.2,0.156242748837836,0.11048030721446,0.110480307214461,0.132842712474616,0.122549574794047,0,107.020468714665,-243.630990675981,2,172,396,0.1357517,0,0,0,1,dc8a5cd40c3c2ec909dc85aeeeace135c8975b210c4f72e0ea8a50c5aea58994,B0_FIXED_GRID_KNOWN_K,B1_DIRECT_CONTINUOUS_KNOWN_K,FIXED_GRID_FALLBACK,0,1,0,VALID_CONTINUOUS_WITH_LOG_LIKELIHOOD_NOT_BELOW_B0_ELSE_B0,-243.630990675981,NaN,172,396,0.1357517,1979,3997,1.5543484,2151,4393,1.6901001,DOUBLE_COUNTS_SHARED_INITIALIZATION
R1_K2_N1_L8_MODERATE,20,2,MODERATE,WHITE,8,0,2726072901,d69cd01186eb850fd08220e93455af2483a6a71599cc1456f0922dca50d7311b,H2_GROUPED_SAFE_HYBRID_KNOWN_K,1,VALID_FOR_LRT,REGISTERED_STAGE8_FIXED_GRID_BASELINE,K2_GROUPED_Q1_KQ2,3,2,[8 10;8.1999999999999993 10],[8 10;8.1999999999999993 10.199999999999999],8,10,8.2,10.2,0.156242748837836,0.11048030721446,0.110480307214461,0.132842712474616,0.122549574794047,0,107.020468714665,-243.630990675981,2,172,396,0.1357517,0,0,0,1,dc8a5cd40c3c2ec909dc85aeeeace135c8975b210c4f72e0ea8a50c5aea58994,B0_FIXED_GRID_KNOWN_K,B2_GROUPED_CONTINUOUS_KNOWN_K,FIXED_GRID_FALLBACK,0,1,0,VALID_CONTINUOUS_WITH_LOG_LIKELIHOOD_NOT_BELOW_B0_ELSE_B0,-243.630990675981,NaN,172,396,0.1357517,3561,7140,2.8501578,3733,7536,2.9859095,DOUBLE_COUNTS_SHARED_INITIALIZATION
R1_K2_N2_L4_EASY,21,2,EASY,STAGE5_TOEPLITZ_CORRELATED,4,6,2726072902,196ef89d2507d6907cab57e51ae70bdfb390e198e652b61005efc9fd2f710e88,H1_DIRECT_SAFE_HYBRID_KNOWN_K,1,VALID_FOR_LRT,REGISTERED_STAGE8_FIXED_GRID_BASELINE,K2_GROUPED_Q1_KQ2,3,2,[7.7999999999999998 10;8.1999999999999993 10],[7.7999999999999998 9.8000000000000007;8 10],7.8,9.8,8,10,0.141681308325435,0.100183813884298,0.100183813884297,0.0171572875253808,0.141681308325435,1,49.8296307359851,-117.539707525034,2,191,435,0.1622622,0,0,0,1,dc8a5cd40c3c2ec909dc85aeeeace135c8975b210c4f72e0ea8a50c5aea58994,B0_FIXED_GRID_KNOWN_K,B1_DIRECT_CONTINUOUS_KNOWN_K,FIXED_GRID_FALLBACK,0,1,0,VALID_CONTINUOUS_WITH_LOG_LIKELIHOOD_NOT_BELOW_B0_ELSE_B0,-117.539707525034,NaN,191,435,0.1622622,2020,4079,1.5854082,2211,4514,1.7476704,DOUBLE_COUNTS_SHARED_INITIALIZATION
R1_K2_N2_L4_EASY,21,2,EASY,STAGE5_TOEPLITZ_CORRELATED,4,6,2726072902,196ef89d2507d6907cab57e51ae70bdfb390e198e652b61005efc9fd2f710e88,H2_GROUPED_SAFE_HYBRID_KNOWN_K,1,KNOWN_K_FIT_VALID,K2_CENTER_DIFFERENCE_MAX_SWEEPS_USABLE,B2_K2_GROUPED_Q1_KQ2,2,1,[7.7999999999999998 10;8.1999999999999993 10],[7.9391208554025523 9.9398377184955446;8.0446745293325996 10.046956183594899],7.93912085540255,9.93983771849554,8.0446745293326,10.0469561835949,0.0755377177590239,0.0539016151589132,0.0529203428513306,0.149622179636207,0.141681308325435,1,43.8451896844635,-109.863020226,2,3434,6887,2.6752822,0,0,0,1,bafeb5df6638ebc11cece40f217ca43594c0e98bcfbd2ff8427dbb0b89c5344f,B2_GROUPED_CONTINUOUS_KNOWN_K,B2_GROUPED_CONTINUOUS_KNOWN_K,CONTINUOUS_UPGRADE,1,0,0,VALID_CONTINUOUS_WITH_LOG_LIKELIHOOD_NOT_BELOW_B0_ELSE_B0,-117.539707525034,-109.863020226,191,435,0.1622622,3434,6887,2.6752822,3625,7322,2.8375444,DOUBLE_COUNTS_SHARED_INITIALIZATION
R1_K2_N2_L4_MODERATE,22,2,MODERATE,STAGE5_TOEPLITZ_CORRELATED,4,0,2726072902,c51b59e3627835a8d05c03816f5b7fbd3b81fd769024b28d3ae5688def19dc0c,H1_DIRECT_SAFE_HYBRID_KNOWN_K,1,VALID_FOR_LRT,REGISTERED_STAGE8_FIXED_GRID_BASELINE,K2_GROUPED_Q1_KQ2,3,2,[7.7999999999999998 10;8.1999999999999993 10],[7.7999999999999998 9.8000000000000007;8 10],7.8,9.8,8,10,0.156242748837837,0.110480307214462,0.110480307214461,0.132842712474617,0.156242748837837,1,44.8059691898743,-111.163601701072,2,211,475,0.183648,0,0,0,1,dc8a5cd40c3c2ec909dc85aeeeace135c8975b210c4f72e0ea8a50c5aea58994,B0_FIXED_GRID_KNOWN_K,B1_DIRECT_CONTINUOUS_KNOWN_K,FIXED_GRID_FALLBACK,0,1,0,VALID_CONTINUOUS_WITH_LOG_LIKELIHOOD_NOT_BELOW_B0_ELSE_B0,-111.163601701072,NaN,211,475,0.183648,2089,4217,1.6086317,2300,4692,1.7922797,DOUBLE_COUNTS_SHARED_INITIALIZATION
R1_K2_N2_L4_MODERATE,22,2,MODERATE,STAGE5_TOEPLITZ_CORRELATED,4,0,2726072902,c51b59e3627835a8d05c03816f5b7fbd3b81fd769024b28d3ae5688def19dc0c,H2_GROUPED_SAFE_HYBRID_KNOWN_K,1,VALID_FOR_LRT,REGISTERED_STAGE8_FIXED_GRID_BASELINE,K2_GROUPED_Q1_KQ2,3,2,[7.7999999999999998 10;8.1999999999999993 10],[7.7999999999999998 9.8000000000000007;8 10],7.8,9.8,8,10,0.156242748837837,0.110480307214462,0.110480307214461,0.132842712474617,0.156242748837837,1,44.8059691898743,-111.163601701072,2,211,475,0.183648,0,0,0,1,dc8a5cd40c3c2ec909dc85aeeeace135c8975b210c4f72e0ea8a50c5aea58994,B0_FIXED_GRID_KNOWN_K,B2_GROUPED_CONTINUOUS_KNOWN_K,FIXED_GRID_FALLBACK,0,1,0,VALID_CONTINUOUS_WITH_LOG_LIKELIHOOD_NOT_BELOW_B0_ELSE_B0,-111.163601701072,NaN,211,475,0.183648,3541,7100,2.7847579,3752,7575,2.9684059,DOUBLE_COUNTS_SHARED_INITIALIZATION
R1_K2_N2_L8_EASY,23,2,EASY,STAGE5_TOEPLITZ_CORRELATED,8,6,2726072903,492469d85099a5f8c69a1bc81d1bd90c31f02f777eabfc78552e94567d1170a3,H1_DIRECT_SAFE_HYBRID_KNOWN_K,1,VALID_FOR_LRT,REGISTERED_STAGE8_FIXED_GRID_BASELINE,K2_GROUPED_Q1_KQ2,3,2,[8 10;8.4000000000000004 10],[8 10;8.1999999999999993 10.199999999999999],8,10,8.2,10.2,0.141681308325435,0.100183813884297,0.100183813884297,0.0171572875253814,0.245099149588095,1,121.422632187066,-258.781851707949,2,192,436,0.151952,0,0,0,1,dc8a5cd40c3c2ec909dc85aeeeace135c8975b210c4f72e0ea8a50c5aea58994,B0_FIXED_GRID_KNOWN_K,B1_DIRECT_CONTINUOUS_KNOWN_K,FIXED_GRID_FALLBACK,0,1,0,VALID_CONTINUOUS_WITH_LOG_LIKELIHOOD_NOT_BELOW_B0_ELSE_B0,-258.781851707949,NaN,192,436,0.151952,2003,4045,1.6176063,2195,4481,1.7695583,DOUBLE_COUNTS_SHARED_INITIALIZATION
R1_K2_N2_L8_EASY,23,2,EASY,STAGE5_TOEPLITZ_CORRELATED,8,6,2726072903,492469d85099a5f8c69a1bc81d1bd90c31f02f777eabfc78552e94567d1170a3,H2_GROUPED_SAFE_HYBRID_KNOWN_K,1,VALID_FOR_LRT,REGISTERED_STAGE8_FIXED_GRID_BASELINE,K2_GROUPED_Q1_KQ2,3,2,[8 10;8.4000000000000004 10],[8 10;8.1999999999999993 10.199999999999999],8,10,8.2,10.2,0.141681308325435,0.100183813884297,0.100183813884297,0.0171572875253814,0.245099149588095,1,121.422632187066,-258.781851707949,2,192,436,0.151952,0,0,0,1,dc8a5cd40c3c2ec909dc85aeeeace135c8975b210c4f72e0ea8a50c5aea58994,B0_FIXED_GRID_KNOWN_K,B2_GROUPED_CONTINUOUS_KNOWN_K,FIXED_GRID_FALLBACK,0,1,0,VALID_CONTINUOUS_WITH_LOG_LIKELIHOOD_NOT_BELOW_B0_ELSE_B0,-258.781851707949,NaN,192,436,0.151952,3396,6810,2.7672178,3588,7246,2.9191698,DOUBLE_COUNTS_SHARED_INITIALIZATION
R1_K2_N2_L8_MODERATE,24,2,MODERATE,STAGE5_TOEPLITZ_CORRELATED,8,0,2726072903,6576d82debfbdc1cd83d41dc6d60cb2bebc4cb78c010362c6c9f7a9acf8f6a67,H1_DIRECT_SAFE_HYBRID_KNOWN_K,1,KNOWN_K_FIT_VALID,K2_CENTER_DIFFERENCE_MAX_SWEEPS_USABLE,B1_K2_DIRECT_GRID_PAIR_BEST,2,1,[8 10;8.1999999999999993 10.199999999999999],[8.0053496195686122 9.9990832874929385;8.2137002452385985 10.19277031058421],8.00534961956861,9.99908328749294,8.2137002452386,10.1927703105842,0.160413705912886,0.120876987477372,0.105457626291801,0.134683264779329,0.156242748837836,0,112.3323230079,-249.443974885945,2,1972,3984,1.5762256,0,0,0,1,bafeb5df6638ebc11cece40f217ca43594c0e98bcfbd2ff8427dbb0b89c5344f,B1_DIRECT_CONTINUOUS_KNOWN_K,B1_DIRECT_CONTINUOUS_KNOWN_K,CONTINUOUS_UPGRADE,1,0,0,VALID_CONTINUOUS_WITH_LOG_LIKELIHOOD_NOT_BELOW_B0_ELSE_B0,-249.752587099424,-249.443974885945,192,436,0.1523503,1972,3984,1.5762256,2164,4420,1.7285759,DOUBLE_COUNTS_SHARED_INITIALIZATION
R1_K2_N2_L8_MODERATE,24,2,MODERATE,STAGE5_TOEPLITZ_CORRELATED,8,0,2726072903,6576d82debfbdc1cd83d41dc6d60cb2bebc4cb78c010362c6c9f7a9acf8f6a67,H2_GROUPED_SAFE_HYBRID_KNOWN_K,1,VALID_FOR_LRT,REGISTERED_STAGE8_FIXED_GRID_BASELINE,K2_GROUPED_Q1_KQ2,3,2,[8 10;8.5999999999999996 10],[8 10;8.1999999999999993 10.199999999999999],8,10,8.2,10.2,0.156242748837836,0.11048030721446,0.110480307214461,0.132842712474616,0.392180054116225,1,112.621587532896,-249.752587099424,2,192,436,0.1523503,0,0,0,1,dc8a5cd40c3c2ec909dc85aeeeace135c8975b210c4f72e0ea8a50c5aea58994,B0_FIXED_GRID_KNOWN_K,B2_GROUPED_CONTINUOUS_KNOWN_K,FIXED_GRID_FALLBACK,0,1,0,VALID_CONTINUOUS_WITH_LOG_LIKELIHOOD_NOT_BELOW_B0_ELSE_B0,-249.752587099424,NaN,192,436,0.1523503,1812,3642,1.4278403,2004,4078,1.5801906,DOUBLE_COUNTS_SHARED_INITIALIZATION
