trial_id,noise_profile_id,L,SNR,snr_db,profile_id,element_trial_hash,K1_center_deg,K1_center_error_deg,metric_rank,metric_condition,metric_eigenvalues,direction_hat,direction_true,direction_error_deg,rho_hat_deg,rho_true_deg,rho_error_deg,rho_max_deg,raw_tangent_candidate_valid,raw_tangent_loglik,upgrade_flag,fallback_flag,fallback_reason,endpoint_in_domain_flag,full_manifold_profile_used_flag,q,p_minus,Gamma_K2_proxy,selected_source,truth_used_in_fit_flag,direction_oriented_error_deg_original,direction_axis_error_deg,rho_relative_error,selected_separation_deg,selected_separation_error_deg,joint_RMSE_deg,separation_vector_error_deg,rho_at_registered_lower_bound_flag
TP1_K2_N1_L1_SM6_P1,WHITE,1,-6,-6,P1,984bad696a0febf494ab460bd9d6b7a70c485a11b818490c10325c77e422ed92,[7.9558488733844888 9.9032553518534456],0.106343071830841,2,1.94122913233353,[2191741.4301944794 4254672.3148358818],[-0.52963650468297419 0.84822471840143976],[0.70710678118654746 0.70710678118654746],76.9808982039255,0.001,0.3,0.299,0.243462256200313,1,-27.2262206703117,0,1,TANGENT_LOGLIK_BELOW_FIXED_GRID,1,1,88.1505156159949,0.0250006925292224,1.10191196860395,FIXED_GRID_FALLBACK,0,76.9808982039255,76.9808982039255,0.996666666666667,0.632455532033675,0.332455532033675,0.240098284578658,0.388057656837817,1
TP1_K2_N1_L1_SM6_P2,WHITE,1,-6,-6,P2,652bdeec1a071e2b177d30869787f2306e53efe1d1875242b50d8518dfd6cac1,[8.1195673191131039 10.038548310816642],0.0891929841493691,2,1.94090883590102,[2190182.9813515935 4250945.5007453533],[-0.75216981122709248 0.65896932787391549],[1 0],138.778684828049,0.001,0.2,0.199,0.49001275887684,1,-27.1790679431743,1,0,NOT_APPLICABLE,1,1,51.8069369025886,0.530647199301328,13.7456029858696,TANGENT_PROFILE_UPGRADE,0,138.778684828049,41.2213151719506,0.995,0.00100000000000024,0.199,0.133717693071436,0.199248919885425,1
TP1_K2_N1_L1_SM6_P3,WHITE,1,-6,-6,P3,fe02f667556db2a93b3891e81e7f2c4e4a03a0a4efb2a634acb6fdab773c9779,[8.0005942950546132 10.199999999999999],0.141842208800957,2,1.94058186269997,[2188425.9676999426 4246819.7407801319],[0.0099891710600426703 0.9999501069861102],[0 1],0.572346861309554,NaN,0.15,NaN,0,0,NaN,0,1,TANGENT_PROFILE_NO_FEASIBLE_SCALE,0,0,15.0068023543143,100.817528268165,756.47436028542,FIXED_GRID_FALLBACK,0,0.572346861309554,0.572346861309554,NaN,0.199999999999999,0.0499999999999993,0.103077640640441,0.0500000000000007,0
TP1_K2_N1_L1_SM6_P4,WHITE,1,-6,-6,P4,fd59f10795f9b4ea86f5bd8912c47704d5f45eef353578dd0937a6a20f93fcae,[8.1120129372803813 9.880666499025482],0.070366504954316,2,1.94117904998563,[2192002.959493475 4255070.2224752372],[0.20453329843309367 0.97885960680379447],[-0.70710678118654746 0.70710678118654746],56.8021801532977,0.001,0.1,0.099,0.164817300590993,1,-28.422543916096,0,1,TANGENT_LOGLIK_BELOW_FIXED_GRID,1,1,9.83738744086221,0.129555009301833,0.63724141070332,FIXED_GRID_FALLBACK,0,56.8021801532977,56.8021801532977,0.99,0.282842712474619,0.182842712474619,0.266191405526679,0.182842712474619,1
TP1_K2_N1_L1_SP0_P1,WHITE,1,0,0,P1,69c1f2c361e00835ced46cedc265961b39332fff744768646410904726e8261d,[7.968616206696348 10.013451493198845],0.0341450604246783,2,1.9410402638525,[2190468.4006164586 4251787.3622931372],[0.82020430399239397 0.57207071216096383],[0.70710678118654746 0.70710678118654746],10.1052505967149,0.544471765916973,0.3,0.244471765916973,0.652186881221302,1,-25.932493249974,1,0,NOT_APPLICABLE,1,1,88.1505156159949,0.139687503967038,6.15676274990288,TANGENT_PROFILE_UPGRADE,0,10.1052505967149,10.1052505967149,0.81490588638991,0.544471765916974,0.244471765916974,0.131812162633394,0.254625694435478,0
TP1_K2_N1_L1_SP0_P2,WHITE,1,0,0,P2,48afd969aa27de5d2b6e8a20c6a93c02387558c426838f644d18adbd8be4de02,[8.1050491845627004 9.9844452855400636],0.0962164564621778,2,1.94102530722338,[2190791.9111801223 4252382.5424608942],[0.94230665856322726 0.33475089428917915],[1 0],19.5573906713294,0.653712442963079,0.2,0.453712442963079,1.05050900561813,1,-32.0903250216436,1,0,NOT_APPLICABLE,1,1,51.8069369025886,2.11766277123735,54.8548107852272,TANGENT_PROFILE_UPGRADE,0,19.5573906713294,19.5573906713294,2.26856221481539,0.653712442963078,0.453712442963078,0.253954399915325,0.470043533057161,0
TP1_K2_N1_L1_SP0_P3,WHITE,1,0,0,P3,55a3b9f5727118b1d04667e9aca3536d1549fbf78c01d8352415d520be9df5b8,[7.8935569366385385 10.102231834771432],0.00681866203347747,2,1.94086961806013,[2189494.6000023657 4249523.5480513126],[0.13518879988585794 0.99081985667699524],[0 1],7.76953740907083,0.197348013505626,0.15,0.0473480135056262,0.197348013505626,1,-25.0388767507687,1,0,NOT_APPLICABLE,1,1,15.0068023543143,5.13343948335284e-05,0.000385182558622547,TANGENT_PROFILE_UPGRADE,0,7.76953740907083,7.76953740907083,0.31565342337084,0.197348013505626,0.0473480135056263,0.0272548890347395,0.0527763137920479,0
TP1_K2_N1_L1_SP0_P4,WHITE,1,0,0,P4,65feeb06e919c72394440bf1e0798b7f519199dd7174d2524e574e756ad26164,[8.1421590934282921 9.9353394975688847],0.0446354062402059,2,1.94108447632594,[2191357.8300524261 4253610.6659900676],[-0.50768439309217883 0.86154312545027367],[-0.70710678118654746 0.70710678118654746],14.4902889452625,0.001,0.1,0.099,0.314179275699404,1,-34.3093371155122,0,1,TANGENT_LOGLIK_BELOW_FIXED_GRID,1,1,9.83738744086221,0.389466193505018,1.91566492031334,FIXED_GRID_FALLBACK,0,14.4902889452625,14.4902889452625,0.99,0.447213595499958,0.347213595499958,0.379192294969721,0.353761482156572,1
TP1_K2_N1_L1_SP6_P1,WHITE,1,6,6,P1,ed0a09c2b25df0a4408e6fd81e86f3bc2724a2b44041227bfce9356f5e973a6c,[7.9950523899434671 9.9978359853295249],0.0054001671053345,2,1.94105854549213,[2190643.6748216152 4252167.6251407834],[0.8905893777824353 0.45480826749422132],[0.70710678118654746 0.70710678118654746],17.9474014981486,0.222797965944326,0.3,0.0772020340556739,0.869975325732344,1,-31.368211457278,0,1,TANGENT_LOGLIK_BELOW_FIXED_GRID,1,1,88.1505156159949,1.17933020139765,51.9792826673588,FIXED_GRID_FALLBACK,0,17.9474014981486,17.9474014981486,0.257340113518913,0.447213595499958,0.147213595499958,0.242611602552744,0.18825928602022,0
TP1_K2_N1_L1_SP6_P2,WHITE,1,6,6,P2,fd2f571293d986ec30ac620050988d1b8749b0445aa405b23d9dfa6ffc2f8a15,[8.1677014607186464 10.021541564635756],0.038823120001689,2,1.94091524663496,[2190370.1935367784 4251322.9044102915],[-0.99060812962123923 0.1367316112985954],[1 0],172.141237481279,0.160369537781701,0.2,0.0396304622182987,0.8727942490168,1,-29.9303526780637,1,0,NOT_APPLICABLE,1,1,51.8069369025886,1.40959609004823,36.5134278476322,TANGENT_PROFILE_UPGRADE,0,172.141237481279,7.85876251872057,0.198152311091495,0.160369537781701,0.0396304622182986,0.0452823919612167,0.0466158932152423,0
TP1_K2_N1_L1_SP6_P3,WHITE,1,6,6,P3,00c950b057f133049a4c539ff527da1160d694f52810f84a5219faad1a077c8d,[7.8881296346297036 10.085407035854949],0.018811171589326,2,1.9409129758518,[2189677.131768276 4249972.7579749897],[-0.074094897662436737 0.99725119510602389],[0 1],4.24921905817732,0.229817652177127,0.15,0.0798176521771267,0.229817652177127,1,-33.1967010228817,1,0,NOT_APPLICABLE,1,1,15.0068023543143,5.99507749023018,44.9834714973414,TANGENT_PROFILE_UPGRADE,0,4.24921905817732,4.24921905817732,0.532117681180847,0.229817652177127,0.0798176521771267,0.0446537105721049,0.0809961404338317,0
TP1_K2_N1_L1_SP6_P4,WHITE,1,6,6,P4,77e775bd5a80d3e75f1b6a0e8f8d72add3500498483c01486f016d418d537a61,[8.1213442455025575 9.927395368142065],0.0310893261024777,2,1.94110893361732,[2191451.6627698555 4253846.4001930915],[-0.73109903784834207 0.68227135133847472],[-0.70710678118654746 0.70710678118654746],1.97860956822272,0.197870087393432,0.1,0.0978700873934319,0.373444870262077,1,-13.1553613462428,1,0,NOT_APPLICABLE,1,1,9.83738744086221,4.02513674589561,19.7984148359132,TANGENT_PROFILE_UPGRADE,0,1.97860956822272,1.97860956822272,0.97870087393432,0.19787008739343,0.0978700873934299,0.0580265744271778,0.0979905534681095,0
TP1_K2_N1_L4_SM6_P1,WHITE,4,-6,-6,P1,7cb9cd454ddfd92dac0c03478f21c695a15f992806590938d2288af539b77233,[7.9951219036740557 9.9555739178763343],0.044693093388396,2,1.94113308779032,[2191127.902839608 4253270.8717825692],[0.63440814962092895 0.77299825335801964],[0.70710678118654746 0.70710678118654746],5.62389815890549,0.326429546701686,0.3,0.0264295467016858,0.40252074878694,1,-100.254125773156,1,0,NOT_APPLICABLE,1,1,88.1505156159949,0.251188643150957,44.284816821278,TANGENT_PROFILE_UPGRADE,0,5.62389815890549,5.62389815890536,0.08809848900562,0.326429546701685,0.0264295467016848,0.0490692130424101,0.0405124707702478,0
TP1_K2_N1_L4_SM6_P2,WHITE,4,-6,-6,P2,3a46c70551ac29c22722062996aeb1cafcf9dd69f6e4476cd16104aef00a062b,[8.1940770986670728 10.051527932145387],0.0518672203938014,2,1.94083334695871,[2190036.3298554905 4250495.5400346098],[-0.95784571895035597 0.28728309850820616],[1 0],163.304631194565,0.001,0.2,0.199,0.847574704990596,1,-115.18821952557,1,0,NOT_APPLICABLE,1,1,51.8069369025886,0.251188643150958,26.0266283727371,TANGENT_PROFILE_UPGRADE,0,163.304631194565,16.6953688054349,0.995,0.0010000000000002,0.199,0.112225995114697,0.199042361602799,1
TP1_K2_N1_L4_SM6_P3,WHITE,4,-6,-6,P3,82c9b7fbc7ba9f8f2df312192d40cd07d6d20ae47c369bd01463a5bef36118d4,[7.915251509016775 10.076477637851571],0.0280340872569552,2,1.94092385643054,[2189773.5441958886 4250183.7121102531],[-0.74219577106410695 0.67018313722038392],[0 1],47.9187990064779,0.368622710087105,0.15,0.218622710087105,0.368622710087105,1,-109.460762789566,0,1,TANGENT_LOGLIK_BELOW_FIXED_GRID,1,1,15.0068023543143,0.0303710969517914,0.911546098478501,FIXED_GRID_FALLBACK,0,47.9187990064779,47.9187990064779,1.45748473391403,0.824621125123531,0.674621125123531,0.413067791046457,0.801560977094069,0
TP1_K2_N1_L4_SM6_P4,WHITE,4,-6,-6,P4,941ca0a6b448410d88deeac19bf6eef21b279faa6dce479509694ebab2b1ed77,[8.1591807594880201 9.9222256247389442],0.0653741402598981,2,1.94109325120296,[2191510.7139840629 4253926.6568534542],[-0.90520600866380319 0.42497303664932268],[-0.70710678118654746 0.70710678118654746],19.851043267464,0.11175445262186,0.1,0.0117544526218601,0.575215904061231,1,-107.683243668366,1,0,NOT_APPLICABLE,1,1,9.83738744086221,0.958338008002654,18.8550845680524,TANGENT_PROFILE_UPGRADE,0,19.851043267464,19.851043267464,0.1175445262186,0.11175445262186,0.0117544526218597,0.068120115796439,0.0382921381695732,0
TP1_K2_N1_L4_SP0_P1,WHITE,4,0,0,P1,72041e3a05e8f40e2d41a61fcb9e6c5575717161b9d8ddb97b1ea6fe7c49ecb8,[7.9984396897958625 9.9913939491596224],0.00874635232541539,2,1.94106905627443,[2190716.6678104643 4252332.33495152],[0.7034638436024111 0.71073104670059417],[0.70710678118654746 0.70710678118654746],0.294426464285216,0.458015370793035,0.3,0.158015370793035,0.538583336265171,1,-122.114341375306,1,0,NOT_APPLICABLE,1,1,88.1505156159949,0.999999999999997,176.301031231989,TANGENT_PROFILE_UPGRADE,0,0.294426464285216,0.29442646428274,0.52671790264345,0.458015370793034,0.158015370793034,0.0794960383753917,0.158026851368765,0
TP1_K2_N1_L4_SP0_P2,WHITE,4,0,0,P2,02106353a1413be9ce6e2a73862e255d1ef8eb89aee4c10a9786c691d76e6f07,[8.1327701451732555 9.9982053781400975],0.0672538032206736,2,1.94098329186524,[2190634.3233410157 4251984.6201914251],[-0.94942365619275682 0.31399796346724573],[1 0],161.699667633946,0.296998375016944,0.2,0.0969983750169439,0.984238915428677,1,-119.164106997597,1,0,NOT_APPLICABLE,1,1,51.8069369025886,1,103.613873805177,TANGENT_PROFILE_UPGRADE,0,161.699667633946,18.3003323660537,0.48499187508472,0.296998375016944,0.0969983750169441,0.0915278888051726,0.124165701890449,0
TP1_K2_N1_L4_SP0_P3,WHITE,4,0,0,P3,020585e18e5450777ad0cfbd95d18ad9a61eb1a3197532daac5ca2fb940f3db1,[7.9183974922291176 10.097700738910824],0.0185406127697179,2,1.94087103837919,[2189542.9699466685 4249620.5376562569],[-0.17073317228206833 0.9853173011180214],[0 1],9.83044996704072,0.001,0.15,0.149,0.207647345627847,1,-114.546775658531,1,0,NOT_APPLICABLE,1,1,15.0068023543143,0.980764086005993,29.4362655898033,TANGENT_PROFILE_UPGRADE,0,9.83044996704072,9.83044996704072,0.993333333333333,0.0010000000000008,0.148999999999999,0.0767795905452264,0.149014780507384,1
TP1_K2_N1_L4_SP0_P4,WHITE,4,0,0,P4,969d3fc254f01d37c87e580f5ef539d1454a21462d92d89f0dbf62c40fbe3ce7,[8.09967420248271 9.9542654164324613],0.00427784073623472,2,1.94108015819019,[2191139.28921289 4253176.9981221035],[-0.32203036611781427 0.94672934004287967],[-0.70710678118654746 0.70710678118654746],26.2142426505544,0.325891276223622,0.1,0.225891276223622,0.325891276223622,1,-105.033410478662,1,0,NOT_APPLICABLE,1,1,9.83738744086221,0.217718602360647,4.2835644890094,TANGENT_PROFILE_UPGRADE,0,26.2142426505544,26.2142426505544,2.25891276223622,0.325891276223622,0.225891276223622,0.120212045660315,0.240271812749421,0
TP1_K2_N1_L4_SP6_P1,WHITE,4,6,6,P1,3e4be02797687b5e6ed491466e35c2ca0baf52b0904efecf8cd3758a412a8f6b,[8.0050126874351619 10.000259374851291],0.00501939345300929,2,1.94104910404059,[2190615.9107847735 4252093.0509258416],[0.71503450616469144 0.69908916097577711],[0.70710678118654746 0.70710678118654746],0.646027138225548,0.317436184391525,0.3,0.0174361843915251,0.571431045704996,1,-130.453205541078,1,0,NOT_APPLICABLE,1,1,88.1505156159949,3.98107170553496,701.86704709431,TANGENT_PROFILE_UPGRADE,0,0.646027138225548,0.646027138225548,0.0581206146384167,0.317436184391525,0.0174361843915249,0.0102091205300916,0.0177799697819569,0
TP1_K2_N1_L4_SP6_P2,WHITE,4,6,6,P2,29f6b513300868d945642a74ec1f5d8fd0336e840fe211b24dce1f5965f1ff35,[8.1430562522784218 9.9850125432095282],0.0588830558448262,2,1.94100156600174,[2190783.8625929537 4252314.9080642555],[0.99940846222443613 0.034390778330650205],[1 0],1.97083507564226,0.327470615729462,0.2,0.127470615729462,0.914428414393318,1,-105.271603120846,1,0,NOT_APPLICABLE,1,1,51.8069369025886,3.98107170553497,412.494261306662,TANGENT_PROFILE_UPGRADE,0,1.97083507564226,1.97083507564226,0.63735307864731,0.327470615729462,0.127470615729462,0.0868836858000173,0.12777418506993,0
TP1_K2_N1_L4_SP6_P3,WHITE,4,6,6,P3,251731311d014e0bd44aeca8788729dc21af9b0d9799fd7dff6bae721e96911a,[7.8989471767506405 10.099705834190866],0.0010931469789813,2,1.94087380145843,[2189521.7953222352 4249585.4902631482],[-0.14274179603544238 0.98975996062912963],[0 1],8.2065333841247,0.202663615015064,0.15,0.052663615015064,0.202663615015064,1,-116.405271041133,1,0,NOT_APPLICABLE,1,1,15.0068023543143,0.77557443843206,23.2777846172164,TANGENT_PROFILE_UPGRADE,0,8.2065333841247,8.2065333841247,0.351090766767093,0.202663615015064,0.052663615015064,0.0291582803280851,0.0582755640512742,0
TP1_K2_N1_L4_SP6_P4,WHITE,4,6,6,P4,6e1d19d9bb31f8b6c6d8fd41d93126c5f99430ee1e29603314827ef7f64156a9,[8.1142172294436925 9.9275312016761461],0.0265890299028113,2,1.94111295661368,[2191450.3600568944 4253852.6876821546],[0.98607903778156902 0.16627727219248889],[-0.70710678118654746 0.70710678118654746],125.428558157564,0.235916274862257,0.1,0.135916274862257,0.985281609168362,1,-108.628358727055,1,0,NOT_APPLICABLE,1,1,9.83738744086221,0.726165074552433,14.2871343687898,TANGENT_PROFILE_UPGRADE,0,125.428558157564,54.5714418424356,1.35916274862257,0.235916274862257,0.135916274862257,0.101406184442208,0.195716506528749,0
TP1_K2_N1_L8_SM6_P1,WHITE,8,-6,-6,P1,59820ef86399ad037811575d66b52b355b4c0cb937e6c8571f99b728293638ef,[7.974303447563952 10.01278617025843],0.0287018981423897,2,1.94103900834278,[2190475.6949062548 4251798.7706397921],[0.6137381700142992 0.78950963177626865],[0.70710678118654746 0.70710678118654746],7.13970941165219,0.001,0.3,0.299,0.474253440886766,1,-217.462464731545,1,0,NOT_APPLICABLE,1,1,88.1505156159949,0.251188643150959,88.5696336425568,TANGENT_PROFILE_UPGRADE,0,7.13970941165219,7.13970941165219,0.996666666666667,0.000999999999999351,0.299000000000001,0.152234069943382,0.299007779795445,1
TP1_K2_N1_L8_SM6_P2,WHITE,8,-6,-6,P2,9228924c3059286e7f725225d022affe90977a2c16a522649f66d03b2f79dbcd,[8.0920729693838815 10.002703949982489],0.107960897009613,2,1.94099851039905,[2190585.0956082027 4251922.407477892],[0.99965705452152342 0.02618727449262433],[1 0],1.50059184969673,0.0206071777996706,0.2,0.179392822200329,1.01620256330654,1,-206.996214596093,1,0,NOT_APPLICABLE,1,1,51.8069369025886,0.251188643150958,52.0532567454741,TANGENT_PROFILE_UPGRADE,0,1.50059184969673,1.50059184969673,0.896964111001647,0.0206071777996711,0.179392822200329,0.140362773416654,0.179400700980734,0
TP1_K2_N1_L8_SM6_P3,WHITE,8,-6,-6,P3,1629a3c871cfec5c1dd3e420c15894ccd91aceea3170f64c80be94acf49742ee,[7.8923298767102841 10.122682759220751],0.0239444849004117,2,1.94081884818575,[2189273.6045719497 4248983.4755887892],[0.13562124416092769 0.99076075726294399],[0 1],7.7945449523102,0.001,0.15,0.149,0.156076510322922,1,-250.474492805867,1,0,NOT_APPLICABLE,1,1,15.0068023543143,0.254514624263286,15.2778026504068,TANGENT_PROFILE_UPGRADE,0,7.7945449523102,7.7945449523102,0.993333333333333,0.000999999999998444,0.149000000000002,0.0782577874741634,0.149009300960783,1
TP1_K2_N1_L8_SM6_P4,WHITE,8,-6,-6,P4,4bdc096add37a7906a10ae8d2c96c914e029d550333c0dfdba51260b0f466fc0,[8.0918987270395402 9.9441305669182416],0.0100040425969257,2,1.94110071255691,[2191257.3289358118 4253451.1625928534],[-0.79099571377601252 0.61182169035428635],[-0.70710678118654746 0.70710678118654746],7.2786600865527,0.160368027476877,0.1,0.0603680274768774,0.471152197414837,1,-237.38903381626,1,0,NOT_APPLICABLE,1,1,9.83738744086221,0.105567379441158,4.15402885071672,TANGENT_PROFILE_UPGRADE,0,7.2786600865527,7.27866008655265,0.60368027476877,0.160368027476877,0.0603680274768773,0.0327989366234956,0.0624720537632942,0
TP1_K2_N1_L8_SP0_P1,WHITE,8,0,0,P1,a94e4f971d716f4f1d290bfb5cfbf4965210c3dfe3f0573c085db5f6a60ee20f,[7.9882023241413398 9.9999188834241686],0.0117979547195643,2,1.9410578124075,[2190620.3175368044 4252120.6813734109],[0.73776958186675035 0.67505262318737824],[0.70710678118654746 0.70710678118654746],2.54176316986096,0.291973856984294,0.3,0.00802614301570609,0.592306070837014,1,-258.535180192574,1,0,NOT_APPLICABLE,1,1,88.1505156159949,1,352.602062463981,TANGENT_PROFILE_UPGRADE,0,2.54176316986096,2.54176316986096,0.0267538100523533,0.291973856984296,0.00802614301570448,0.0140849115499995,0.0153873971556506,0
TP1_K2_N1_L8_SP0_P2,WHITE,8,0,0,P2,5cb4a28faea07b244d05b54c0d9270c91326e632747a04134cc72cf9135ecb4f,[8.1467758962120733 10.001108654545517],0.0532356491359804,2,1.94096915561901,[2190600.8686838131 4251888.7183874808],[-0.99334591714330633 0.11516895803437557],[1 0],173.386629618131,0.001,0.2,0.199,0.912520192545456,1,-234.963182163672,1,0,NOT_APPLICABLE,1,1,51.8069369025886,0.999999999999999,207.227747610354,TANGENT_PROFILE_UPGRADE,0,173.386629618131,6.61337038186917,0.995,0.00100000000000183,0.198999999999998,0.112849234588519,0.199006687408091,1
TP1_K2_N1_L8_SP0_P3,WHITE,8,0,0,P3,35ff930261c6f16cc64788dc4a39857434703186cb814c1ea6c49a562289272b,[7.8932172592328342 10.101788633436803],0.00701461202675006,2,1.94087084766081,[2189499.4049808653 4249535.5660980614],[-0.14955639009391461 0.98875319781130266],[0 1],8.60121959887573,0.198656988984909,0.15,0.048656988984909,0.198656988984909,1,-234.567353820255,1,0,NOT_APPLICABLE,1,1,15.0068023543143,0.561430785758002,33.7011233499908,TANGENT_PROFILE_UPGRADE,0,8.60121959887573,8.60121959887573,0.32437992656606,0.198656988984909,0.0486569889849089,0.0284367652088612,0.0551160533296089,0
TP1_K2_N1_L8_SP0_P4,WHITE,8,0,0,P4,473c5914d1b3dd5b6afd62e05617d98c75be7f35d115f24216995dff99fe16f0,[8.1276379281954956 9.9069649128982977],0.0511456136612948,2,1.94113431266236,[2191691.6061311844 4254367.7794353263],[-0.75647809587252113 0.65401902913071619],[-0.70710678118654746 0.70710678118654746],4.15469066221611,0.292800680945136,0.1,0.192800680945136,0.327100307893085,1,-244.822526622445,1,0,NOT_APPLICABLE,1,1,9.83738744086221,2.39007381305949,94.0483284453005,TANGENT_PROFILE_UPGRADE,0,4.15469066221611,4.15469066221593,1.92800680945136,0.292800680945136,0.192800680945136,0.109304035835729,0.193199362868389,0
TP1_K2_N1_L8_SP6_P1,WHITE,8,6,6,P1,32a83bfcb9e90a69b8b6599d479140adc6b4ee702251c9ddf07bbec385a8b18b,[7.9993530376141058 9.9911492557772394],0.00887435820921667,2,1.94106907198793,[2190719.4195319358 4252337.7106567994],[0.69656410563692384 0.71749456216631502],[0.70710678118654746 0.70710678118654746],0.848012378622193,0.363965815906773,0.3,0.0639658159067733,0.532824263364746,1,-239.412591789111,1,0,NOT_APPLICABLE,1,1,88.1505156159949,3.98107170553499,1403.73409418863,TANGENT_PROFILE_UPGRADE,0,0.848012378622193,0.848012378621763,0.21321938635591,0.363965815906775,0.063965815906775,0.0332812296558763,0.064152506226388,0
TP1_K2_N1_L8_SP6_P2,WHITE,8,6,6,P2,8973b2a287c96c5e627d69b3547c25eeb4ca51532e56703bacee50ffef694caa,[8.1428279881157373 9.9978919565564901],0.0572108625180037,2,1.94097775020946,[2190637.4462946532 4251978.5420335941],[-0.99968403683982576 0.025136158967317645],[1 0],178.559652475889,0.001,0.2,0.199,0.914633014106061,1,-244.133406877214,1,0,NOT_APPLICABLE,1,1,51.8069369025886,3.98107170553497,824.988522613324,TANGENT_PROFILE_UPGRADE,0,178.559652475889,1.44034752411094,0.995,0.00100000000000177,0.198999999999998,0.114775277766467,0.199000317550659,1
TP1_K2_N1_L8_SP6_P3,WHITE,8,6,6,P3,94e6283b397ba5b85abbf975fb6c2819b36ba1ea603be04de5ed5bffb652d6c8,[7.90466745862207 10.094141550274685],0.00749043411110276,2,1.9408852864368,[2189581.9131005518 4249727.3185849935],[-0.0072760679404159107 0.99997352906730796],[0 1],0.41689166294745,0.00114017153133072,0.15,0.148859828468669,0.21172250394278,1,-227.590546524644,1,0,NOT_APPLICABLE,1,1,15.0068023543143,16.1238122377602,967.867453800564,TANGENT_PROFILE_UPGRADE,0,0.41689166294745,0.41689166294745,0.992398856457795,0.00114017153133243,0.148859828468668,0.074805888803678,0.148859858881237,0
TP1_K2_N1_L8_SP6_P4,WHITE,8,6,6,P4,dc98488b4dc892502a197488d9e17a9837c4ac27f70a68566c8df90fb4987cac,[8.1165391613153108 9.9350636186840422],0.0222854065215234,2,1.94110035120133,[2191362.1145906299 4253653.7702411544],[-0.53706866379001639 0.84353852927700124],[-0.70710678118654746 0.70710678118654746],12.5156878453988,0.001,0.1,0.099,0.320231059984432,1,-253.530324100874,1,0,NOT_APPLICABLE,1,1,9.83738744086221,2.236350213874,87.9993740293342,TANGENT_PROFILE_UPGRADE,0,12.5156878453988,12.5156878453988,0.99,0.00100000000000004,0.099,0.0542962016020544,0.0990240004156845,1
TP1_K2_N2_L1_SM6_P1,STAGE5_TOEPLITZ_CORRELATED,1,-6,-6,P1,07e3ff6f5d17b7bceedb50de49dc995301e71ea6348e12e035537cde29563451,[8.2681172141138521 10.199999999999999],0.334494903554857,2,2.684221420967,[3010368.7579577635 8080496.3051200444],[0.69424155718341563 0.71974207899743248],[0.70710678118654746 0.70710678118654746],1.0331901071244,NaN,0.3,NaN,0,0,NaN,0,1,TANGENT_PROFILE_NO_FEASIBLE_SCALE,0,0,150.352352466174,9.70151187135514,729.32256616838,FIXED_GRID_FALLBACK,0,1.0331901071244,1.0331901071244,NaN,0.565685424949237,0.265685424949237,0.132842712474619,0.265685424949237,0
TP1_K2_N2_L1_SM6_P2,STAGE5_TOEPLITZ_CORRELATED,1,-6,-6,P2,4b9d252b96ded0544a390f04a44794e05943e91dcc473465e5565b0f6a28100e,[8.1219307471057522 10.093752764543813],0.122001594690699,2,2.68223510540011,[2998482.4116881629 8042634.7875547735],[-0.90077472665949976 0.43428664705641529],[1 0],154.260089192206,0.489295428152475,0.2,0.289295428152475,0.489295428152475,1,-30.808276320514,0,1,TANGENT_LOGLIK_BELOW_FIXED_GRID,1,1,97.4577813683262,0.636913799243851,31.0361028985886,FIXED_GRID_FALLBACK,0,154.260089192206,25.7399108077937,1.44647714076237,0.721110255092797,0.521110255092797,0.3,0.565685424949237,0
TP1_K2_N2_L1_SM6_P3,STAGE5_TOEPLITZ_CORRELATED,1,-6,-6,P3,9cfaeca357518d3941ab03f95e0f2fdd26ab59cb45bb58ac1f003b54cb48a560,[7.889210876329126 10.125632734696458],0.0278108302214162,2,2.68308694283748,[3003492.6881365115 8058632.0144469161],[-0.13480843898807926 0.99087167926911568],[0 1],7.74754299321791,0.150104734769281,0.15,0.00010473476928119,0.150104734769281,1,-26.324969528342,1,0,NOT_APPLICABLE,1,1,20.5599109911102,0.458345850351987,4.71177494319079,TANGENT_PROFILE_UPGRADE,0,7.74754299321791,7.74754299321791,0.000698231795206635,0.150104734769281,0.000104734769281051,0.0296008501923893,0.0202749159808704,0
TP1_K2_N2_L1_SM6_P4,STAGE5_TOEPLITZ_CORRELATED,1,-6,-6,P4,b57c6efdd054aa710d772c3ff86114704937a3ea9aa5945b484e307b360557e5,[8.0918823622647587 9.9644593893621529],0.0165822188843041,2,2.68176601165809,[2978753.9364119 7988321.0637621824],[0.58554316658990047 0.8106412277079621],[-0.70710678118654746 0.70710678118654746],80.8413715137472,0.405751357668178,0.1,0.305751357668178,0.405751357668178,1,-27.0681022656099,1,0,NOT_APPLICABLE,1,1,16.7296152696029,0.124426228125297,1.04080146299203,TANGENT_PROFILE_UPGRADE,0,80.8413715137472,80.8413715137472,3.05751357668178,0.405751357668178,0.305751357668178,0.201753245392958,0.402141278873304,0
TP1_K2_N2_L1_SP0_P1,STAGE5_TOEPLITZ_CORRELATED,1,0,0,P1,4ce02053d922a07b8b494841156533e620e8efa61c52378eb0fda656f9b33b1e,[8.0021144516393594 9.994943838227174],0.00548048151243816,2,2.68191550828091,[2984100.2876139916 8003104.8396174852],[0.76958355807849244 0.63854611981848874],[0.70710678118654746 0.70710678118654746],5.31650744855608,0.348955562077325,0.3,0.0489555620773247,0.610586556481112,1,-27.9994321210459,1,0,NOT_APPLICABLE,1,1,150.352352466174,2.07998420976718,156.365259515496,TANGENT_PROFILE_UPGRADE,0,5.31650744855608,5.31650744855608,0.163185206924417,0.348955562077325,0.0489555620773252,0.0292297136774359,0.0574226604767387,0
TP1_K2_N2_L1_SP0_P2,STAGE5_TOEPLITZ_CORRELATED,1,0,0,P2,691517de0b8b022596f64dab3773dea5821c14cb4bfa790e9332a9bfd71bd17d,[8.1022764042149884 10.023661875093573],0.100547429137179,2,2.68190516923449,[2987875.0345714353 8013197.5002438109],[0.99928956214316256 0.037687809590459288],[1 0],2.15986393589024,0.58442752026171,0.2,0.38442752026171,0.996154897720637,1,-26.732628645967,0,1,TANGENT_LOGLIK_BELOW_FIXED_GRID,1,1,97.4577813683262,2.0546548485699,100.121051509648,FIXED_GRID_FALLBACK,0,2.15986393589024,2.15986393589024,1.92213760130855,0.632455532033675,0.432455532033675,0.264575131106459,0.447213595499958,0
TP1_K2_N2_L1_SP0_P3,STAGE5_TOEPLITZ_CORRELATED,1,0,0,P3,ef546dc68e6638f7d9e14638c294ccf476a60025d5f3d31f5e41142ef1cce2d6,[7.8829094276958864 10.091103550180865],0.0192674461480117,2,2.68287987051728,[2998076.8677941863 8043480.0788685326],[-0.064810724912210751 0.99789757487246855],[0 1],3.71598556365148,0.218251757617612,0.15,0.0682517576176122,0.218251757617612,1,-33.7230077596824,1,0,NOT_APPLICABLE,1,1,20.5599109911102,0.584826820689023,6.01199368929014,TANGENT_PROFILE_UPGRADE,0,3.71598556365148,3.71598556365148,0.455011717450747,0.218251757617612,0.0682517576176122,0.0396260575125843,0.0692528686170937,0
TP1_K2_N2_L1_SP0_P4,STAGE5_TOEPLITZ_CORRELATED,1,0,0,P4,9d123c71aebb5a08cb5d102f4bda13281f48825b9cf6c8ec0bb94fc4e175ed4c,[8.1282952578893291 9.9337119886503125],0.0326484445686343,2,2.68176151802716,[2973401.543735113 7973953.837631382],[0.11972123413736921 0.99280754736082932],[-0.70710678118654746 0.70710678118654746],51.8760144884909,0.001,0.1,0.099,0.26936134602473,1,-29.7809876114144,1,0,NOT_APPLICABLE,1,1,16.7296152696029,0.111266010501385,0.930718774135885,TANGENT_PROFILE_UPGRADE,0,51.8760144884909,51.8760144884909,0.99,0.00100000000000175,0.0989999999999983,0.0594584112646739,0.099385748221119,1
TP1_K2_N2_L1_SP6_P1,STAGE5_TOEPLITZ_CORRELATED,1,6,6,P1,2dd3f72d310ace1327a6d310995aba5ef465af5c153037fabc3dda6c9fede20a,[8.001584452745016 10.008741309905204],0.0088837486096811,2,2.68194762198732,[2986261.1952641672 8008996.1112717502],[0.28960921033125891 0.95714497610931704],[0.70710678118654746 0.70710678118654746],28.1654385343268,0.399644139328275,0.3,0.0996441393282748,0.399644139328275,1,-28.8786926652495,1,0,NOT_APPLICABLE,1,1,150.352352466174,0.00181419110450248,0.136383950192577,TANGENT_PROFILE_UPGRADE,0,28.1654385343268,28.1654385343269,0.33214713109425,0.399644139328275,0.0996441393282749,0.0982829513432587,0.195761258019878,0
TP1_K2_N2_L1_SP6_P2,STAGE5_TOEPLITZ_CORRELATED,1,6,6,P2,04b2ec35caafb9baf09ab8142eb66400afe82d25d4ebfb49cd08f4452de6d4bb,[7.9196863723941018 10.006373146569995],0.28038606744769,2,2.68230396666717,[2985397.5314112334 8007743.6405827217],[-0.99479452577060468 0.10190118496287241],[1 0],174.151340298959,0.001,0.2,0.199,1.04481148404296,1,-32.5314819718288,0,1,TANGENT_LOGLIK_BELOW_FIXED_GRID,1,1,97.4577813683262,32.5199688380755,1584.66200656297,FIXED_GRID_FALLBACK,0,174.151340298959,5.84865970104119,0.995,0.200000000000001,1.0547118733939e-15,0.100000000000001,1.77635683940025e-15,1
TP1_K2_N2_L1_SP6_P3,STAGE5_TOEPLITZ_CORRELATED,1,6,6,P3,a220584f0a20de7fd93e78d45268a4f5c60e53ba9bf00d6fb69855288a657cdb,[7.8927096219900923 10.084113298796275],0.0174796134586487,2,2.6827667454257,[2997157.3957781936 8040674.1922004307],[0.3051592100082568 0.95230134755083529],[0 1],17.7677426152919,0.001,0.15,0.149,0.243382415664466,1,-33.7366179611489,1,0,NOT_APPLICABLE,1,1,20.5599109911102,2.05495004990869,21.12479505865,TANGENT_PROFILE_UPGRADE,0,17.7677426152919,17.7677426152919,0.993333333333333,0.000999999999998529,0.149000000000001,0.076546484475758,0.149048011042532,1
TP1_K2_N2_L1_SP6_P4,STAGE5_TOEPLITZ_CORRELATED,1,6,6,P4,f4dc1834bd0635426923ad4d7571e227396f757a054fcabf0c7f4e0f4fdb690a,[8.1145404096732765 9.9508860757679045],0.0145673828717856,2,2.68176882485568,[2976307.6418802794 7981769.0471742507],[-0.56434730857325777 0.82553747056455307],[-0.70710678118654746 0.70710678118654746],10.643020479301,0.001,0.1,0.099,0.365546280206321,1,-28.6567541421486,1,0,NOT_APPLICABLE,1,1,16.7296152696029,0.501504358359882,4.19498748569493,TANGENT_PROFILE_UPGRADE,0,10.643020479301,10.643020479301,0.99,0.000999999999999441,0.0990000000000006,0.0516073521517371,0.0990173752910107,1
TP1_K2_N2_L4_SM6_P1,STAGE5_TOEPLITZ_CORRELATED,4,-6,-6,P1,83679073f7926cd7b2e1f19d1b89baa35d08b7ef02c2d0e1d2c725c6a7d85f01,[8.0199073610628613 9.9667241292504816],0.038776108606019,2,2.6818166353118,[2979664.0270781294 7990912.55545827],[0.65843317020539882 0.75263919667611545],[0.70710678118654746 0.70710678118654746],3.81951335857836,0.332334799531265,0.3,0.0323347995312649,0.443038656468559,1,-123.707718263827,1,0,NOT_APPLICABLE,1,1,150.352352466174,0.251188643150957,75.5336068210655,TANGENT_PROFILE_UPGRADE,0,3.81951335857836,3.81951335857817,0.107782665104217,0.332334799531265,0.0323347995312654,0.0433093149318741,0.0385803142155404,0
TP1_K2_N2_L4_SM6_P2,STAGE5_TOEPLITZ_CORRELATED,4,-6,-6,P2,51495fdadeaa4e73cf05b4470e62362c396b37ee735f88486fec8e49927116ef,[8.1379405488961041 9.9977349848287229],0.0621007710503088,2,2.68191410229434,[2983207.2214301559 8000705.5172198433],[0.9914254439634933 0.13067359741657911],[1 0],7.50851865661716,0.320650790048221,0.2,0.120650790048221,0.932111343151911,1,-113.125794651768,0,1,TANGENT_LOGLIK_BELOW_FIXED_GRID,1,1,97.4577813683262,0.251188643150958,48.9605757328252,FIXED_GRID_FALLBACK,0,7.50851865661716,7.50851865661711,0.603253950241105,0.799999999999999,0.599999999999999,0.499999999999999,0.6,0
TP1_K2_N2_L4_SM6_P3,STAGE5_TOEPLITZ_CORRELATED,4,-6,-6,P3,b719a59ab350cfea123439e3470f57ce9177bbd3a6118fe718b90ec400b8a117,[7.9190654181874214 10.072059338199683],0.0338255931581536,2,2.68252908623944,[2995654.5356709468 8035930.4242624091],[0.075057639940863771 0.99717919687812784],[0 1],4.30453416493638,0.256605156226405,0.15,0.106605156226405,0.256605156226405,1,-118.738418351825,1,0,NOT_APPLICABLE,1,1,20.5599109911102,3.03783994859069,124.915437896527,TANGENT_PROFILE_UPGRADE,0,4.30453416493638,4.30453416493655,0.710701041509367,0.256605156226405,0.106605156226405,0.0635580288629844,0.10761881397687,0
TP1_K2_N2_L4_SM6_P4,STAGE5_TOEPLITZ_CORRELATED,4,-6,-6,P4,4000f6e949e1dbfd4aaeaa82b11aeb158418df44636e36860d89315bdb018d8d,[8.1733589270262605 9.8626479763972661],0.114069751476615,2,2.68168907302466,[2961531.1504992913 7941905.7257161103],[-0.75283197550674175 0.6582127442207546],[-0.70710678118654746 0.70710678118654746],3.83629146600181,0.001,0.1,0.099,0.190357834749715,1,-108.499620630796,1,0,NOT_APPLICABLE,1,1,16.7296152696029,1.52780698541467,51.1192461443984,TANGENT_PROFILE_UPGRADE,0,3.83629146600181,3.83629146600181,0.99,0.00100000000000009,0.0989999999999999,0.124347377284134,0.0990022633176868,1
TP1_K2_N2_L4_SP0_P1,STAGE5_TOEPLITZ_CORRELATED,4,0,0,P1,da12faf4cc8c52377c54ba88806ceeceec42d6993bf8c2f552567a65990ccfc9,[8.003763636622077 9.9855477658790495],0.0149342569855285,2,2.68189175526808,[2982629.2616009153 7999088.8257088223],[0.67939470307700001 0.73377301492417613],[0.70710678118654746 0.70710678118654746],2.20363890419525,0.293778387202848,0.3,0.00622161279715211,0.505736139392431,1,-116.642154832876,1,0,NOT_APPLICABLE,1,1,150.352352466174,0.999999999999997,300.704704932347,TANGENT_PROFILE_UPGRADE,0,2.20363890419525,2.20363890419525,0.02073870932384,0.293778387202849,0.00622161279715128,0.0162879574479477,0.01300238841388,0
TP1_K2_N2_L4_SP0_P2,STAGE5_TOEPLITZ_CORRELATED,4,0,0,P2,dec3080d93c9cd1102563e1cc076fd769be719157f586696a5910b6d8c7368f4,[8.1359388788882097 10.005991044472175],0.0643406547368533,2,2.68192695249059,[2984538.8275249093 8004315.1222937284],[0.99527951486579613 0.097049921630599778],[1 0],5.56931696505939,0.001,0.2,0.199,0.932524208888925,1,-122.127102813845,0,1,TANGENT_LOGLIK_BELOW_FIXED_GRID,1,1,97.4577813683262,1,194.915562736653,FIXED_GRID_FALLBACK,0,5.56931696505939,5.56931696505939,0.995,0.4,0.2,0.412310562561766,0.200000000000001,1
TP1_K2_N2_L4_SP0_P3,STAGE5_TOEPLITZ_CORRELATED,4,0,0,P3,6faaa1aba465c3e1c56ee5b51f4dd473c1dfa48d6e7bd651fb3538f484b46dac,[7.9024842187412965 10.08735591565873],0.0128858143546984,2,2.6827169276012,[2997808.5036654244 8042271.618490072],[0.2007094648014543 0.97965081061524883],[0 1],11.5784496606541,0.121291039009525,0.15,0.0287089609904753,0.229967827557915,1,-117.44081722568,1,0,NOT_APPLICABLE,1,1,20.5599109911102,0.489917504167436,20.1453205573387,TANGENT_PROFILE_UPGRADE,0,11.5784496606541,11.5784496606541,0.191393073269833,0.121291039009523,0.0287089609904768,0.0236052620432978,0.0395557421646469,0
TP1_K2_N2_L4_SP0_P4,STAGE5_TOEPLITZ_CORRELATED,4,0,0,P4,871dc26213ca76e6093564b2060eda9fab677eac26a889ce310d20af4d5fed17,[8.1362366087547908 9.9047344218477651],0.0579833112154164,2,2.68170944668526,[2968774.3475544574 7961390.2129136473],[-0.6815059133689314 0.73181260582418117],[-0.70710678118654746 0.70710678118654746],2.03856720315083,0.001,0.1,0.099,0.286232899007829,1,-110.998108510555,1,0,NOT_APPLICABLE,1,1,16.7296152696029,2.31934678267111,77.6035587017577,TANGENT_PROFILE_UPGRADE,0,2.03856720315083,2.03856720315083,0.99,0.00100000000000093,0.0989999999999991,0.076238743589194,0.0990006392818762,1
TP1_K2_N2_L4_SP6_P1,STAGE5_TOEPLITZ_CORRELATED,4,6,6,P1,0fa26831b41ab5b79e27b4885edabfaf8d4e3e80b9f25482d04453f7f76772c3,[8.0006789558695655 9.9868811073178581],0.0131364502921594,2,2.68190297376847,[2982837.9054191192 7999681.8488128521],[0.69372889670860938 0.72023622365960982],[0.70710678118654746 0.70710678118654746],1.07398694445827,0.154160706213319,0.3,0.145839293786681,0.518943927502816,1,-124.740254779683,1,0,NOT_APPLICABLE,1,1,150.352352466174,3.98107170553496,1197.12699252741,TANGENT_PROFILE_UPGRADE,0,1.07398694445827,1.07398694445827,0.486130979288937,0.154160706213321,0.145839293786679,0.0741208712661102,0.14589499279919,0
TP1_K2_N2_L4_SP6_P2,STAGE5_TOEPLITZ_CORRELATED,4,6,6,P2,8f2a4a3bb47490d053a394c28e47cc38bac2a706054a1c35e62e6832f236c299,[8.1343428174818868 10.002573370519194],0.0657075935645629,2,2.68191499363643,[2984034.4237922393 8002926.6626956537],[-0.99995894809927111 0.0090610218076870291],[1 0],179.480834588082,0.001,0.2,0.199,0.931352598830656,1,-128.468523845575,0,1,TANGENT_LOGLIK_BELOW_FIXED_GRID,1,1,97.4577813683262,3.98107170553497,775.972831779314,FIXED_GRID_FALLBACK,0,179.480834588082,0.519165411917771,0.995,0.200000000000001,1.0547118733939e-15,0.100000000000001,1.77635683940025e-15,1
TP1_K2_N2_L4_SP6_P3,STAGE5_TOEPLITZ_CORRELATED,4,6,6,P3,deb6a60443117ead70e56484afc5667f2d749eb367ce04b1bde3d1094d65313a,[7.8985650578817124 10.099249176848728],0.00161950433383868,2,2.68281760567814,[2999589.2936259178 8047350.9667432532],[-0.025017498881244566 0.99968701339455579],[0 1],1.43354666329097,0.0418571147226303,0.15,0.10814288527737,0.201564733364215,1,-129.778275421702,1,0,NOT_APPLICABLE,1,1,20.5599109911102,1.82403705456518,75.0040789726938,TANGENT_PROFILE_UPGRADE,0,1.43354666329097,1.43354666329097,0.720952568515798,0.0418571147226301,0.10814288527737,0.0541047711115632,0.108161055149205,0
TP1_K2_N2_L4_SP6_P4,STAGE5_TOEPLITZ_CORRELATED,4,6,6,P4,25c3f1753c8d9dd05d0536bfe5e4baf343dce886daf172248fc17899de86e340,[8.1145819272705833 9.9289663108408828],0.0255939188591143,2,2.68172274375485,[2972901.330359743 7972497.1125647789],[-0.5933387047401032 0.80495290635995376],[-0.70710678118654746 0.70710678118654746],8.60570747806399,0.001,0.1,0.099,0.320431940358041,1,-110.885190465255,1,0,NOT_APPLICABLE,1,1,16.7296152696029,0.663358884417396,22.195477843952,TANGENT_PROFILE_UPGRADE,0,8.60570747806399,8.60570747806395,0.99,0.00099999999999992,0.0990000000000001,0.0557302575676147,0.0990113715890401,1
TP1_K2_N2_L8_SM6_P1,STAGE5_TOEPLITZ_CORRELATED,8,-6,-6,P1,9a515deb1192de777cb3e3226d25ff6a55c5cf36d1378e761bb238063a55104f,[8.0094015568539305 9.9978985552554747],0.00963355289039205,2,2.68190260811185,[2984559.3114629248 8004297.4014769197],[0.66865442498855099 0.74357330502327068],[0.70710678118654746 0.70710678118654746],3.03670256158028,0.407075494660235,0.3,0.107075494660235,0.532290640125335,1,-234.130181777201,1,0,NOT_APPLICABLE,1,1,150.352352466174,0.251188643150959,151.067213642132,TANGENT_PROFILE_UPGRADE,0,3.03670256158028,3.03670256158015,0.356918315534117,0.407075494660233,0.107075494660233,0.0551800486490165,0.108665218494527,0
TP1_K2_N2_L8_SM6_P2,STAGE5_TOEPLITZ_CORRELATED,8,-6,-6,P2,55d5a356dd750c54b0e6ab9276339a064c29415b99df1b0fe72b48fd2553cf78,[8.1512977707177967 9.9868445344038506],0.0504477295039896,2,2.68193251206662,[2981227.6730211871 7995451.422148251],[-0.97350131314597477 0.22868142317001391],[1 0],166.780545952993,0.001,0.2,0.199,0.921831790513303,1,-235.192392102455,1,0,NOT_APPLICABLE,1,1,97.4577813683262,0.251188643150958,97.9211514656503,TANGENT_PROFILE_UPGRADE,0,166.780545952993,13.219454047007,0.995,0.00100000000000158,0.198999999999998,0.111570037558445,0.199026630064272,1
TP1_K2_N2_L8_SM6_P3,STAGE5_TOEPLITZ_CORRELATED,8,-6,-6,P3,a32d4f1d5864208148f37c0acdd472f76e30cc98cc2835b3e4825a0abfc79bd8,[7.9019918628180141 10.079340321863608],0.0207554768238431,2,2.68267592298427,[2996558.4534881879 8038795.2149877287],[-0.003661433418087604 0.9999932969301969],[0 1],0.209785150559433,0.241320973864115,0.15,0.0913209738641154,0.241320973864115,1,-225.131860517662,1,0,NOT_APPLICABLE,1,1,20.5599109911102,0.448750832633973,36.9051087045643,TANGENT_PROFILE_UPGRADE,0,0.209785150559433,0.209785150559433,0.608806492427433,0.241320973864115,0.0913209738641154,0.0501576634663909,0.0913236308131173,0
TP1_K2_N2_L8_SM6_P4,STAGE5_TOEPLITZ_CORRELATED,8,-6,-6,P4,2d590ce354599614dfe95c62f5f38fdd6aa156589e32fe85decf5da665e28bc8,[8.0913263078409372 9.9146251123946314],0.0364227347787421,2,2.68165843087914,[2971020.1495547774 7967261.2323653623],[-0.58842258442617223 0.8085535616996713],[-0.70710678118654746 0.70710678118654746],8.95485026680015,0.283531278134934,0.1,0.183531278134934,0.283531278134934,1,-246.554984400108,1,0,NOT_APPLICABLE,1,1,16.7296152696029,0.0516443804392291,3.45596246234122,TANGENT_PROFILE_UPGRADE,0,8.95485026680015,8.95485026680007,1.83531278134934,0.283531278134935,0.183531278134935,0.0996009132513335,0.185404706647238,0
TP1_K2_N2_L8_SP0_P1,STAGE5_TOEPLITZ_CORRELATED,8,0,0,P1,4a179ed439bfd418c8364d6b07fa793dea0949b7fa9805616ad25487623cd848,[8.0011908792191679 9.9994282512024419],0.00132101854724115,2,2.68192768185123,[2984802.4572471385 8005024.3349486776],[0.71023796087136204 0.70396167433837586],[0.70710678118654746 0.70710678118654746],0.254279777390421,0.347720692162638,0.3,0.0477206921626379,0.566588376817177,1,-234.161896700256,1,0,NOT_APPLICABLE,1,1,150.352352466174,1,601.409409864699,TANGENT_PROFILE_UPGRADE,0,0.254279777390421,0.254279777390421,0.15906897387546,0.347720692162637,0.0477206921626374,0.0239076317876435,0.0477422147660281,0
TP1_K2_N2_L8_SP0_P2,STAGE5_TOEPLITZ_CORRELATED,8,0,0,P2,37e50527c0524d05426fd33fc21c8e03355402f5420c71e71b8d38c211fb7150,[8.1475091990968682 10.008045420821707],0.053103794362084,2,2.68196572451043,[2984626.7414393444 8004666.6209975686],[-0.99947602180376816 0.032367913731244688],[1 0],178.145131169963,0.349204083434292,0.2,0.149204083434292,0.905456041029409,1,-245.868890082235,1,0,NOT_APPLICABLE,1,1,97.4577813683262,0.999999999999999,389.831125473305,TANGENT_PROFILE_UPGRADE,0,178.145131169963,1.85486883003681,0.74602041717146,0.349204083434292,0.149204083434292,0.0916721066442397,0.149449150696046,0
TP1_K2_N2_L8_SP0_P3,STAGE5_TOEPLITZ_CORRELATED,8,0,0,P3,2e9e16f9c3e668c43ce5ab849ebe6b71927535bd24787ded167ecbed53f5bc2e,[7.9017727851261572 10.100543732291294],0.00185429552879781,2,2.68280419511866,[2999836.6176637481 8047974.2625388689],[-0.025106561139069863 0.99968478061225385],[0 1],1.43865115811186,0.0257469070344837,0.15,0.124253092965516,0.19897525627587,1,-250.699724963596,1,0,NOT_APPLICABLE,1,1,20.5599109911102,2.19408966011727,180.441152474105,TANGENT_PROFILE_UPGRADE,0,1.43865115811186,1.43865115811186,0.828353953103442,0.0257469070344825,0.124253092965517,0.0621591094217316,0.124262890231874,0
TP1_K2_N2_L8_SP0_P4,STAGE5_TOEPLITZ_CORRELATED,8,0,0,P4,b8166b061638bbe22593f427ac0a78dadb469e3ad4d293e2c06e128e9b2f7ecf,[8.1692026747024524 9.891257103943401],0.0907730027215681,2,2.68178127825433,[2965990.0589037109 7954136.611456437],[-0.62209940002097486 0.78293827118971715],[-0.70710678118654746 0.70710678118654746],6.53039361164773,0.001,0.1,0.099,0.233114428816285,1,-251.412874821443,1,0,NOT_APPLICABLE,1,1,16.7296152696029,5.24226706804882,350.804444755863,TANGENT_PROFILE_UPGRADE,0,6.53039361164773,6.53039361164773,0.99,0.00100000000000083,0.0989999999999992,0.103393967134611,0.0990065536566779,1
TP1_K2_N2_L8_SP6_P1,STAGE5_TOEPLITZ_CORRELATED,8,6,6,P1,ac27d572bccc98d6a1edcb9f11e1e948cc564eddd3ccc5eecc7a96863b4211c9,[8.0005314038130635 10.004345751774345],0.00437812157171995,2,2.68194045004133,[2985572.5133625604 8007127.6901186183],[0.70428747946299008 0.70991488663900282],[0.70710678118654746 0.70710678118654746],0.227990694086756,0.340324149650598,0.3,0.0403241496505985,0.551204804711036,1,-241.0702196712,1,0,NOT_APPLICABLE,1,1,150.352352466174,3.98107170553499,2394.25398505484,TANGENT_PROFILE_UPGRADE,0,0.227990694086756,0.227990694086756,0.13441383216866,0.340324149650598,0.0403241496505983,0.0206417382896863,0.0403441897240801,0
TP1_K2_N2_L8_SP6_P2,STAGE5_TOEPLITZ_CORRELATED,8,6,6,P2,7cb46d929b2a853a5b946467b32195725a48f580592b46dabde76ba7e9f47838,[8.1388947300433223 10.003443583038711],0.0612022244744656,2,2.68192929791028,[2984082.1194088464 8003097.2634127866],[-0.99998827826023762 0.0048418325173037787],[1 0],179.72258234771,0.00128932100771006,0.2,0.19871067899229,0.922221349952022,1,-217.844373300483,1,0,NOT_APPLICABLE,1,1,97.4577813683262,3.98107170553497,1551.94566355863,TANGENT_PROFILE_UPGRADE,0,179.72258234771,0.277417652290506,0.99355339496145,0.00128932100770861,0.198710678992291,0.116692747325297,0.198710694203436,0
TP1_K2_N2_L8_SP6_P3,STAGE5_TOEPLITZ_CORRELATED,8,6,6,P3,802b9050eb56a097dd9cda9a71b54f66870b3b9a48b6b0a0f66b79c1e03c8fa5,[7.8972597432902747 10.100744327103316],0.00283954744139403,2,2.68283669975238,[2999800.1402274086 8047973.9081244301],[0.038371863120844681 0.99926352886545156],[0 1],2.19908568976621,0.001,0.15,0.149,0.198657651419295,1,-239.048985414859,1,0,NOT_APPLICABLE,1,1,20.5599109911102,0.942166300507463,77.4834211090281,TANGENT_PROFILE_UPGRADE,0,2.19908568976621,2.19908568976621,0.993333333333333,0.000999999999999281,0.149000000000001,0.0745544650910123,0.149000741412049,1
TP1_K2_N2_L8_SP6_P4,STAGE5_TOEPLITZ_CORRELATED,8,6,6,P4,171bda58453daad1d1bc2753c3c7875dbb74965f37738a66c797323241fdb692,[8.1128565428030033 9.9387025257735413],0.0171150114444293,2,2.68174106819396,[2974439.7232136289 7976677.1606094763],[-0.59502974545220477 0.80370367799773357],[-0.70710678118654746 0.70710678118654746],8.48524738603291,0.0805139291711454,0.1,0.0194860708288546,0.345158370107476,1,-266.163488760795,1,0,NOT_APPLICABLE,1,1,16.7296152696029,0.897100220505703,60.0325661893452,TANGENT_PROFILE_UPGRADE,0,8.48524738603291,8.48524738603291,0.194860708288546,0.0805139291711457,0.0194860708288543,0.0207825907179015,0.0235790127193536,0
