scope_type,scope_value,N,classification,median_joint_tangent,median_joint_anchored,p90_joint_tangent,p90_joint_anchored,wins,ties,losses,median_rho_tangent,median_rho_anchored,median_vector_tangent,median_vector_anchored,claim_authorized,analysis_only_flag,fitting_rerun,new_trial_count,new_seed_count
PROFILE,P1,18,MEDIAN_GAIN_BUT_TAIL_UNSTABLE,0.0980031637599268,0.0660984440932298,0.150765604015775,0.147637546791677,7,4,7,0.0986315512015677,0.0473600196161592,0.122916265757685,0.0551372979531804,1,1,0,0,0
PROFILE,P2,18,MEDIAN_GAIN_BUT_TAIL_UNSTABLE,0.111420879696067,0.105770856521755,0.221167974364494,0.414144967116639,6,0,12,0.160092825823576,0.121945758774037,0.18849239648184,0.137595314262148,1,1,0,0,0
PROFILE,P3,18,SEPARATION_STRUCTURE_ONLY,0.0750349434885263,0.0851670287010307,0.101362398576705,0.225052918923805,5,1,12,0.145415569877759,0.110833198893431,0.148942113404092,0.113978240748143,1,1,0,0,0
PROFILE,P4,18,NOT_SUPPORTED,0.113064045082472,0.19382870306074,0.287226635156725,0.347668630837298,5,3,10,0.099,0.139482936062183,0.0992247720461717,0.200188124781388,1,1,0,0,0
L,1,24,SEPARATION_STRUCTURE_ONLY,0.124151075396537,0.151666388442239,0.209680650638421,0.386950247706446,5,8,11,0.148926195308425,0.147101406781473,0.194364148363278,0.185306952558131,1,1,0,0,0
L,4,24,MEDIAN_GAIN_BUT_TAIL_UNSTABLE,0.0925940030024575,0.0899860152204336,0.192163284180226,0.219300643052733,9,0,15,0.148999999999997,0.10720890228853,0.149011013318719,0.107627604905165,1,1,0,0,0
L,8,24,SEPARATION_STRUCTURE_ONLY,0.0701089604186677,0.0795766706717966,0.145639399400643,0.231460756254553,9,0,15,0.0974537451006645,0.0794757457642991,0.0984949338599008,0.088326152632377,1,1,0,0,0
SNR,-6,24,SEPARATION_STRUCTURE_ONLY,0.113570282616239,0.158179181209447,0.197116430816897,0.370615475897218,6,4,14,0.14897495970658,0.0993950151637263,0.150261728879109,0.111659737020341,1,1,0,0,0
SNR,0,24,SEPARATION_STRUCTURE_ONLY,0.0846069824562869,0.0995136384922181,0.209229490336527,0.217611949154319,11,2,11,0.144651014487443,0.116712393810588,0.148421877559375,0.124190020878016,1,1,0,0,0
SNR,6,24,NOT_SUPPORTED,0.0747429183782889,0.0880293805981186,0.134518746810438,0.203100822395943,6,2,16,0.0946065966939462,0.102265727578472,0.0990016503358098,0.120290571334073,1,1,0,0,0
NOISE,WHITE,36,SEPARATION_STRUCTURE_ONLY,0.0925940030024575,0.106917085403886,0.193744798772947,0.271266719302101,10,6,20,0.145464334275913,0.105998240731826,0.149000039598146,0.122920060192386,1,1,0,0,0
NOISE,STAGE5_TOEPLITZ_CORRELATED,36,NOT_SUPPORTED,0.0860094425342796,0.118775034743688,0.161361522915159,0.232449625484087,13,2,21,0.0990000000000002,0.103476389135176,0.148373523625519,0.113978240748143,1,1,0,0,0
PROFILE_X_L,P1|L=1,6,DESCRIPTIVE_ONLY,0.137262010400027,0.137262010400027,0.141681308325435,0.141681308325435,1,4,1,0.123686680211528,0.11883942458459,0.182683653152691,0.201949776134267,0,1,0,0,0
PROFILE_X_L,P1|L=4,6,DESCRIPTIVE_ONLY,0.0980031637599268,0.047160759167929,0.159161597473798,0.153790415219782,4,0,2,0.185783744577727,0.0473600196161592,0.186044625954121,0.0551372979531804,0,1,0,0,0
PROFILE_X_L,P1|L=8,6,DESCRIPTIVE_ONLY,0.0165104543177806,0.0522667682152657,0.101554765677888,0.108080401504216,2,0,4,0.0187539197681299,0.0339434840478752,0.0221290594354031,0.0368656399084761,0,1,0,0,0
PROFILE_X_SNR,P1|SNR=-6,6,DESCRIPTIVE_ONLY,0.141681308325435,0.141681308325435,0.16124099571104,0.158839948839907,2,2,2,0.116839671438465,0.0343521430645084,0.120217765105006,0.0499192063449135,0,1,0,0,0
PROFILE_X_SNR,P1|SNR=0,6,DESCRIPTIVE_ONLY,0.0814411966457624,0.0660984440932298,0.141180338774024,0.138725269547111,4,1,1,0.153131234415297,0.116367621045748,0.153555641482921,0.117010496193587,0,1,0,0,0
PROFILE_X_SNR,P1|SNR=6,6,DESCRIPTIVE_ONLY,0.0364885327630127,0.0515065966494786,0.125575044381189,0.137262010400027,1,1,4,0.0691631808811702,0.0473600196161592,0.0709655042439536,0.0492513005380705,0,1,0,0,0
PROFILE_X_NOISE,P1|NOISE=WHITE,9,DESCRIPTIVE_ONLY,0.132842712474619,0.0614539091485799,0.156702455213163,0.144286425432318,2,3,4,0.1,0.0370890909925962,0.159267558729392,0.0523280973569168,0,1,0,0,0
PROFILE_X_NOISE,P1|NOISE=STAGE5_TOEPLITZ_CORRELATED,9,DESCRIPTIVE_ONLY,0.0746590787068532,0.0707429790378797,0.143248639675034,0.148280862059674,5,1,3,0.0972631024031354,0.056459941236643,0.0979888072789196,0.057946498549444,0,1,0,0,0
PROFILE_X_L,P2|L=1,6,DESCRIPTIVE_ONLY,0.15984740705521,0.283413202499318,0.202719241502607,0.497956567638069,1,0,5,0.198999999999999,0.145990758940007,0.199271011691482,0.177236448805848,0,1,0,0,0
PROFILE_X_L,P2|L=4,6,DESCRIPTIVE_ONLY,0.114743615094734,0.0954203336160214,0.212890338316401,0.178009920928221,2,0,4,0.184408172461652,0.134886352090966,0.188494657949016,0.139372378940778,0,1,0,0,0
PROFILE_X_L,P2|L=8,6,DESCRIPTIVE_ONLY,0.0739666427776617,0.104891903575883,0.16560204397206,0.213536420427049,3,0,3,0.0698995735857235,0.0755095998855008,0.0971375904528456,0.0812620899553918,0,1,0,0,0
PROFILE_X_SNR,P2|SNR=-6,6,DESCRIPTIVE_ONLY,0.142443103835455,0.232550185942187,0.193744798772947,0.497956567638069,1,0,5,0.160092825823576,0.141713870316341,0.188536402083282,0.149355542723809,0,1,0,0,0
PROFILE_X_SNR,P2|SNR=0,6,DESCRIPTIVE_ONLY,0.183306248847838,0.0995136384922181,0.223606797749979,0.287103761933722,3,0,3,0.1995,0.121945758774037,0.199500237550483,0.126286113334823,0,1,0,0,0
PROFILE_X_SNR,P2|SNR=6,6,DESCRIPTIVE_ONLY,0.0744640423689882,0.0962105684998478,0.114483367876778,0.144477339009112,2,0,4,0.0687934190549564,0.097618233671369,0.0847344177835773,0.141231982665823,0,1,0,0,0
PROFILE_X_NOISE,P2|NOISE=WHITE,9,DESCRIPTIVE_ONLY,0.0838203983234296,0.11075653016733,0.206460462656254,0.287931650716328,2,0,7,0.110332636009271,0.116289844991258,0.119271064643967,0.124960076190529,0,1,0,0,0
PROFILE_X_NOISE,P2|NOISE=STAGE5_TOEPLITZ_CORRELATED,9,DESCRIPTIVE_ONLY,0.111681126914023,0.100785182876181,0.22081957102371,0.415348441364607,4,0,5,0.169816344923302,0.127601672556816,0.199000475100964,0.14757847804518,0,1,0,0,0
PROFILE_X_L,P3|L=1,6,DESCRIPTIVE_ONLY,0.0930104307121241,0.0944944454848899,0.109268539479448,0.205522018993561,3,1,2,0.145415569877759,0.146404525879018,0.148942113404092,0.146442160791749,0,1,0,0,0
PROFILE_X_L,P3|L=4,6,DESCRIPTIVE_ONLY,0.0690690939160265,0.0868165171205563,0.0862391840435912,0.241716960115351,1,0,5,0.129432093796967,0.109778132871662,0.129483371185784,0.11292969770597,0,1,0,0,0
PROFILE_X_L,P3|L=8,6,DESCRIPTIVE_ONLY,0.0647376343188757,0.0795766706717966,0.0777489912075342,0.195604771607376,1,0,5,0.123322193899096,0.0787953687694162,0.123332966489649,0.0791297611387957,0,1,0,0,0
PROFILE_X_SNR,P3|SNR=-6,6,DESCRIPTIVE_ONLY,0.0888762771932571,0.0961439339044155,0.109268539479448,0.266260257151666,2,1,3,0.12940705350355,0.0762106615567038,0.129468628049181,0.0762197149232199,0,1,0,0,0
PROFILE_X_SNR,P3|SNR=0,6,DESCRIPTIVE_ONLY,0.0753536637823909,0.0604490776870873,0.0930104307121241,0.202346116433125,2,0,4,0.145464334275913,0.0850971125059027,0.149005210474551,0.0885714859561547,0,1,0,0,0
PROFILE_X_SNR,P3|SNR=6,6,DESCRIPTIVE_ONLY,0.0521289266594715,0.0818047120396407,0.0767418918446766,0.174237377131499,1,0,5,0.103735045370376,0.136546328704117,0.103735606319955,0.136546526873742,0,1,0,0,0
PROFILE_X_NOISE,P3|NOISE=WHITE,9,DESCRIPTIVE_ONLY,0.075193650897843,0.0799667243370343,0.0981872812642831,0.187991087598944,4,1,4,0.148999999999997,0.0991024379582479,0.149000030882301,0.0991484116633835,0,1,0,0,0
PROFILE_X_NOISE,P3|NOISE=STAGE5_TOEPLITZ_CORRELATED,9,DESCRIPTIVE_ONLY,0.0748762360792096,0.08921022716839,0.103593723531774,0.224134671650988,1,0,8,0.109864187593938,0.117134942629918,0.148903323014588,0.123419965565502,0,1,0,0,0
PROFILE_X_L,P4|L=1,6,DESCRIPTIVE_ONLY,0.165104641694893,0.196532399874626,0.372388853790681,0.372388853790681,0,3,3,0.317262612930918,0.347213595499958,0.321232435009531,0.353761482156571,0,1,0,0,0
PROFILE_X_L,P4|L=4,6,DESCRIPTIVE_ONLY,0.111540004990774,0.160807161633466,0.189186089048673,0.275444893140949,2,0,4,0.0990000000000005,0.0990708033286731,0.0990002762527845,0.0990734472672856,0,1,0,0,0
PROFILE_X_L,P4|L=8,6,DESCRIPTIVE_ONLY,0.0929413910675392,0.154491290256151,0.148480585395862,0.232416469519136,3,0,3,0.0989999999999992,0.104695664015093,0.099071651468071,0.145603449819554,0,1,0,0,0
PROFILE_X_SNR,P4|SNR=-6,6,DESCRIPTIVE_ONLY,0.146578332545545,0.21863207813302,0.319163010875529,0.362335864933081,1,1,4,0.176392182283564,0.139482936062183,0.244929381851486,0.236657405190744,0,1,0,0,0
PROFILE_X_SNR,P4|SNR=0,6,DESCRIPTIVE_ONLY,0.0872222457885977,0.179931473036821,0.155348702690219,0.219045877586096,2,1,3,0.0989999999999995,0.146225208255512,0.0990705952798067,0.148493528663787,0,1,0,0,0
PROFILE_X_SNR,P4|SNR=6,6,DESCRIPTIVE_ONLY,0.107653261703802,0.162094927378761,0.254070123818816,0.285497881998549,2,1,3,0.133508117163236,0.223252656440936,0.153418603886023,0.226529243384891,0,1,0,0,0
PROFILE_X_NOISE,P4|NOISE=WHITE,9,DESCRIPTIVE_ONLY,0.146397432399695,0.203845555131389,0.280839881994792,0.349916448486875,2,2,5,0.25378436456713,0.24732087171053,0.288703387862492,0.266224230923384,0,1,0,0,0
PROFILE_X_NOISE,P4|NOISE=STAGE5_TOEPLITZ_CORRELATED,9,DESCRIPTIVE_ONLY,0.0912310221022886,0.176051095083551,0.173857006559866,0.259083443955308,3,1,5,0.098999999999999,0.0963687072140455,0.0991791955302425,0.103020925639216,0,1,0,0,0
QUARTILE,b_parallel_abs:Q1,18,DESCRIPTIVE_ONLY,0.0620211852426162,0.0737909750153047,0.144032305349833,0.160702126512848,5,2,11,0.0937381478955142,0.0757581670794798,0.094255878242256,0.0838776881785682,0,1,0,0,0
QUARTILE,b_parallel_abs:Q2,18,DESCRIPTIVE_ONLY,0.079697705288207,0.168550474810373,0.17970509514581,0.232062035223862,6,0,12,0.148999999999999,0.131231201109682,0.14901469050314,0.145822656182374,0,1,0,0,0
QUARTILE,b_parallel_abs:Q3,18,DESCRIPTIVE_ONLY,0.0827429741478906,0.105770856521755,0.16956024200478,0.21892513637173,5,0,13,0.110098411801604,0.0956856320068847,0.114613708474367,0.116847912079067,0,1,0,0,0
QUARTILE,b_parallel_abs:Q4,18,DESCRIPTIVE_ONLY,0.12498330154003,0.123889809236491,0.262608779610882,0.414144967116639,7,6,5,0.099,0.143258502746612,0.150246362490589,0.147567554292724,0,1,0,0,0
QUARTILE,b_perp:Q1,18,DESCRIPTIVE_ONLY,0.0689412750503365,0.078402847664882,0.144032305349833,0.166528442095128,8,1,9,0.0981315512015677,0.0995512189791239,0.0984949338599008,0.105982095813637,0,1,0,0,0
QUARTILE,b_perp:Q2,18,DESCRIPTIVE_ONLY,0.107690151564661,0.0841984220874744,0.158215302045788,0.167540547029242,9,0,9,0.160092825823576,0.103476389135176,0.171372596678782,0.116074333204951,0,1,0,0,0
QUARTILE,b_perp:Q3,18,DESCRIPTIVE_ONLY,0.0823041306448501,0.112846718082846,0.143096145547713,0.225033025344834,5,1,12,0.0989999999999992,0.0886321327810687,0.099071651468071,0.0970452437839939,0,1,0,0,0
QUARTILE,b_perp:Q4,18,DESCRIPTIVE_ONLY,0.137262010400027,0.228512699442315,0.287226635156725,0.414144967116639,1,6,11,0.158508117163234,0.177520141763347,0.199044480702406,0.20006070648462,0,1,0,0,0
QUARTILE,K1_center_error_over_rho:Q1,18,DESCRIPTIVE_ONLY,0.0620211852426162,0.0780127939996443,0.144032305349833,0.160702126512848,5,1,12,0.0986315512015677,0.0995512189791239,0.122916265757685,0.101842463797084,0,1,0,0,0
QUARTILE,K1_center_error_over_rho:Q2,18,DESCRIPTIVE_ONLY,0.084505588775471,0.148194101092643,0.17970509514581,0.231434231482593,6,1,11,0.148999999999999,0.1146442424645,0.14901469050314,0.134373828304366,0,1,0,0,0
QUARTILE,K1_center_error_over_rho:Q3,18,DESCRIPTIVE_ONLY,0.0827429741478906,0.105770856521755,0.16956024200478,0.216502644471807,6,0,12,0.104666318004636,0.0886321327810687,0.113658955800091,0.107918352801553,0,1,0,0,0
QUARTILE,K1_center_error_over_rho:Q4,18,DESCRIPTIVE_ONLY,0.12498330154003,0.137262010400027,0.262608779610882,0.414144967116639,6,6,6,0.099,0.143258502746612,0.148996270182117,0.164979258280065,0,1,0,0,0
QUARTILE,diagnostic_axis_error_deg:Q1,18,DESCRIPTIVE_ONLY,0.0688273281915039,0.0795766706717966,0.144032305349833,0.142559263813685,6,3,9,0.0983221938990967,0.100856520247661,0.0983329513288839,0.100868217229824,0,1,0,0,0
QUARTILE,diagnostic_axis_error_deg:Q2,18,DESCRIPTIVE_ONLY,0.0746343396921107,0.0756999193002245,0.113348425863763,0.201566297567296,8,0,10,0.0989999999999988,0.0891481894007012,0.099000742546121,0.0897423934035622,0,1,0,0,0
QUARTILE,diagnostic_axis_error_deg:Q3,18,DESCRIPTIVE_ONLY,0.11663277079695,0.102961104128547,0.181895720194669,0.246836717765927,8,0,10,0.148999999999999,0.137049710741093,0.163501654401098,0.147567554292724,0,1,0,0,0
QUARTILE,diagnostic_axis_error_deg:Q4,18,DESCRIPTIVE_ONLY,0.109378961336125,0.206549251945275,0.287226635156725,0.368130438369584,1,5,12,0.125184653361925,0.145990758940007,0.19440815396472,0.236317174398901,0,1,0,0,0
QUARTILE,anchor_valid_ratio:Q1,18,DESCRIPTIVE_ONLY,0.129864133432483,0.162746579657763,0.218109054040266,0.313218956385686,3,5,10,0.159192770525161,0.196800263617797,0.186297921518079,0.206282699577651,0,1,0,0,0
QUARTILE,anchor_valid_ratio:Q2,18,DESCRIPTIVE_ONLY,0.0827429741478906,0.112846718082846,0.185245700236911,0.235841093034574,5,2,11,0.104666318004635,0.0857771552704304,0.113658955800091,0.0953472898756504,0,1,0,0,0
QUARTILE,anchor_valid_ratio:Q3,18,DESCRIPTIVE_ONLY,0.068966014065079,0.0907210212193751,0.151138440054871,0.297713911086968,6,1,11,0.0865279529312565,0.105998240731826,0.123557036399275,0.125514953641593,0,1,0,0,0
QUARTILE,anchor_valid_ratio:Q4,18,DESCRIPTIVE_ONLY,0.0929413910675392,0.0851670287010307,0.173610562386181,0.183349619048537,9,0,9,0.148974959706579,0.0989761636168401,0.148990467337948,0.111284188614443,0,1,0,0,0
QUARTILE,kappa_rho_selected:Q1,16,DESCRIPTIVE_ONLY,0.0964954283916426,0.0947799162268178,0.176943733695734,0.206549251945275,6,2,8,0.145464334275913,0.0981701118446766,0.147719071718969,0.103778720785,0,1,0,0,0
QUARTILE,kappa_rho_selected:Q2,16,DESCRIPTIVE_ONLY,0.0748440094662055,0.0958179770617578,0.144085520839484,0.228512699442315,6,1,9,0.0990000000000005,0.101210661556703,0.106657001779252,0.116847912079067,0,1,0,0,0
QUARTILE,kappa_rho_selected:Q3,16,DESCRIPTIVE_ONLY,0.0875257102128591,0.162312236189502,0.221864781046061,0.310054453490633,4,0,12,0.104666318004635,0.122368307593367,0.149009832194257,0.126286113334823,0,1,0,0,0
QUARTILE,kappa_rho_selected:Q4,16,DESCRIPTIVE_ONLY,0.0814411966457624,0.0587755148849128,0.16124099571104,0.149657360239727,7,1,8,0.122318231413096,0.0473600196161592,0.122916265757685,0.0621383043230873,0,1,0,0,0
