trial_id,paired_original_trial_id,global_trial_index,element_trial_hash,noise_profile_id,L,profile_id,source_seed,noise_seed,snr_control_domain,white_beamspace_snr_target_db,white_snr_scaling_relative_error,N_element,raw_beam_count,whitening_rank,element_signal_energy,element_noise_expected_energy,element_noise_realized_energy,element_snr_expected_db,element_snr_realized_db,raw_beam_signal_energy,raw_beam_noise_expected_energy,raw_beam_noise_realized_energy,raw_beam_snr_expected_db,raw_beam_snr_realized_db,white_beam_signal_energy,white_beam_noise_expected_energy,white_beam_noise_realized_energy,white_beam_snr_expected_db,white_beam_snr_realized_db,raw_receive_gain_db,white_receive_gain_db,raw_peak_beam_index,raw_peak_beam_snr_expected_db,raw_median_beam_snr_expected_db,true_center_projected_signal_energy,true_center_projected_noise_expected_energy,true_center_projected_noise_realized_energy,k2_projected_snr_expected_db,k2_projected_snr_realized_db,raw_covariance_residual,whitening_covariance_residual,whitening_trace,truth_only_diagnostic_flag,fitting_rerun_flag
SW1_K2_N1_L1_SM6_P1,TP1_K2_N1_L1_SM6_P1,1,df6717abb6c8aab8508a015d3306b153ccfe874c787b8cadad08c837eba5d13a,WHITE,1,P1,3326074000,3326075000,WHITENED_SEQUENTIAL_BEAMSPACE_EXPECTED_TOTAL_SNR,-6,6.10622663543836e-16,2080,15,15,3.76782967586144,2080,2014.2986427002,-27.4197207261087,-27.280325977394,36.258926251847,15,11.5157913061314,3.83323679981182,4.98121153221299,3.76782964172436,14.9999999779448,13.7666125812658,-6.00000000000001,-5.6273583229415,31.2529575259205,21.4197207261087,8,5.75823484967415,4.53387457934268,0.00232241902684431,13.9999999779449,12.7704638175764,-37.8018745411859,-37.4026609005716,0,5.79666056593029e-09,14.9999999779448,1,0
SW1_K2_N1_L1_SM6_P2,TP1_K2_N1_L1_SM6_P2,2,aa1b0e9f1576346d39d65afb1043cb3496ca803e98fed3345d131f316ddfa096,WHITE,1,P2,3326074001,3326075001,WHITENED_SEQUENTIAL_BEAMSPACE_EXPECTED_TOTAL_SNR,-6,2.22044604925031e-16,2080,15,15,3.76782965935412,2080,2169.63239445476,-27.4197207451357,-27.6029489617174,36.0022528772861,15,12.4137051915606,3.80238418977177,4.62428250758149,3.76782964172436,14.9999999779448,13.3045397412132,-6,-5.47908596696611,31.2221049349075,21.4197207451357,8,5.69753691467352,4.12534559794869,0.0493598684942154,13.9999999779448,12.3908962993635,-24.5275404102546,-23.9972872837104,0,5.79666056593029e-09,14.9999999779448,1,0
SW1_K2_N1_L1_SM6_P3,TP1_K2_N1_L1_SM6_P3,3,b3660cd03831c7407f6c538df6805be2ea70cc075c26a84655f32ee6578fa6f5,WHITE,1,P3,3326074002,3326075002,WHITENED_SEQUENTIAL_BEAMSPACE_EXPECTED_TOTAL_SNR,-6,1.66533453693773e-16,2080,15,15,3.76790301873491,2080,2079.887636251,-27.419636189126,-27.4194015724227,10.6019680706535,15,23.4123151610762,-1.50704767103385,-3.44057869713794,3.76782964172437,14.9999999779448,14.179369567297,-6,-5.75565663577274,25.9125885180921,21.419636189126,7,0.653063422364492,-1.12158472786441,2.72518167927209,13.9999999779448,12.529505041518,-7.10732574372155,-6.62538454587465,0,5.79666056593029e-09,14.9999999779448,1,0
SW1_K2_N1_L1_SM6_P4,TP1_K2_N1_L1_SM6_P4,4,6c807e0b30a34ef15e9c5a057edcb0ff0067e3b947a0047e85fd21baf3c4cef7,WHITE,1,P4,3326074003,3326075003,WHITENED_SEQUENTIAL_BEAMSPACE_EXPECTED_TOTAL_SNR,-6,8.88178419700125e-16,2080,15,15,3.7678298884755,2080,2052.36977404282,-27.4197204810416,-27.361643231673,36.0633996974927,15,12.9231625887326,3.80975406211057,4.45697856966896,3.76782964172438,14.9999999779448,13.8770909796987,-5.99999999999998,-5.66207177163239,31.2294745431522,21.4197204810416,8,5.71707940962167,4.16351427345383,0.00216366408894978,13.9999999779448,12.5364378314501,-38.1093819798619,-37.6298431432617,0,5.79666056593029e-09,14.9999999779448,1,0
SW1_K2_N1_L1_SP0_P1,TP1_K2_N1_L1_SP0_P1,5,52323cdbc476079ab21ba46c24d5222b881eb964b17428627997b309a06730a8,WHITE,1,P1,3326074004,3326075004,WHITENED_SEQUENTIAL_BEAMSPACE_EXPECTED_TOTAL_SNR,0,4.44089209850063e-16,2080,15,15,15.0000001802904,2080,1961.84914129985,-21.4197207068714,-21.1657434446659,144.303846709899,15,23.1220146641931,9.83186649186918,7.95252235958533,14.9999999779449,14.9999999779448,13.7831197543623,1.92865493310657e-15,0.367437288893707,31.2515871987406,21.4197207068714,8,11.7568237804997,10.5326415705094,0.0141155817280157,13.9999999779449,11.7161061332348,-29.9642925410084,-29.1908451629775,0,5.79666056593029e-09,14.9999999779448,1,0
SW1_K2_N1_L1_SP0_P2,TP1_K2_N1_L1_SP0_P2,6,fc3f85635d9d8b10285cdab0102d0d9ef96dd4d828e3854c8f9b326eca7a925e,WHITE,1,P2,3326074005,3326075005,WHITENED_SEQUENTIAL_BEAMSPACE_EXPECTED_TOTAL_SNR,0,3.77475828372553e-15,2080,15,15,15.000000048076,2080,2002.72781679998,-21.4197207451514,-21.255306695279,143.327412370516,15,38.4779062599316,9.80238001144297,5.71117827928203,14.9999999779448,14.9999999779448,28.1059573311358,-1.63935669314059e-14,-2.72707124186356,31.2221007565943,21.4197207451513,8,11.6975669393261,10.1259459287596,0.196981387155329,13.9999999779448,26.91704772833,-18.5170284354123,-21.3560223313304,0,5.79666056593029e-09,14.9999999779448,1,0
SW1_K2_N1_L1_SP0_P3,TP1_K2_N1_L1_SP0_P3,7,aa369159a6dd5ed031e1dea97c8b375f4b55bf0a3272917563b08871bcfed2b1,WHITE,1,P3,3326074006,3326075006,WHITENED_SEQUENTIAL_BEAMSPACE_EXPECTED_TOTAL_SNR,0,2.22044604925031e-16,2080,15,15,15.0000015118784,2080,2075.06455570223,-21.4197203213372,-21.4094030942347,143.516510713021,15,14.6627014631577,9.80810607861572,9.90687874616405,14.9999999779448,14.9999999779448,11.1144380790033,9.64327466553287e-16,1.30203747779507,31.2278263999529,21.4197203213372,8,11.7198368132912,10.2669818765243,0.000115778341391132,13.9999999779448,9.52712414893908,-50.8250071130274,-49.153345008994,0,5.79666056593029e-09,14.9999999779448,1,0
SW1_K2_N1_L1_SP0_P4,TP1_K2_N1_L1_SP0_P4,8,99107b2d5c699fd4d4f67bcc275c92c2add038007d57d2453b7928831218e572,WHITE,1,P4,3326074007,3326075007,WHITENED_SEQUENTIAL_BEAMSPACE_EXPECTED_TOTAL_SNR,0,3.33066907387547e-16,2080,15,15,15.0000009043689,2080,2057.95709632994,-21.4197204972292,-21.3734503124032,143.605616054207,15,26.1069711074911,9.81080165346836,7.40414935865945,14.9999999779448,14.9999999779448,20.9261384932571,-1.44649119982993e-15,-1.44597836821125,31.2305221506976,21.4197204972292,8,11.7185823338156,10.1680480135377,0.00646430328307014,13.9999999779448,18.607153931101,-33.3560631113317,-34.5915822656476,0,5.79666056593029e-09,14.9999999779448,1,0
SW1_K2_N1_L1_SP6_P1,TP1_K2_N1_L1_SP6_P1,9,b38d49764b8847ae7edc3eaf0b2a5a54446af779f6b26bfe68773dd2a24bd89c,WHITE,1,P1,3326074008,3326075008,WHITENED_SEQUENTIAL_BEAMSPACE_EXPECTED_TOTAL_SNR,6,2.78875415150546e-15,2080,15,15,59.7160774071128,2080,2085.1921051358,-15.4197206264111,-15.4305479962945,573.788140613507,15,5.7990507441729,15.8266030869651,19.9539465872499,59.7160754952216,14.9999999779448,15.6269571618152,6.00000000000001,5.82216836794791,31.2463237133762,21.4197206264112,8,17.7508945515175,16.5273671200712,0.137590543035056,13.9999999779449,15.6103204091093,-20.0753945028668,-20.5482323254337,0,5.79666056593029e-09,14.9999999779448,1,0
SW1_K2_N1_L1_SP6_P2,TP1_K2_N1_L1_SP6_P2,10,901a3b47cc2c1bacce6f63464692d2597f800519ef8e2b6f0a49b045d03921f7,WHITE,1,P2,3326074009,3326075009,WHITENED_SEQUENTIAL_BEAMSPACE_EXPECTED_TOTAL_SNR,6,4.35045647634851e-15,2080,15,15,59.7160758489336,2080,2046.73287438564,-15.4197207397322,-15.3496990421792,570.628709087649,15,19.8000151371094,15.8026235874679,14.5968809552273,59.7160754952212,14.9999999779448,16.486151409951,5.99999999999998,5.58971974300658,31.2223443272001,21.4197207397321,8,17.6871705537248,15.9131169997639,0.131950417433585,13.9999999779448,14.5857840321868,-20.2571726651745,-20.4351901031544,0,5.79666056593029e-09,14.9999999779448,1,0
SW1_K2_N1_L1_SP6_P3,TP1_K2_N1_L1_SP6_P3,11,b11a17d298f634312bf46b4826377192bb51ca6612beb622a10ef34e593965fb,WHITE,1,P3,3326074010,3326075010,WHITENED_SEQUENTIAL_BEAMSPACE_EXPECTED_TOTAL_SNR,6,6.6930099636131e-16,2080,15,15,59.7160855626052,2080,2173.83301946766,-15.4197200332903,-15.6113484955678,569.33175090933,15,10.6452404841491,15.7927414548344,17.2820992760844,59.7160754952214,14.9999999779448,19.9707944363114,6,4.75695917009423,31.2124614881247,21.4197200332903,8,17.7090289585843,16.2522083754839,0.148249377155484,13.9999999779448,19.377859203276,-19.7513515756825,-21.1631291863469,0,5.79666056593029e-09,14.9999999779448,1,0
SW1_K2_N1_L1_SP6_P4,TP1_K2_N1_L1_SP6_P4,12,1a134101c23478c675e6ebe635114e7af0f6ec1c6047d4a008154d5375b4e075,WHITE,1,P4,3326074011,3326075011,WHITENED_SEQUENTIAL_BEAMSPACE_EXPECTED_TOTAL_SNR,6,1.11550166060218e-15,2080,15,15,59.71608028948,2080,2053.81296871816,-15.4197204167865,-15.3646959858085,571.04239687787,15,15.2329994453228,15.8057709445561,15.7388292724051,59.7160754952214,14.9999999779448,6.13093022228098,5.99999999999999,9.88564885080747,31.2254913613426,21.4197204167865,8,17.7111130966774,16.1454301731469,0.0682779539930724,13.9999999779448,4.65804058510712,-23.1184753635968,-18.3392276955125,0,5.79666056593029e-09,14.9999999779448,1,0
SW1_K2_N1_L4_SM6_P1,TP1_K2_N1_L4_SM6_P1,13,473d9cfdee984c5f1b0cbd2bc6383a0114ea22c95fe7c9b6501b907aa07748f3,WHITE,4,P1,3326074012,3326075012,WHITENED_SEQUENTIAL_BEAMSPACE_EXPECTED_TOTAL_SNR,-6,1.66533453693773e-16,2080,15,15,15.0713207163827,8320,8355.255880821,-27.4197201460617,-27.4380844307471,144.084592864931,60,90.5778476923011,3.80466293293078,2.01595546897707,15.0713185668975,59.9999999117794,49.6674880174406,-6,-5.17920945930605,31.2243830789925,21.4197201460617,8,5.71486973253732,4.49343008215981,0.158938475588206,55.9999999117794,42.3158635516443,-25.4695898302938,-24.2527416477761,0,5.79666056593029e-09,14.9999999779448,1,0
SW1_K2_N1_L4_SM6_P2,TP1_K2_N1_L4_SM6_P2,14,e75850523ae740b3b0092d4ea7cb5b0d2855551ae21728671dc82cdf4865c55a,WHITE,4,P2,3326074013,3326075013,WHITENED_SEQUENTIAL_BEAMSPACE_EXPECTED_TOTAL_SNR,-6,1.11022302462516e-16,2080,15,15,15.0713186492896,8320,8337.23199642671,-27.4197207417143,-27.4287063446424,144.009734554954,60,69.8115008658288,3.80240599493617,3.14464874945774,15.0713185668975,59.9999999117794,61.3282204324921,-6,-6.09509113155981,31.2221267366505,21.4197207417143,8,5.69097706022191,3.98828688588414,0.0936207848074773,55.9999999117794,56.8297109243798,-27.7681574889689,-27.8320316950001,0,5.79666056593029e-09,14.9999999779448,1,0
SW1_K2_N1_L4_SM6_P3,TP1_K2_N1_L4_SM6_P3,15,a1e0b04f2bdda43657105fbe08493ad6c958731b877be3aee6d7eb4529b75195,WHITE,4,P3,3326074014,3326075014,WHITENED_SEQUENTIAL_BEAMSPACE_EXPECTED_TOTAL_SNR,-6,1.11022302462516e-16,2080,15,15,15.071320215064,8320,8385.15425141992,-27.4197202905215,-27.4535975896105,144.193515006478,60,66.4972496225003,3.80794478375403,3.36142045838996,15.0713185668975,59.9999999117794,55.0444865678183,-6,-5.62562575413971,31.2276650742755,21.4197202905215,8,5.71870398517344,4.26668117134257,0.00411315051959979,55.9999999117794,50.8478699070715,-41.3401342363622,-40.9209816171197,0,5.79666056593029e-09,14.9999999779448,1,0
SW1_K2_N1_L4_SM6_P4,TP1_K2_N1_L4_SM6_P4,16,38b77ba2c8fdc0ec783d836b59b25e55066f957a6839b86b5232ba92cecd291a,WHITE,4,P4,3326074015,3326075015,WHITENED_SEQUENTIAL_BEAMSPACE_EXPECTED_TOTAL_SNR,-6,5.55111512312578e-17,2080,15,15,15.0713210684943,8320,8209.7667522107,-27.4197200445974,-27.3617949671759,143.418629280104,60,54.1741360924428,3.78454317043442,4.22813573014861,15.0713185668975,59.9999999117794,52.5738445916868,-6,-5.42618487286723,31.2042632150318,21.4197200445974,8,5.67644103361219,4.03872204926565,0.0669713293194715,55.9999999117794,49.5153974659216,-29.2229910695309,-28.6885135016396,0,5.79666056593029e-09,14.9999999779448,1,0
SW1_K2_N1_L4_SP0_P1,TP1_K2_N1_L4_SP0_P1,17,679a5d2e0ab2d6bfb1058f6bb0046d919c6ab7ab6511eb050dca6456995a3b80,WHITE,4,P1,3326074016,3326075016,WHITENED_SEQUENTIAL_BEAMSPACE_EXPECTED_TOTAL_SNR,0,2.22044604925031e-16,2080,15,15,60.0000084690342,8320,8461.50107817838,-21.4197201460617,-21.4929610243504,573.611095858104,60,52.1449955886914,9.80466293293078,10.4140490862279,59.9999999117794,59.9999999117794,60.2200303727876,9.64327466553287e-16,-0.0158972047401569,31.2243830789925,21.4197201460617,8,11.7148697325373,10.4934300821598,0.632745468085069,55.9999999117794,56.8428425280563,-19.4695898302938,-19.5344674417852,0,5.79666056593029e-09,14.9999999779448,1,0
SW1_K2_N1_L4_SP0_P2,TP1_K2_N1_L4_SP0_P2,18,0fa57ac247ee0b25948978fb76ad45e452fc4eeb9ed84c2eb7395d00cf5732e2,WHITE,4,P2,3326074017,3326075017,WHITENED_SEQUENTIAL_BEAMSPACE_EXPECTED_TOTAL_SNR,0,6.66133814775094e-16,2080,15,15,60.0000002397885,8320,8304.8807370364,-21.4197207417143,-21.4118214798915,573.31307955833,60,29.5822548008469,9.80240599493617,12.8736057642177,59.9999999117794,59.9999999117794,57.2704802840707,2.89298239965986e-15,0.202204245181324,31.2221267366505,21.4197207417143,8,11.6909770602219,9.98828688588414,0.372711057447027,55.9999999117794,56.214060521956,-21.7681574889689,-21.7847267948473,0,5.79666056593029e-09,14.9999999779448,1,0
SW1_K2_N1_L4_SP0_P3,TP1_K2_N1_L4_SP0_P3,19,dfacba5fdf5259547bd37fcffe97a1b947dd7e888f6694487f0017b65b91493e,WHITE,4,P3,3326074018,3326075018,WHITENED_SEQUENTIAL_BEAMSPACE_EXPECTED_TOTAL_SNR,0,1.11022302462516e-16,2080,15,15,60.0000086057774,8320,8300.25727627914,-21.4197201361639,-21.4094024138086,572.701164398628,60,58.1893345592299,9.79776815724945,9.93084675385481,59.9999999117794,59.9999999117794,58.0642555394861,-4.82163733276644e-16,0.142423875641218,31.2174882934134,21.4197201361639,8,11.7128850081198,10.2570874079892,0.0959137112677786,55.9999999117794,53.7422107899591,-27.663073304935,-27.48434832181,0,5.79666056593029e-09,14.9999999779448,1,0
SW1_K2_N1_L4_SP0_P4,TP1_K2_N1_L4_SP0_P4,20,cedf4b9e08a3c3c38a3a2ef04feed13c10552efe8dbda8d319892649b432e196,WHITE,4,P4,3326074019,3326075019,WHITENED_SEQUENTIAL_BEAMSPACE_EXPECTED_TOTAL_SNR,0,1.11022302462516e-16,2080,15,15,60.0000033269994,8320,8303.74275383183,-21.4197205182546,-21.4112261200228,574.632328418669,60,72.3183242193393,9.81238805067773,9.00141701462068,59.9999999117794,59.9999999117794,56.7281628779826,-4.82163733276644e-16,0.243525304298712,31.2321085689323,21.4197205182546,8,11.7205394260394,10.1738777476832,0.0147161294419553,55.9999999117794,52.9771211315389,-35.803944271249,-35.5629475509144,0,5.79666056593029e-09,14.9999999779448,1,0
SW1_K2_N1_L4_SP6_P1,TP1_K2_N1_L4_SP6_P1,21,a208f094dde39db771ac2da5be72364a1fd8e3eacf00712d6d34924774934436,WHITE,4,P1,3326074020,3326075020,WHITENED_SEQUENTIAL_BEAMSPACE_EXPECTED_TOTAL_SNR,6,3.34650498180655e-16,2080,15,15,238.864336047931,8320,8293.47732285007,-15.4197201460617,-15.4058534980464,2283.58690370161,60,92.8301605713033,15.8046629329308,13.9092844200968,238.864301980886,59.9999999117794,70.992437113007,6,5.26939164336337,31.2243830789925,21.4197201460617,8,17.7148697325373,16.4934300821598,2.51900507979894,55.9999999117794,64.9817262328176,-13.4695898302938,-14.1156220085743,0,5.79666056593029e-09,14.9999999779448,1,0
SW1_K2_N1_L4_SP6_P2,TP1_K2_N1_L4_SP6_P2,22,a444b533f6d451fab4f4651943165e0cc1d4478ebbfb2fe70aac464b489584d3,WHITE,4,P2,3326074021,3326075021,WHITENED_SEQUENTIAL_BEAMSPACE_EXPECTED_TOTAL_SNR,6,1.11550166060218e-16,2080,15,15,238.864303286714,8320,8434.57342126499,-15.4197207417143,-15.4791187090835,2282.40047944279,60,51.4279298661321,15.8024059949362,16.4719280690577,238.864301980886,59.9999999117794,50.8187345852559,6,6.72127403070141,31.2221267366505,21.4197207417143,8,17.6909770602219,15.9882868858841,1.48378944514237,55.9999999117794,47.5753523039518,-15.7681574889689,-15.0600973557377,0,5.79666056593029e-09,14.9999999779448,1,0
SW1_K2_N1_L4_SP6_P3,TP1_K2_N1_L4_SP6_P3,23,65bce83d5c54c5190cfe619e496a712b3538b59758d67a11a3c80dcbe604a06c,WHITE,4,P3,3326074022,3326075022,WHITENED_SEQUENTIAL_BEAMSPACE_EXPECTED_TOTAL_SNR,6,3.34650498180655e-16,2080,15,15,238.864329095243,8320,8288.02612248778,-15.419720272473,-15.4029981218428,2285.20311946163,60,76.3428177483982,15.8077355784753,14.7615662288274,238.864301980886,59.9999999117794,58.7079037066488,6,6.09454676519329,31.2274558509482,21.419720272473,8,17.7180386424814,16.2664059999595,0.102281990184503,55.9999999117794,52.9858877767957,-27.3838885646188,-27.1436104546195,0,5.79666056593029e-09,14.9999999779448,1,0
SW1_K2_N1_L4_SP6_P4,TP1_K2_N1_L4_SP6_P4,24,0f712be1f453ee211d64bc2f56b84a7ba963fd8cc9f14f418ea33bfef66a81c7,WHITE,4,P4,3326074023,3326075023,WHITENED_SEQUENTIAL_BEAMSPACE_EXPECTED_TOTAL_SNR,6,1.11550166060218e-16,2080,15,15,238.864315441909,8320,8231.91476549032,-15.419720520713,-15.3734959080647,2287.98580282455,60,64.8787433271347,15.8130207490601,15.4735089609914,238.864301980886,59.9999999117794,52.1827540309626,6,6.60624253768011,31.2327412697731,21.419720520713,8,17.7207796428678,16.1744562346291,0.0536044573402117,55.9999999117794,47.3001563910461,-30.1898712249171,-29.4566167284103,0,5.79666056593029e-09,14.9999999779448,1,0
SW1_K2_N1_L8_SM6_P1,TP1_K2_N1_L8_SM6_P1,25,76e1de30c89ca88d08792e9e74bd43473919469dcd9c5c1bf4d1334bae5d418e,WHITE,8,P1,3326074024,3326075024,WHITENED_SEQUENTIAL_BEAMSPACE_EXPECTED_TOTAL_SNR,-6,0,2080,15,15,30.1426414327652,16640,16478.5050409291,-27.4197201460617,-27.3773650183751,288.169185729863,120,154.319723986732,3.80466293293079,2.71226101474874,30.1426371337949,119.999999823559,108.22990257705,-6,-5.55166022108572,31.2243830789925,21.4197201460617,8,5.71486973253732,4.49343008215981,0.317876951176412,111.999999823559,94.9474325003849,-25.4695898302938,-24.7522418639876,0,5.79666056593029e-09,14.9999999779448,1,0
SW1_K2_N1_L8_SM6_P2,TP1_K2_N1_L8_SM6_P2,26,dbffa3e71c9a56a22fa5d02b51ae8c413792f846119d9bda0e654777ada67f92,WHITE,8,P2,3326074025,3326075025,WHITENED_SEQUENTIAL_BEAMSPACE_EXPECTED_TOTAL_SNR,-6,1.11022302462516e-16,2080,15,15,30.1426372985793,16640,16211.3856340741,-27.4197207417143,-27.306388890587,288.019469109909,120,187.999701830722,3.80240599493617,1.85264685072108,30.1426371337949,119.999999823559,101.025377238982,-6,-5.25249235408195,31.2221267366505,21.4197207417143,8,5.69097706022191,3.98828688588415,0.187241569614955,111.999999823559,86.8424408436611,-27.7681574889689,-26.6632974839566,0,5.79666056593029e-09,14.9999999779448,1,0
SW1_K2_N1_L8_SM6_P3,TP1_K2_N1_L8_SM6_P3,27,cc216358a38f2ab23554c1e4440c66d80917b330f2873cb933f1ed30f119241a,WHITE,8,P3,3326074026,3326075026,WHITENED_SEQUENTIAL_BEAMSPACE_EXPECTED_TOTAL_SNR,-6,1.11022302462516e-16,2080,15,15,30.1426415464773,16640,16664.8500151794,-27.4197201296781,-27.4262010034641,287.692613756186,120,138.967011220928,3.79747465873605,3.16016994725229,30.1426371337949,119.999999823559,130.505819963234,-6,-6.36448634246519,31.2171947884142,21.4197201296781,8,5.71264234741307,4.25680002733937,0.0498650235717878,111.999999823559,121.265777560208,-33.514219933135,-33.8594222715077,0,5.79666056593029e-09,14.9999999779448,1,0
SW1_K2_N1_L8_SM6_P4,TP1_K2_N1_L8_SM6_P4,28,5570c408721b04e613ba1c9afad6eab859cd06f956a3d8eed18fb5442f95f55b,WHITE,8,P4,3326074027,3326075027,WHITENED_SEQUENTIAL_BEAMSPACE_EXPECTED_TOTAL_SNR,-6,1.11022302462516e-16,2080,15,15,30.1426390672094,16640,16579.9054971963,-27.4197204868905,-27.4040077754672,288.629669484398,120,152.282961626829,3.81159726001136,2.77689657585956,30.1426371337949,119.999999823559,124.213730129002,-6,-6.14988358400016,31.2313177469018,21.4197204868905,8,5.71765997447501,4.16481618740415,0.0158331983357714,111.999999823559,113.424577256383,-38.4964936996161,-38.5513851726202,0,5.79666056593029e-09,14.9999999779448,1,0
SW1_K2_N1_L8_SP0_P1,TP1_K2_N1_L8_SP0_P1,29,a9f9b6c26af88d3350799385df0af683747e3cfe7a25f30e83f5db4ec9e7db78,WHITE,8,P1,3326074028,3326075028,WHITENED_SEQUENTIAL_BEAMSPACE_EXPECTED_TOTAL_SNR,0,2.22044604925031e-16,2080,15,15,120.000016938067,16640,16701.0062048966,-21.4197201460617,-21.4356133003079,1147.22219171621,120,239.874172213109,9.80466293293078,6.79664050310668,119.999999823559,119.999999823559,154.368919958263,9.64327466553287e-16,-1.09378620219288,31.2243830789925,21.4197201460617,8,11.7148697325373,10.4934300821598,1.26549093617014,111.999999823559,137.773640391219,-19.4695898302938,-20.3690709495968,0,5.79666056593029e-09,14.9999999779448,1,0
SW1_K2_N1_L8_SP0_P2,TP1_K2_N1_L8_SP0_P2,30,9b8b1be86a5dd2d498dd5a5395619c8065fae3da8847e53ca9b346e26f3e6251,WHITE,8,P2,3326074029,3326075029,WHITENED_SEQUENTIAL_BEAMSPACE_EXPECTED_TOTAL_SNR,0,4.44089209850063e-16,2080,15,15,120.000000479577,16640,16700.4572117929,-21.4197207417143,-21.4354711329489,1146.62615911666,120,89.6538914264085,9.80240599493617,11.0685270068556,119.999999823559,119.999999823559,113.771221641544,1.92865493310657e-15,0.231488239726695,31.2221267366505,21.4197207417143,8,11.6909770602219,9.98828688588415,0.745422114894053,111.999999823559,110.013038282998,-21.7681574889689,-21.6904188587639,0,5.79666056593029e-09,14.9999999779448,1,0
SW1_K2_N1_L8_SP0_P3,TP1_K2_N1_L8_SP0_P3,31,0166683ae0ab997b39723d5a839e2f45161f0fbdf005a787182b1ff37aec3f45,WHITE,8,P3,3326074030,3326075030,WHITENED_SEQUENTIAL_BEAMSPACE_EXPECTED_TOTAL_SNR,0,2.22044604925031e-16,2080,15,15,120.000015772197,16640,16690.8499931987,-21.419720188256,-21.4329715086327,1147.56457393498,120,121.992042646894,9.80595886780058,9.73445629589422,119.999999823559,119.999999823559,119.889317430426,9.64327466553287e-16,0.00400757787322921,31.2256790560566,21.419720188256,8,11.7149207371264,10.2644308187073,0.138308074870673,111.999999823559,111.351285645852,-29.083704856265,-29.0584769934082,0,5.79666056593029e-09,14.9999999779448,1,0
SW1_K2_N1_L8_SP0_P4,TP1_K2_N1_L8_SP0_P4,32,11d54add4f849f374d11950c34f4e84ff1a29aa5bf007c1239102e035d551ce4,WHITE,8,P4,3326074031,3326075031,WHITENED_SEQUENTIAL_BEAMSPACE_EXPECTED_TOTAL_SNR,0,6.66133814775094e-16,2080,15,15,120.000014886445,16640,16614.011013592,-21.4197202203124,-21.4129319410395,1145.3481820771,120,100.947114854035,9.79756284792683,10.5484361985265,119.999999823559,119.999999823559,121.776287000772,2.89298239965986e-15,-0.0638148272905806,31.2172830682393,21.4197202203124,8,11.6929211727756,10.0887311006588,0.346947937794122,111.999999823559,115.539493880387,-25.0895371153251,-25.2246615033337,0,5.79666056593029e-09,14.9999999779448,1,0
SW1_K2_N1_L8_SP6_P1,TP1_K2_N1_L8_SP6_P1,33,896e6fb04a80581b97b21a6e75d3746904239ee685d95e7949828de53c670676,WHITE,8,P1,3326074032,3326075032,WHITENED_SEQUENTIAL_BEAMSPACE_EXPECTED_TOTAL_SNR,6,3.34650498180655e-16,2080,15,15,477.728672095858,16640,16737.6086717858,-15.4197201460617,-15.4451210241186,4567.17380740322,120,111.446480339815,15.8046629329308,16.1258118203036,477.728603961771,119.999999823559,118.421677041145,6,6.05750038312144,31.2243830789925,21.4197201460617,8,17.7148697325373,16.4934300821598,5.03801015959788,111.999999823559,112.800115425349,-13.4695898302938,-13.5005050509288,0,5.79666056593029e-09,14.9999999779448,1,0
SW1_K2_N1_L8_SP6_P2,TP1_K2_N1_L8_SP6_P2,34,f491ad261b1fe13397804a4176d3a7de05b56eb643fc05851b838005fcf7deff,WHITE,8,P2,3326074033,3326075033,WHITENED_SEQUENTIAL_BEAMSPACE_EXPECTED_TOTAL_SNR,6,0,2080,15,15,477.728606573428,16640,16651.3025595032,-15.4197207417143,-15.4226696437006,4564.80095888558,120,141.017997813081,15.8024059949362,15.1014730131072,477.728603961771,119.999999823559,128.290905942909,6,5.70985373436255,31.2221267366505,21.4197207417143,8,17.6909770602219,15.9882868858841,2.96757889028474,111.999999823559,119.012577890659,-15.7681574889689,-16.031905893105,0,5.79666056593029e-09,14.9999999779448,1,0
SW1_K2_N1_L8_SP6_P3,TP1_K2_N1_L8_SP6_P3,35,87e02a9d5408cb556ccfff80b2519a454f23bf7baa3a958756d2422e97fe2472,WHITE,8,P3,3326074034,3326075034,WHITENED_SEQUENTIAL_BEAMSPACE_EXPECTED_TOTAL_SNR,6,3.34650498180655e-16,2080,15,15,477.728742120719,16640,16414.2713855331,-15.4197195094785,-15.3604023855223,4532.81253578631,120,113.916671897992,15.7718651219988,15.9978046978347,477.728603961771,119.999999823559,113.41906748151,6,6.24495173163537,31.1915846314773,21.4197195094785,8,17.68941322632,16.2314302520532,3.33700751261309,111.999999823559,106.598615444723,-15.258608376019,-15.0439437951262,0,5.79666056593029e-09,14.9999999779448,1,0
SW1_K2_N1_L8_SP6_P4,TP1_K2_N1_L8_SP6_P4,36,f06ecd64bdc707979046a9567daffbcaa09a336fe4fcb71235e597dcbc672441,WHITE,8,P4,3326074035,3326075035,WHITENED_SEQUENTIAL_BEAMSPACE_EXPECTED_TOTAL_SNR,6,3.34650498180655e-16,2080,15,15,477.72863594937,16640,16602.2649440188,-15.4197204746629,-15.4098606569558,4572.21353606667,120,95.3005512967401,15.8094525900236,16.8103109208805,477.728603961772,119.999999823559,131.578302282711,6,5.59996966889521,31.2291730646865,21.4197204746629,8,17.7164898892996,16.161700828496,0.301410752493139,111.999999823559,126.815109392758,-25.7005928075875,-26.240122594397,0,5.79666056593029e-09,14.9999999779448,1,0
SW1_K2_N2_L1_SM6_P1,TP1_K2_N2_L1_SM6_P1,37,b802bc77cc041ea74e30b41a9ac8bc3443ae3f341397359a4a4cdc0a71a76c20,STAGE5_TOEPLITZ_CORRELATED,1,P1,3326074036,3326075036,WHITENED_SEQUENTIAL_BEAMSPACE_EXPECTED_TOTAL_SNR,-6,2.40918396343659e-14,2080,15,15,2.56202680497458,2080,2174.12506919113,-29.0947966576344,-29.2870085458831,17.6956666955947,28.137083854678,36.2493446480337,-2.01412155268865,-3.11433229762295,3.76782964947763,15.0000000088126,9.13810646822133,-6.00000000000042,-3.84764954410171,27.0806751049458,23.094796657634,8,-0.985620014934775,-1.88946819295588,1.81868034671924,14.0000000088115,8.96215483697391,-8.86371662262006,-6.92656069152624,1.45208054544538e-16,3.10707119171564e-09,15.0000000088126,1,0
SW1_K2_N2_L1_SM6_P2,TP1_K2_N2_L1_SM6_P2,38,d0d3ea506187f34313982e71641a3ddc9b22dc2cf478b61d23de48155b563355,STAGE5_TOEPLITZ_CORRELATED,1,P2,3326074037,3326075037,WHITENED_SEQUENTIAL_BEAMSPACE_EXPECTED_TOTAL_SNR,-6,2.54796184151473e-14,2080,15,15,2.82830668451747,2080,2161.59283539389,-28.6653683501042,-28.832473922576,27.0081917185198,28.137083854678,26.7279433883383,-0.177835770639593,0.045299650450579,3.76782964947838,15.0000000088126,17.5295530343503,-5.99999999999956,-6.6767958335508,28.4875325794646,22.6653683501046,8,1.72304450920247,0.306192813266694,0.0838044204384632,14.0000000088113,17.2655389373815,-22.2286110895137,-23.1391321223771,1.45208054544538e-16,3.10707119171564e-09,15.0000000088126,1,0
SW1_K2_N2_L1_SM6_P3,TP1_K2_N2_L1_SM6_P3,39,aa26c4483b65cbb22f2890cfaf7365012c60b484e597310bdad214b7c150967c,STAGE5_TOEPLITZ_CORRELATED,1,P3,3326074038,3326075038,WHITENED_SEQUENTIAL_BEAMSPACE_EXPECTED_TOTAL_SNR,-6,4.25770529943748e-14,2080,15,15,2.82538350186223,2080,2216.01680892229,-28.6698593008568,-28.9449564540066,26.9736519583028,28.137083854678,22.7236586180209,-0.183393353817135,0.744614933290606,3.76782964947735,15.0000000088126,13.6835082003031,-6.00000000000074,-5.60106197481661,28.4864659470397,22.6698593008561,8,1.72307091753003,0.381096434977565,0.013865347003944,14.000000008812,11.929109769706,-30.0419729294199,-29.3467729189878,1.45208054544538e-16,3.10707119171564e-09,15.0000000088126,1,0
SW1_K2_N2_L1_SM6_P4,TP1_K2_N2_L1_SM6_P4,40,bd0b92bd632cde1e28d61f5b3e74bed052e88fc512f66562678fc6579483b103,STAGE5_TOEPLITZ_CORRELATED,1,P4,3326074039,3326075039,WHITENED_SEQUENTIAL_BEAMSPACE_EXPECTED_TOTAL_SNR,-6,5.50115508701765e-14,2080,15,15,2.84491771415282,2080,2026.80543275921,-28.6399362549922,-28.5274235026314,27.2387867106726,28.137083854678,6.04599636403994,-0.140913258546466,6.53719877354686,3.76782964947882,15.0000000088126,12.1273119617068,-5.99999999999905,-5.0767329014869,28.4990229964457,22.6399362549932,8,1.76519109692943,0.174436056651524,0.00300564850829374,14.0000000088112,12.0503727956835,-36.681898447419,-36.0306229143597,1.45208054544538e-16,3.10707119171564e-09,15.0000000088126,1,0
SW1_K2_N2_L1_SP0_P1,TP1_K2_N2_L1_SP0_P1,41,ccec5b52f988f1b30a872580447db4f8bcb1eba5ac2169771bd868c0c9c9d68c,STAGE5_TOEPLITZ_CORRELATED,1,P1,3326074040,3326075040,WHITENED_SEQUENTIAL_BEAMSPACE_EXPECTED_TOTAL_SNR,0,8.14903700074865e-14,2080,15,15,11.1999800530565,2080,2147.26102026117,-22.688460857618,-22.8266759112202,106.167123934174,28.137083854678,32.0934573989999,5.7671096761156,5.19573546719746,15.0000000088114,15.0000000088126,12.2341614788922,-3.53908180225071e-13,0.885170508513985,28.4555705337336,22.6884608576176,8,7.67475951780897,6.3647332279597,0.374569213137212,14.0000000088115,11.8564486948162,-15.7259595729061,-15.0042254770264,1.45208054544538e-16,3.10707119171564e-09,15.0000000088126,1,0
SW1_K2_N2_L1_SP0_P2,TP1_K2_N2_L1_SP0_P2,42,07790e6208a6ac090d0245d59dd5d196008f1d17a5bd567ffd18c27c73930121,STAGE5_TOEPLITZ_CORRELATED,1,P2,3326074041,3326075041,WHITENED_SEQUENTIAL_BEAMSPACE_EXPECTED_TOTAL_SNR,0,1.3899992268307e-13,2080,15,15,11.1949012324659,2080,2018.66592908503,-22.6904306861397,-22.5604418674076,106.970342964551,28.137083854678,10.1355635716304,5.79984303352255,10.2341548628297,15.0000000088147,15.0000000088126,11.820410806476,6.03668994062316e-13,1.03458689035929,28.4902737196623,22.6904306861403,8,7.69523680367761,6.21151950581437,0.26831882321958,14.0000000088113,11.5499593859038,-17.1747689539426,-16.3392931652722,1.45208054544538e-16,3.10707119171564e-09,15.0000000088126,1,0
SW1_K2_N2_L1_SP0_P3,TP1_K2_N2_L1_SP0_P3,43,026ad6cd9adccb6ca12979e2613b85e1aac681d5428b5b7b1850428831fa2474,STAGE5_TOEPLITZ_CORRELATED,1,P3,3326074042,3326075042,WHITENED_SEQUENTIAL_BEAMSPACE_EXPECTED_TOTAL_SNR,0,4.35207425653061e-14,2080,15,15,11.1704341440414,2080,2049.75692017737,-22.699932824651,-22.636323088093,106.706363477801,28.137083854678,22.2606659867485,5.7891123465267,6.80652166264427,15.0000000088132,15.0000000088126,18.3190706043768,1.8900818344444e-13,-0.868121771809496,28.4890451711777,22.6999328246512,8,7.70441432475904,6.35512979966701,0.0138653541102107,14.000000008812,17.6689034145955,-30.0419707035747,-31.0527863112439,1.45208054544538e-16,3.10707119171564e-09,15.0000000088126,1,0
SW1_K2_N2_L1_SP0_P4,TP1_K2_N2_L1_SP0_P4,44,85cdb249ddf21de334a8388f0f03ca3899e705952ebee019b05dd56141aa6159,STAGE5_TOEPLITZ_CORRELATED,1,P4,3326074043,3326075043,WHITENED_SEQUENTIAL_BEAMSPACE_EXPECTED_TOTAL_SNR,0,9.54791801177635e-15,2080,15,15,11.309639679355,2080,1921.74433122391,-22.6461456626724,-22.302468399625,108.340999399873,28.137083854678,2.51449057695821,5.85513752578631,16.3434282500904,15.0000000088127,15.0000000088126,14.9410498897301,4.14660810617911e-14,0.0171014340467751,28.5012831884587,22.6461456626725,8,7.76403940311169,6.1911775928133,0.00256290855000935,14.0000000088112,14.9025533186304,-37.3739492603533,-37.6452757441487,1.45208054544538e-16,3.10707119171564e-09,15.0000000088126,1,0
SW1_K2_N2_L1_SP6_P1,TP1_K2_N2_L1_SP6_P1,45,4fdca7d05538ed3a72ba85a8a5baef50a035395cf551dd2b55ba1975cd3a3410,STAGE5_TOEPLITZ_CORRELATED,1,P1,3326074044,3326075044,WHITENED_SEQUENTIAL_BEAMSPACE_EXPECTED_TOTAL_SNR,6,1.4836172086009e-13,2080,15,15,44.9813086510569,2080,2081.41177507139,-16.6503124865494,-16.6532592083825,433.233159745646,28.137083854678,6.14960026336239,11.8744260533108,18.4787480354464,59.716075618117,15.0000000088126,13.7257114324565,6.00000000000064,6.38556395210066,28.5247385398602,22.65031248655,8,13.7984314872283,12.4762603625476,0.0112707850539261,14.0000000088115,13.0036069068337,-30.9417386855554,-30.6210966510035,1.45208054544538e-16,3.10707119171564e-09,15.0000000088126,1,0
SW1_K2_N2_L1_SP6_P2,TP1_K2_N2_L1_SP6_P2,46,83bdd0243d4f6946f4dd1ca1947585b57bdb26ed7839cb056fa880e1814ac118,STAGE5_TOEPLITZ_CORRELATED,1,P2,3326074045,3326075045,WHITENED_SEQUENTIAL_BEAMSPACE_EXPECTED_TOTAL_SNR,6,1.46130717538886e-14,2080,15,15,43.8730892583524,2080,2018.60252966181,-16.7586511928087,-16.6285259748257,418.576984007324,28.137083854678,33.422567540938,11.7249625954587,10.9773553482793,59.716075618109,15.0000000088126,12.5223141361879,6.00000000000006,6.78406664964622,28.4836137882674,22.7586511928088,8,13.6626850649382,12.2632874294604,4.18305746232015,14.0000000088113,11.9801997817339,-5.24634205461989,-4.56970229916063,1.45208054544538e-16,3.10707119171564e-09,15.0000000088126,1,0
SW1_K2_N2_L1_SP6_P3,TP1_K2_N2_L1_SP6_P3,47,e38620e9bbd4d6c10acd1ae6b0713ac335886d2155761de73a496b2622fc4732,STAGE5_TOEPLITZ_CORRELATED,1,P3,3326074046,3326075046,WHITENED_SEQUENTIAL_BEAMSPACE_EXPECTED_TOTAL_SNR,6,1.31852296283178e-13,2080,15,15,44.6887331685671,2080,2077.12536894355,-16.6786529146147,-16.6726466651346,427.412499687573,28.137083854678,21.4070770559989,11.8156813409122,13.0028984663141,59.7160756181003,15.0000000088126,20.9127932092389,5.99999999999943,4.5567921624233,28.4943342555269,22.6786529146142,8,13.7250441658278,12.3808805526402,0.0665696018938533,14.000000008812,20.8810029811928,-23.2285207620316,-24.9647539563237,1.45208054544538e-16,3.10707119171564e-09,15.0000000088126,1,0
SW1_K2_N2_L1_SP6_P4,TP1_K2_N2_L1_SP6_P4,48,fccb5803dceec31f0079b8128a690468aefd3fc8666f556ff4f10ed3e9a1cf9d,STAGE5_TOEPLITZ_CORRELATED,1,P4,3326074047,3326075047,WHITENED_SEQUENTIAL_BEAMSPACE_EXPECTED_TOTAL_SNR,6,1.49142572022512e-13,2080,15,15,45.0095401794599,2080,2008.82928714898,-16.6475875878374,-16.4963845524353,431.14379537305,28.137083854678,26.8460008398004,11.8534305563903,12.057425410756,59.7160756180992,15.0000000088126,14.0846924041252,5.99999999999935,6.27343892451154,28.5010181442277,22.6475875878368,8,13.7624983102787,12.1887604337801,0.0108490418197856,14.0000000088112,12.9626404194471,-31.1073665267536,-30.7730209069645,1.45208054544538e-16,3.10707119171564e-09,15.0000000088126,1,0
SW1_K2_N2_L4_SM6_P1,TP1_K2_N2_L4_SM6_P1,49,9fe0607f14300c7b95a5e590ca819d6eb172397381e13fee6b95329d0dba330e,STAGE5_TOEPLITZ_CORRELATED,4,P1,3326074048,3326075048,WHITENED_SEQUENTIAL_BEAMSPACE_EXPECTED_TOTAL_SNR,-6,1.4432899320127e-15,2080,15,15,11.3165288362532,8320,8415.89792825652,-28.664100918801,-28.7138722511484,108.188093180406,112.548335418712,78.307052253787,-0.171596097990134,1.40378590462524,15.0713185979121,60.0000000352504,67.02462954846,-5.99999999999998,-6.48083171635602,28.4925048208108,22.664100918801,8,1.73923840559563,0.429428282774676,0.203316791802369,56.0000000352459,62.4516218467604,-24.4001477905982,-24.8737047311257,1.45208054544538e-16,3.10707119171564e-09,15.0000000088126,1,0
SW1_K2_N2_L4_SM6_P2,TP1_K2_N2_L4_SM6_P2,50,11b0d553462b164a1fbbc65cc791f4dfda6943ba69289ee29adfbdb34dff5619,STAGE5_TOEPLITZ_CORRELATED,4,P2,3326074049,3326075049,WHITENED_SEQUENTIAL_BEAMSPACE_EXPECTED_TOTAL_SNR,-6,1.60982338570648e-15,2080,15,15,11.3209840304637,8320,8268.8368560656,-28.6623914851739,-28.6356024562211,108.174469869947,112.548335418712,114.522863210759,-0.172143006705046,-0.247674218438319,15.0713185979121,60.0000000352504,55.2913820503867,-5.99999999999997,-5.64506194958379,28.4902484784689,22.6623914851739,8,1.71705576255992,0.121937520827149,0.132240182376699,56.0000000352451,52.2907492067656,-26.2682458776621,-25.9706142480692,1.45208054544538e-16,3.10707119171564e-09,15.0000000088126,1,0
SW1_K2_N2_L4_SM6_P3,TP1_K2_N2_L4_SM6_P3,51,bd8759ef9c49f21cef54cf822a56935e5f63af4e1b80689e2b6c0fceb59acf3a,STAGE5_TOEPLITZ_CORRELATED,4,P3,3326074050,3326075050,WHITENED_SEQUENTIAL_BEAMSPACE_EXPECTED_TOTAL_SNR,-6,4.32986979603811e-15,2080,15,15,11.1719849414304,8320,8173.98632531437,-28.7199298464111,-28.643035651728,104.484115199566,112.548335418712,137.615286253373,-0.322888068605162,-1.19616408502686,15.0713185979117,60.0000000352504,60.7924934585301,-6.00000000000007,-6.05698706087852,28.3970417778059,22.719929846411,8,1.59434876095503,0.240683415075484,0.328351145356164,56.000000035248,57.5566792829777,-22.3184949174504,-22.4375719395033,1.45208054544538e-16,3.10707119171564e-09,15.0000000088126,1,0
SW1_K2_N2_L4_SM6_P4,TP1_K2_N2_L4_SM6_P4,52,c91df25c86c92bf534963cc06cb0fd4daf426aac104a68a9c5adc6d7596c675b,STAGE5_TOEPLITZ_CORRELATED,4,P4,3326074051,3326075051,WHITENED_SEQUENTIAL_BEAMSPACE_EXPECTED_TOTAL_SNR,-6,2.27595720048157e-15,2080,15,15,11.3792576600463,8320,8199.71759577753,-28.6400939504549,-28.5768496397903,107.884997874659,112.548335418712,142.784137318749,-0.183780188519084,-1.21718904588896,15.0713185979118,60.0000000352504,49.4335056116814,-6.00000000000004,-5.15870159211511,28.4563137619358,22.6400939504549,8,1.69595951949875,-0.11052502512525,0.138761989609001,56.0000000352448,47.6147111493189,-26.0591750902666,-25.3547063580995,1.45208054544538e-16,3.10707119171564e-09,15.0000000088126,1,0
SW1_K2_N2_L4_SP0_P1,TP1_K2_N2_L4_SP0_P1,53,4b38a3b753cba1de5833a7390e079913fb6f27689c629e32fdef98d2913e88ae,STAGE5_TOEPLITZ_CORRELATED,4,P1,3326074052,3326075052,WHITENED_SEQUENTIAL_BEAMSPACE_EXPECTED_TOTAL_SNR,0,1.88737914186277e-14,2080,15,15,45.0519127548783,8320,8305.4838464172,-22.664100918801,-22.6565170348554,430.704556636297,112.548335418712,142.451043506457,5.82840390200987,4.80513831448316,60.0000000352515,60.0000000352504,58.355325926229,8.19678346570286e-14,0.120707516144374,28.4925048208108,22.6641009188011,8,7.73923840559563,6.42942828277468,0.809418727104541,56.0000000352459,51.387509570758,-18.4001477905983,-18.0268432245465,1.45208054544538e-16,3.10707119171564e-09,15.0000000088126,1,0
SW1_K2_N2_L4_SP0_P2,TP1_K2_N2_L4_SP0_P2,54,a43adcd53cd7389dcd12c9ed3c35ee914a66f913877eb2f13aeaa1e63ede6646,STAGE5_TOEPLITZ_CORRELATED,4,P2,3326074053,3326075053,WHITENED_SEQUENTIAL_BEAMSPACE_EXPECTED_TOTAL_SNR,0,3.04201108747293e-14,2080,15,15,45.0696492024922,8320,8473.53838626613,-22.6623914851739,-22.7418062343542,430.650321260491,112.548335418712,164.124602324379,5.82785699329496,4.18951088732547,60.0000000352522,60.0000000352504,62.2519942402493,1.32112862917798e-13,-0.160020179588972,28.4902484784689,22.662391485174,8,7.71705576255992,6.12193752082715,0.52645764839468,56.0000000352451,55.7602840573461,-20.2682458776619,-20.2496153799095,1.45208054544538e-16,3.10707119171564e-09,15.0000000088126,1,0
SW1_K2_N2_L4_SP0_P3,TP1_K2_N2_L4_SP0_P3,55,2c75cecaa93e914de029c41209cee460052ead1025f520084773bb20ec3f2868,STAGE5_TOEPLITZ_CORRELATED,4,P3,3326074054,3326075054,WHITENED_SEQUENTIAL_BEAMSPACE_EXPECTED_TOTAL_SNR,0,2.1094237467878e-14,2080,15,15,44.8854273751273,8320,8475.94214335286,-22.6801796163088,-22.7608261890176,429.279464388935,112.548335418712,101.890328278922,5.81401037258102,6.2460715197011,60.0000000352516,60.0000000352504,59.1375274696361,9.16111093225613e-14,0.0628808785047814,28.4941899888898,22.6801796163089,8,7.7238085372274,6.37927675465082,0.0625939013983378,56.000000035248,55.4539720400196,-29.5165600585943,-29.4740063769049,1.45208054544538e-16,3.10707119171564e-09,15.0000000088126,1,0
SW1_K2_N2_L4_SP0_P4,TP1_K2_N2_L4_SP0_P4,56,a8f263ee9a6e246a97190996f57cbb64e3c093caceec01c6892fc9e62889ef00,STAGE5_TOEPLITZ_CORRELATED,4,P4,3326074055,3326075055,WHITENED_SEQUENTIAL_BEAMSPACE_EXPECTED_TOTAL_SNR,0,2.60902410786912e-14,2080,15,15,45.1547236819989,8320,8304.36560000781,-22.654201372731,-22.6460327173855,430.804097046152,112.548335418712,125.307235386068,5.82940748684291,5.36303676497516,60.0000000352488,60.0000000352504,51.4633930009551,-1.13308477320013e-13,0.666528346211477,28.483608859574,22.6542013727309,8,7.72929947212798,6.04684073208789,0.205266971492029,56.0000000352448,47.705636093914,-24.3586895249596,-23.6625061620391,1.45208054544538e-16,3.10707119171564e-09,15.0000000088126,1,0
SW1_K2_N2_L4_SP6_P1,TP1_K2_N2_L4_SP6_P1,57,6bc4ec71f10b89814e09d740e3eafdac81f96d0991c9abafcfda8d183c8b2b5d,STAGE5_TOEPLITZ_CORRELATED,4,P1,3326074056,3326075056,WHITENED_SEQUENTIAL_BEAMSPACE_EXPECTED_TOTAL_SNR,6,1.66209747429725e-14,2080,15,15,179.354895148676,8320,8365.4206164759,-16.664100918801,-16.6877454792568,1714.66572386975,112.548335418712,138.589626314079,11.8284039020099,10.9244874264332,238.864302472437,60.0000000352504,70.1787585979301,6.00000000000007,5.31945568988499,28.4925048208109,22.6641009188011,8,13.7392384055956,12.4294282827747,3.22235399240712,56.0000000352459,63.0577379730622,-12.4001477905968,-12.9156513932369,1.45208054544538e-16,3.10707119171564e-09,15.0000000088126,1,0
SW1_K2_N2_L4_SP6_P2,TP1_K2_N2_L4_SP6_P2,58,7522f02d2f33acc6e0ffce4d306879f6f4e6e00c85ac0ecb70f0b679d999ae68,STAGE5_TOEPLITZ_CORRELATED,4,P2,3326074057,3326075057,WHITENED_SEQUENTIAL_BEAMSPACE_EXPECTED_TOTAL_SNR,6,1.98559295587189e-14,2080,15,15,179.425505218429,8320,8103.65829247514,-16.6623914851739,-16.5479694203925,1714.44980894969,112.548335418712,74.5661311583747,11.827856993295,13.6158316509664,238.864302472437,60.0000000352504,66.3990041180769,6.00000000000009,5.5598968496457,28.4902484784689,22.662391485174,8,13.7170557625599,12.1219375208271,2.09586564818649,56.0000000352451,63.7494154898284,-14.268245877662,-14.831127676208,1.45208054544538e-16,3.10707119171564e-09,15.0000000088126,1,0
SW1_K2_N2_L4_SP6_P3,TP1_K2_N2_L4_SP6_P3,59,a4488d73afd5ed0709d5e693ae8efb585197aad3deafb44b40227b2b9fb14f24,STAGE5_TOEPLITZ_CORRELATED,4,P3,3326074058,3326075058,WHITENED_SEQUENTIAL_BEAMSPACE_EXPECTED_TOTAL_SNR,6,1.98559295587189e-14,2080,15,15,178.679245449496,8320,8454.83023108276,-16.680492164836,-16.7503078179025,1708.93561297095,112.548335418712,144.19757813692,11.8138662405071,10.7376773397871,238.864302472437,60.0000000352504,72.5009804411647,6.00000000000009,5.17807371001484,28.4943584053431,22.6804921648361,8,13.723762352687,12.3791536994936,0.234010604724364,56.000000035248,67.8073920306931,-23.7895248837832,-24.6204150220988,1.45208054544538e-16,3.10707119171564e-09,15.0000000088126,1,0
SW1_K2_N2_L4_SP6_P4,TP1_K2_N2_L4_SP6_P4,60,6c7b8869d39a2fddf0827028e7632bf7d06f6bd22ac5eda2a03bd95a99c3fd1d,STAGE5_TOEPLITZ_CORRELATED,4,P4,3326074059,3326075059,WHITENED_SEQUENTIAL_BEAMSPACE_EXPECTED_TOTAL_SNR,6,8.14316212239594e-15,2080,15,15,180.06468352587,8320,8310.7258076454,-16.6469478423104,-16.6421041198803,1724.73352956197,112.548335418712,59.4617731278389,11.853829301175,14.6248415075825,238.864302472435,60.0000000352504,50.8446813958112,6.00000000000003,6.71905720346735,28.5007771434855,22.6469478423105,8,13.7626039027878,12.1869749706652,0.0591889046698125,56.0000000352448,47.964798614829,-29.7594772414258,-29.0868232224254,1.45208054544538e-16,3.10707119171564e-09,15.0000000088126,1,0
SW1_K2_N2_L8_SM6_P1,TP1_K2_N2_L8_SM6_P1,61,d52f86f631a709cfb2e77c179e61f73f43a9cbe4f1ea0861f95cbba9cc3df0df,STAGE5_TOEPLITZ_CORRELATED,8,P1,3326074060,3326075060,WHITENED_SEQUENTIAL_BEAMSPACE_EXPECTED_TOTAL_SNR,-6,2.38697950294409e-15,2080,15,15,22.633057672506,16640,16994.2565357453,-28.6641009188011,-28.7555893975734,216.376186360811,225.096670837424,165.915192032996,-0.171596097990171,1.15323308025382,30.1426371958237,120.000000070501,110.982919452183,-6.00000000000004,-5.66074898623895,28.4925048208109,22.664100918801,8,1.73923840559559,0.429428282774634,0.406633583604727,112.000000070492,103.242552222133,-24.4001477905983,-24.0465548815908,1.45208054544538e-16,3.10707119171564e-09,15.0000000088126,1,0
SW1_K2_N2_L8_SM6_P2,TP1_K2_N2_L8_SM6_P2,62,6104b63b1a95bbf8e84fde35c855a4938cbb73a22a29d34f5a91a8212aa62a25,STAGE5_TOEPLITZ_CORRELATED,8,P2,3326074061,3326075061,WHITENED_SEQUENTIAL_BEAMSPACE_EXPECTED_TOTAL_SNR,-6,5.55111512312578e-16,2080,15,15,22.6419680609274,16640,17216.8494128775,-28.6623914851739,-28.8103950749051,216.348939739894,225.096670837424,176.365006515626,-0.172143006705046,0.887423524446708,30.142637195824,120.000000070501,115.152524624139,-5.99999999999999,-5.82092217650215,28.4902484784688,22.6623914851739,8,1.71705576255992,0.121937520827148,0.264480364753405,112.00000007049,106.47781339449,-26.268245877662,-26.0486568880266,1.45208054544538e-16,3.10707119171564e-09,15.0000000088126,1,0
SW1_K2_N2_L8_SM6_P3,TP1_K2_N2_L8_SM6_P3,63,fb9152cd0cfc33e83eebe4b93b8840a842d7b4ac8118e4135b53bf2c4d5d5022,STAGE5_TOEPLITZ_CORRELATED,8,P3,3326074062,3326075062,WHITENED_SEQUENTIAL_BEAMSPACE_EXPECTED_TOTAL_SNR,-6,1.33226762955019e-15,2080,15,15,22.5899754587393,16640,16880.2545717318,-28.6723756284222,-28.7346323283738,215.650546056106,225.096670837424,227.361116354314,-0.186185096905491,-0.229656308207508,30.1426371958241,120.000000070501,109.438419751091,-5.99999999999998,-5.59988567072386,28.4861905315167,22.6723756284222,8,1.72099524794135,0.378413973952056,0.107604771570431,112.000000070496,104.14143755575,-30.173864930559,-29.8579203844167,1.45208054544538e-16,3.10707119171564e-09,15.0000000088126,1,0
SW1_K2_N2_L8_SM6_P4,TP1_K2_N2_L8_SM6_P4,64,925df6ff9f292933e3bf48ea097e7bed74a193743ba20df18e01ea6882c6cbc6,STAGE5_TOEPLITZ_CORRELATED,8,P4,3326074063,3326075063,WHITENED_SEQUENTIAL_BEAMSPACE_EXPECTED_TOTAL_SNR,-6,8.71525074330748e-15,2080,15,15,22.7361179713238,16640,16911.1080475296,-28.644370079335,-28.7145575029814,217.774764076459,225.096670837424,236.774711747005,-0.143615199415875,-0.363277646435865,30.1426371958229,120.000000070501,131.653626990636,-6.00000000000015,-6.40251581896797,28.5007548799191,22.6443700793349,8,1.76455919854517,0.187342248028136,0.00984550812222917,112.00000007049,124.628933181838,-40.5597988814884,-41.0238074270128,1.45208054544538e-16,3.10707119171564e-09,15.0000000088126,1,0
SW1_K2_N2_L8_SP0_P1,TP1_K2_N2_L8_SP0_P1,65,6f7c4712eb1353e0c7c3ba1d65525da25417594b27099ae98290c566246db469,STAGE5_TOEPLITZ_CORRELATED,8,P1,3326074064,3326075064,WHITENED_SEQUENTIAL_BEAMSPACE_EXPECTED_TOTAL_SNR,0,1.55431223447522e-15,2080,15,15,90.1038255097551,16640,16550.3578871872,-22.6641009188011,-22.6406415938155,861.409113272587,225.096670837424,94.6517279070921,5.82840390200983,9.5908091546621,120.000000070501,120.000000070501,109.603985854149,-6.75029226587301e-15,0.393548983315522,28.4925048208109,22.664100918801,8,7.73923840559559,6.42942828277464,1.61883745420891,112.000000070492,105.063240697744,-18.4001477905987,-18.1224754869463,1.45208054544538e-16,3.10707119171564e-09,15.0000000088126,1,0
SW1_K2_N2_L8_SP0_P2,TP1_K2_N2_L8_SP0_P2,66,56f6034379d5f26a514d6ac77f81131c3abd273e5e1597f545b4066167241b27,STAGE5_TOEPLITZ_CORRELATED,8,P2,3326074065,3326075065,WHITENED_SEQUENTIAL_BEAMSPACE_EXPECTED_TOTAL_SNR,0,1.08801856413265e-14,2080,15,15,90.1392984049846,16640,16775.4369737234,-22.6623914851739,-22.6975966823859,861.300642520982,225.096670837424,140.334180373539,5.82785699329496,7.87991308722199,120.000000070502,120.000000070501,119.485922781039,4.72520458611108e-14,0.0186450435453128,28.4902484784688,22.6623914851739,8,7.71705576255992,6.12193752082715,1.05291529678937,112.00000007049,117.500223655162,-20.2682458776619,-20.4764525808669,1.45208054544538e-16,3.10707119171564e-09,15.0000000088126,1,0
SW1_K2_N2_L8_SP0_P3,TP1_K2_N2_L8_SP0_P3,67,e41377a730425fb8221e6dc8b197569cede3d85f094d05ee3a7624f3d52fcf4f,STAGE5_TOEPLITZ_CORRELATED,8,P3,3326074066,3326075066,WHITENED_SEQUENTIAL_BEAMSPACE_EXPECTED_TOTAL_SNR,0,8.21565038222616e-15,2080,15,15,89.9644427079051,16640,16285.1825845016,-22.6708242792692,-22.5772173807771,858.289279852805,225.096670837424,152.129690831459,5.81264616297203,7.5141970549802,120.000000070502,120.000000070501,135.360497275647,3.56801162624715e-14,-0.523106948684755,28.4834704422413,22.6708242792693,8,7.71925418406532,6.37707039862002,0.522212826112873,112.000000070496,123.721456081132,-23.3137048858255,-23.7459748822362,1.45208054544538e-16,3.10707119171564e-09,15.0000000088126,1,0
SW1_K2_N2_L8_SP0_P4,TP1_K2_N2_L8_SP0_P4,68,1affc00e9e12dab2be9db8052d440bb819572f6e9e303026a33edd90868c83ca,STAGE5_TOEPLITZ_CORRELATED,8,P4,3326074067,3326075067,WHITENED_SEQUENTIAL_BEAMSPACE_EXPECTED_TOTAL_SNR,0,2.24265050974282e-14,2080,15,15,90.452582910003,16640,17058.2478636026,-22.6473234912763,-22.7551344777655,858.687654045869,225.096670837424,335.532301778563,5.8146614692172,4.08100882631526,120.000000070503,120.000000070501,131.609055776858,9.73970741218809e-14,-0.401045270071346,28.4619849604935,22.6473234912764,8,7.69959948576747,5.91667860076463,0.944755998007312,112.00000007049,122.625504031607,-20.7389836512429,-21.1326114766721,1.45208054544538e-16,3.10707119171564e-09,15.0000000088126,1,0
SW1_K2_N2_L8_SP6_P1,TP1_K2_N2_L8_SP6_P1,69,208527daed83024cb1459625655e213d8f4751be107a75ac0250d2da9ec0aa48,STAGE5_TOEPLITZ_CORRELATED,8,P1,3326074068,3326075068,WHITENED_SEQUENTIAL_BEAMSPACE_EXPECTED_TOTAL_SNR,6,1.77364764035747e-14,2080,15,15,358.709790297346,16640,16710.693224639,-16.6641009188011,-16.6825123641907,3429.33144773947,225.096670837424,192.324508685311,11.8284039020098,12.511748304099,477.728604944857,120.000000070501,111.81566330011,5.99999999999992,6.30678601890709,28.4925048208109,22.664100918801,8,13.7392384055956,12.4294282827746,6.44470798481347,112.000000070492,109.212301236372,-12.4001477905973,-12.2906831443176,1.45208054544538e-16,3.10707119171564e-09,15.0000000088126,1,0
SW1_K2_N2_L8_SP6_P2,TP1_K2_N2_L8_SP6_P2,70,f66865b0d6e4af04758066a21e9e5204fab37683bab4a580abaabd9f81cc07fd,STAGE5_TOEPLITZ_CORRELATED,8,P2,3326074069,3326075069,WHITENED_SEQUENTIAL_BEAMSPACE_EXPECTED_TOTAL_SNR,6,6.02370896725179e-15,2080,15,15,358.851010436858,16640,16554.8066552896,-16.6623914851739,-16.6400993952566,3428.89961789937,225.096670837424,138.917037064584,11.827856993295,13.9239925944329,477.728604944868,120.000000070501,113.170580267599,6.00000000000002,6.25447703620346,28.4902484784688,22.6623914851739,8,13.7170557625599,12.1219375208271,4.19173129637307,112.00000007049,104.788684659143,-14.2682458776619,-13.979209538119,1.45208054544538e-16,3.10707119171564e-09,15.0000000088126,1,0
SW1_K2_N2_L8_SP6_P3,TP1_K2_N2_L8_SP6_P3,71,afa2b0f4a546ca8ca7eefb9d7a91a2fc933b9b6559b35a18eac0355c09306cab,STAGE5_TOEPLITZ_CORRELATED,8,P3,3326074070,3326075070,WHITENED_SEQUENTIAL_BEAMSPACE_EXPECTED_TOTAL_SNR,6,3.12340464968611e-15,2080,15,15,357.136247853544,16640,16355.0655969021,-16.6831939042935,-16.6081835880758,3416.57832684511,225.096670837424,169.672202896594,11.8122230973519,13.0398068316926,477.728604944867,120.000000070501,115.710554190838,6.00000000000001,6.15808272676915,28.4954170016454,22.6831939042935,8,13.722948172307,12.3776780555754,0.25256957489732,112.000000070496,110.352149528066,-26.4683698966973,-26.4039976384404,1.45208054544538e-16,3.10707119171564e-09,15.0000000088126,1,0
SW1_K2_N2_L8_SP6_P4,TP1_K2_N2_L8_SP6_P4,72,dd08340906e91121872d2dbbe3249e0a209ff1c2f27aae482cc07d20962c8569,STAGE5_TOEPLITZ_CORRELATED,8,P4,3326074071,3326075071,WHITENED_SEQUENTIAL_BEAMSPACE_EXPECTED_TOTAL_SNR,6,1.09319162739014e-14,2080,15,15,359.994844552083,16640,16652.0365885775,-16.6485704062801,-16.6517107513978,3447.68723795917,225.096670837424,197.195928654424,11.8515878940831,12.4262991710486,477.72860494486,120.000000070501,136.770322289731,5.99999999999995,5.43189375995267,28.5001583003632,22.6485704062801,8,13.7603529907267,12.1816977870234,0.154440601002944,112.00000007049,132.50491110595,-28.604565399387,-29.3347049207321,1.45208054544538e-16,3.10707119171564e-09,15.0000000088126,1,0
