global_trial_index,trial_id,K,noise_profile_id,L,snr_db,profile_id,center_az_deg,center_el_deg,separation_deg,direction_deg,secondary_power_db,correlation_magnitude,source_correlation_contract,source_seed,noise_seed,cpi_id,range_doppler_cell_id,single_cpi_flag,same_range_doppler_cell_flag,cross_cpi_data_used_flag,tracking_input_used_flag,K_estimated_inside_module_flag,paired_original_trial_id,snr_control_domain,white_beamspace_snr_target_db,resulting_element_snr_expected_db,resulting_raw_beamspace_snr_expected_db,resulting_white_beamspace_snr_expected_db,element_trial_hash
1,SW1_K2_N1_L1_SM6_P1,2,WHITE,1,-6,P1,8,10,0.3,45,0,1,L1_FULLY_COHERENT_BY_CONTRACT,3326074000,3326075000,ONE_SYNTHETIC_CPI,ONE_SELECTED_RANGE_DOPPLER_CELL,1,1,0,0,0,TP1_K2_N1_L1_SM6_P1,WHITENED_SEQUENTIAL_BEAMSPACE_EXPECTED_TOTAL_SNR,-6,-27.4197207261087,3.83323679981182,-6.00000000000001,df6717abb6c8aab8508a015d3306b153ccfe874c787b8cadad08c837eba5d13a
2,SW1_K2_N1_L1_SM6_P2,2,WHITE,1,-6,P2,8.2,10,0.2,0,-6,1,L1_FULLY_COHERENT_BY_CONTRACT,3326074001,3326075001,ONE_SYNTHETIC_CPI,ONE_SELECTED_RANGE_DOPPLER_CELL,1,1,0,0,0,TP1_K2_N1_L1_SM6_P2,WHITENED_SEQUENTIAL_BEAMSPACE_EXPECTED_TOTAL_SNR,-6,-27.4197207451357,3.80238418977177,-6,aa1b0e9f1576346d39d65afb1043cb3496ca803e98fed3345d131f316ddfa096
3,SW1_K2_N1_L1_SM6_P3,2,WHITE,1,-6,P3,7.9,10.1,0.15,90,0,1,L1_FULLY_COHERENT_BY_CONTRACT,3326074002,3326075002,ONE_SYNTHETIC_CPI,ONE_SELECTED_RANGE_DOPPLER_CELL,1,1,0,0,0,TP1_K2_N1_L1_SM6_P3,WHITENED_SEQUENTIAL_BEAMSPACE_EXPECTED_TOTAL_SNR,-6,-27.419636189126,-1.50704767103385,-6,b3660cd03831c7407f6c538df6805be2ea70cc075c26a84655f32ee6578fa6f5
4,SW1_K2_N1_L1_SM6_P4,2,WHITE,1,-6,P4,8.1,9.95,0.1,135,-6,1,L1_FULLY_COHERENT_BY_CONTRACT,3326074003,3326075003,ONE_SYNTHETIC_CPI,ONE_SELECTED_RANGE_DOPPLER_CELL,1,1,0,0,0,TP1_K2_N1_L1_SM6_P4,WHITENED_SEQUENTIAL_BEAMSPACE_EXPECTED_TOTAL_SNR,-6,-27.4197204810416,3.80975406211057,-5.99999999999998,6c807e0b30a34ef15e9c5a057edcb0ff0067e3b947a0047e85fd21baf3c4cef7
5,SW1_K2_N1_L1_SP0_P1,2,WHITE,1,0,P1,8,10,0.3,45,0,1,L1_FULLY_COHERENT_BY_CONTRACT,3326074004,3326075004,ONE_SYNTHETIC_CPI,ONE_SELECTED_RANGE_DOPPLER_CELL,1,1,0,0,0,TP1_K2_N1_L1_SP0_P1,WHITENED_SEQUENTIAL_BEAMSPACE_EXPECTED_TOTAL_SNR,0,-21.4197207068714,9.83186649186918,1.92865493310657e-15,52323cdbc476079ab21ba46c24d5222b881eb964b17428627997b309a06730a8
6,SW1_K2_N1_L1_SP0_P2,2,WHITE,1,0,P2,8.2,10,0.2,0,-6,1,L1_FULLY_COHERENT_BY_CONTRACT,3326074005,3326075005,ONE_SYNTHETIC_CPI,ONE_SELECTED_RANGE_DOPPLER_CELL,1,1,0,0,0,TP1_K2_N1_L1_SP0_P2,WHITENED_SEQUENTIAL_BEAMSPACE_EXPECTED_TOTAL_SNR,0,-21.4197207451514,9.80238001144297,-1.63935669314059e-14,fc3f85635d9d8b10285cdab0102d0d9ef96dd4d828e3854c8f9b326eca7a925e
7,SW1_K2_N1_L1_SP0_P3,2,WHITE,1,0,P3,7.9,10.1,0.15,90,0,1,L1_FULLY_COHERENT_BY_CONTRACT,3326074006,3326075006,ONE_SYNTHETIC_CPI,ONE_SELECTED_RANGE_DOPPLER_CELL,1,1,0,0,0,TP1_K2_N1_L1_SP0_P3,WHITENED_SEQUENTIAL_BEAMSPACE_EXPECTED_TOTAL_SNR,0,-21.4197203213372,9.80810607861572,9.64327466553287e-16,aa369159a6dd5ed031e1dea97c8b375f4b55bf0a3272917563b08871bcfed2b1
8,SW1_K2_N1_L1_SP0_P4,2,WHITE,1,0,P4,8.1,9.95,0.1,135,-6,1,L1_FULLY_COHERENT_BY_CONTRACT,3326074007,3326075007,ONE_SYNTHETIC_CPI,ONE_SELECTED_RANGE_DOPPLER_CELL,1,1,0,0,0,TP1_K2_N1_L1_SP0_P4,WHITENED_SEQUENTIAL_BEAMSPACE_EXPECTED_TOTAL_SNR,0,-21.4197204972292,9.81080165346836,-1.44649119982993e-15,99107b2d5c699fd4d4f67bcc275c92c2add038007d57d2453b7928831218e572
9,SW1_K2_N1_L1_SP6_P1,2,WHITE,1,6,P1,8,10,0.3,45,0,1,L1_FULLY_COHERENT_BY_CONTRACT,3326074008,3326075008,ONE_SYNTHETIC_CPI,ONE_SELECTED_RANGE_DOPPLER_CELL,1,1,0,0,0,TP1_K2_N1_L1_SP6_P1,WHITENED_SEQUENTIAL_BEAMSPACE_EXPECTED_TOTAL_SNR,6,-15.4197206264111,15.8266030869651,6.00000000000001,b38d49764b8847ae7edc3eaf0b2a5a54446af779f6b26bfe68773dd2a24bd89c
10,SW1_K2_N1_L1_SP6_P2,2,WHITE,1,6,P2,8.2,10,0.2,0,-6,1,L1_FULLY_COHERENT_BY_CONTRACT,3326074009,3326075009,ONE_SYNTHETIC_CPI,ONE_SELECTED_RANGE_DOPPLER_CELL,1,1,0,0,0,TP1_K2_N1_L1_SP6_P2,WHITENED_SEQUENTIAL_BEAMSPACE_EXPECTED_TOTAL_SNR,6,-15.4197207397322,15.8026235874679,5.99999999999998,901a3b47cc2c1bacce6f63464692d2597f800519ef8e2b6f0a49b045d03921f7
11,SW1_K2_N1_L1_SP6_P3,2,WHITE,1,6,P3,7.9,10.1,0.15,90,0,1,L1_FULLY_COHERENT_BY_CONTRACT,3326074010,3326075010,ONE_SYNTHETIC_CPI,ONE_SELECTED_RANGE_DOPPLER_CELL,1,1,0,0,0,TP1_K2_N1_L1_SP6_P3,WHITENED_SEQUENTIAL_BEAMSPACE_EXPECTED_TOTAL_SNR,6,-15.4197200332903,15.7927414548344,6,b11a17d298f634312bf46b4826377192bb51ca6612beb622a10ef34e593965fb
12,SW1_K2_N1_L1_SP6_P4,2,WHITE,1,6,P4,8.1,9.95,0.1,135,-6,1,L1_FULLY_COHERENT_BY_CONTRACT,3326074011,3326075011,ONE_SYNTHETIC_CPI,ONE_SELECTED_RANGE_DOPPLER_CELL,1,1,0,0,0,TP1_K2_N1_L1_SP6_P4,WHITENED_SEQUENTIAL_BEAMSPACE_EXPECTED_TOTAL_SNR,6,-15.4197204167865,15.8057709445561,5.99999999999999,1a134101c23478c675e6ebe635114e7af0f6ec1c6047d4a008154d5375b4e075
13,SW1_K2_N1_L4_SM6_P1,2,WHITE,4,-6,P1,8,10,0.3,45,0,0,SPECIFIED_CORRELATION,3326074012,3326075012,ONE_SYNTHETIC_CPI,ONE_SELECTED_RANGE_DOPPLER_CELL,1,1,0,0,0,TP1_K2_N1_L4_SM6_P1,WHITENED_SEQUENTIAL_BEAMSPACE_EXPECTED_TOTAL_SNR,-6,-27.4197201460617,3.80466293293078,-6,473d9cfdee984c5f1b0cbd2bc6383a0114ea22c95fe7c9b6501b907aa07748f3
14,SW1_K2_N1_L4_SM6_P2,2,WHITE,4,-6,P2,8.2,10,0.2,0,-6,0,SPECIFIED_CORRELATION,3326074013,3326075013,ONE_SYNTHETIC_CPI,ONE_SELECTED_RANGE_DOPPLER_CELL,1,1,0,0,0,TP1_K2_N1_L4_SM6_P2,WHITENED_SEQUENTIAL_BEAMSPACE_EXPECTED_TOTAL_SNR,-6,-27.4197207417143,3.80240599493617,-6,e75850523ae740b3b0092d4ea7cb5b0d2855551ae21728671dc82cdf4865c55a
15,SW1_K2_N1_L4_SM6_P3,2,WHITE,4,-6,P3,7.9,10.1,0.15,90,0,0.9,SPECIFIED_CORRELATION,3326074014,3326075014,ONE_SYNTHETIC_CPI,ONE_SELECTED_RANGE_DOPPLER_CELL,1,1,0,0,0,TP1_K2_N1_L4_SM6_P3,WHITENED_SEQUENTIAL_BEAMSPACE_EXPECTED_TOTAL_SNR,-6,-27.4197202905215,3.80794478375403,-6,a1e0b04f2bdda43657105fbe08493ad6c958731b877be3aee6d7eb4529b75195
16,SW1_K2_N1_L4_SM6_P4,2,WHITE,4,-6,P4,8.1,9.95,0.1,135,-6,0.9,SPECIFIED_CORRELATION,3326074015,3326075015,ONE_SYNTHETIC_CPI,ONE_SELECTED_RANGE_DOPPLER_CELL,1,1,0,0,0,TP1_K2_N1_L4_SM6_P4,WHITENED_SEQUENTIAL_BEAMSPACE_EXPECTED_TOTAL_SNR,-6,-27.4197200445974,3.78454317043442,-6,38b77ba2c8fdc0ec783d836b59b25e55066f957a6839b86b5232ba92cecd291a
17,SW1_K2_N1_L4_SP0_P1,2,WHITE,4,0,P1,8,10,0.3,45,0,0,SPECIFIED_CORRELATION,3326074016,3326075016,ONE_SYNTHETIC_CPI,ONE_SELECTED_RANGE_DOPPLER_CELL,1,1,0,0,0,TP1_K2_N1_L4_SP0_P1,WHITENED_SEQUENTIAL_BEAMSPACE_EXPECTED_TOTAL_SNR,0,-21.4197201460617,9.80466293293078,9.64327466553287e-16,679a5d2e0ab2d6bfb1058f6bb0046d919c6ab7ab6511eb050dca6456995a3b80
18,SW1_K2_N1_L4_SP0_P2,2,WHITE,4,0,P2,8.2,10,0.2,0,-6,0,SPECIFIED_CORRELATION,3326074017,3326075017,ONE_SYNTHETIC_CPI,ONE_SELECTED_RANGE_DOPPLER_CELL,1,1,0,0,0,TP1_K2_N1_L4_SP0_P2,WHITENED_SEQUENTIAL_BEAMSPACE_EXPECTED_TOTAL_SNR,0,-21.4197207417143,9.80240599493617,2.89298239965986e-15,0fa57ac247ee0b25948978fb76ad45e452fc4eeb9ed84c2eb7395d00cf5732e2
19,SW1_K2_N1_L4_SP0_P3,2,WHITE,4,0,P3,7.9,10.1,0.15,90,0,0.9,SPECIFIED_CORRELATION,3326074018,3326075018,ONE_SYNTHETIC_CPI,ONE_SELECTED_RANGE_DOPPLER_CELL,1,1,0,0,0,TP1_K2_N1_L4_SP0_P3,WHITENED_SEQUENTIAL_BEAMSPACE_EXPECTED_TOTAL_SNR,0,-21.4197201361639,9.79776815724945,-4.82163733276644e-16,dfacba5fdf5259547bd37fcffe97a1b947dd7e888f6694487f0017b65b91493e
20,SW1_K2_N1_L4_SP0_P4,2,WHITE,4,0,P4,8.1,9.95,0.1,135,-6,0.9,SPECIFIED_CORRELATION,3326074019,3326075019,ONE_SYNTHETIC_CPI,ONE_SELECTED_RANGE_DOPPLER_CELL,1,1,0,0,0,TP1_K2_N1_L4_SP0_P4,WHITENED_SEQUENTIAL_BEAMSPACE_EXPECTED_TOTAL_SNR,0,-21.4197205182546,9.81238805067773,-4.82163733276644e-16,cedf4b9e08a3c3c38a3a2ef04feed13c10552efe8dbda8d319892649b432e196
21,SW1_K2_N1_L4_SP6_P1,2,WHITE,4,6,P1,8,10,0.3,45,0,0,SPECIFIED_CORRELATION,3326074020,3326075020,ONE_SYNTHETIC_CPI,ONE_SELECTED_RANGE_DOPPLER_CELL,1,1,0,0,0,TP1_K2_N1_L4_SP6_P1,WHITENED_SEQUENTIAL_BEAMSPACE_EXPECTED_TOTAL_SNR,6,-15.4197201460617,15.8046629329308,6,a208f094dde39db771ac2da5be72364a1fd8e3eacf00712d6d34924774934436
22,SW1_K2_N1_L4_SP6_P2,2,WHITE,4,6,P2,8.2,10,0.2,0,-6,0,SPECIFIED_CORRELATION,3326074021,3326075021,ONE_SYNTHETIC_CPI,ONE_SELECTED_RANGE_DOPPLER_CELL,1,1,0,0,0,TP1_K2_N1_L4_SP6_P2,WHITENED_SEQUENTIAL_BEAMSPACE_EXPECTED_TOTAL_SNR,6,-15.4197207417143,15.8024059949362,6,a444b533f6d451fab4f4651943165e0cc1d4478ebbfb2fe70aac464b489584d3
23,SW1_K2_N1_L4_SP6_P3,2,WHITE,4,6,P3,7.9,10.1,0.15,90,0,0.9,SPECIFIED_CORRELATION,3326074022,3326075022,ONE_SYNTHETIC_CPI,ONE_SELECTED_RANGE_DOPPLER_CELL,1,1,0,0,0,TP1_K2_N1_L4_SP6_P3,WHITENED_SEQUENTIAL_BEAMSPACE_EXPECTED_TOTAL_SNR,6,-15.419720272473,15.8077355784753,6,65bce83d5c54c5190cfe619e496a712b3538b59758d67a11a3c80dcbe604a06c
24,SW1_K2_N1_L4_SP6_P4,2,WHITE,4,6,P4,8.1,9.95,0.1,135,-6,0.9,SPECIFIED_CORRELATION,3326074023,3326075023,ONE_SYNTHETIC_CPI,ONE_SELECTED_RANGE_DOPPLER_CELL,1,1,0,0,0,TP1_K2_N1_L4_SP6_P4,WHITENED_SEQUENTIAL_BEAMSPACE_EXPECTED_TOTAL_SNR,6,-15.419720520713,15.8130207490601,6,0f712be1f453ee211d64bc2f56b84a7ba963fd8cc9f14f418ea33bfef66a81c7
25,SW1_K2_N1_L8_SM6_P1,2,WHITE,8,-6,P1,8,10,0.3,45,0,0,SPECIFIED_CORRELATION,3326074024,3326075024,ONE_SYNTHETIC_CPI,ONE_SELECTED_RANGE_DOPPLER_CELL,1,1,0,0,0,TP1_K2_N1_L8_SM6_P1,WHITENED_SEQUENTIAL_BEAMSPACE_EXPECTED_TOTAL_SNR,-6,-27.4197201460617,3.80466293293079,-6,76e1de30c89ca88d08792e9e74bd43473919469dcd9c5c1bf4d1334bae5d418e
26,SW1_K2_N1_L8_SM6_P2,2,WHITE,8,-6,P2,8.2,10,0.2,0,-6,0,SPECIFIED_CORRELATION,3326074025,3326075025,ONE_SYNTHETIC_CPI,ONE_SELECTED_RANGE_DOPPLER_CELL,1,1,0,0,0,TP1_K2_N1_L8_SM6_P2,WHITENED_SEQUENTIAL_BEAMSPACE_EXPECTED_TOTAL_SNR,-6,-27.4197207417143,3.80240599493617,-6,dbffa3e71c9a56a22fa5d02b51ae8c413792f846119d9bda0e654777ada67f92
27,SW1_K2_N1_L8_SM6_P3,2,WHITE,8,-6,P3,7.9,10.1,0.15,90,0,0.9,SPECIFIED_CORRELATION,3326074026,3326075026,ONE_SYNTHETIC_CPI,ONE_SELECTED_RANGE_DOPPLER_CELL,1,1,0,0,0,TP1_K2_N1_L8_SM6_P3,WHITENED_SEQUENTIAL_BEAMSPACE_EXPECTED_TOTAL_SNR,-6,-27.4197201296781,3.79747465873605,-6,cc216358a38f2ab23554c1e4440c66d80917b330f2873cb933f1ed30f119241a
28,SW1_K2_N1_L8_SM6_P4,2,WHITE,8,-6,P4,8.1,9.95,0.1,135,-6,0.9,SPECIFIED_CORRELATION,3326074027,3326075027,ONE_SYNTHETIC_CPI,ONE_SELECTED_RANGE_DOPPLER_CELL,1,1,0,0,0,TP1_K2_N1_L8_SM6_P4,WHITENED_SEQUENTIAL_BEAMSPACE_EXPECTED_TOTAL_SNR,-6,-27.4197204868905,3.81159726001136,-6,5570c408721b04e613ba1c9afad6eab859cd06f956a3d8eed18fb5442f95f55b
29,SW1_K2_N1_L8_SP0_P1,2,WHITE,8,0,P1,8,10,0.3,45,0,0,SPECIFIED_CORRELATION,3326074028,3326075028,ONE_SYNTHETIC_CPI,ONE_SELECTED_RANGE_DOPPLER_CELL,1,1,0,0,0,TP1_K2_N1_L8_SP0_P1,WHITENED_SEQUENTIAL_BEAMSPACE_EXPECTED_TOTAL_SNR,0,-21.4197201460617,9.80466293293078,9.64327466553287e-16,a9f9b6c26af88d3350799385df0af683747e3cfe7a25f30e83f5db4ec9e7db78
30,SW1_K2_N1_L8_SP0_P2,2,WHITE,8,0,P2,8.2,10,0.2,0,-6,0,SPECIFIED_CORRELATION,3326074029,3326075029,ONE_SYNTHETIC_CPI,ONE_SELECTED_RANGE_DOPPLER_CELL,1,1,0,0,0,TP1_K2_N1_L8_SP0_P2,WHITENED_SEQUENTIAL_BEAMSPACE_EXPECTED_TOTAL_SNR,0,-21.4197207417143,9.80240599493617,1.92865493310657e-15,9b8b1be86a5dd2d498dd5a5395619c8065fae3da8847e53ca9b346e26f3e6251
31,SW1_K2_N1_L8_SP0_P3,2,WHITE,8,0,P3,7.9,10.1,0.15,90,0,0.9,SPECIFIED_CORRELATION,3326074030,3326075030,ONE_SYNTHETIC_CPI,ONE_SELECTED_RANGE_DOPPLER_CELL,1,1,0,0,0,TP1_K2_N1_L8_SP0_P3,WHITENED_SEQUENTIAL_BEAMSPACE_EXPECTED_TOTAL_SNR,0,-21.419720188256,9.80595886780058,9.64327466553287e-16,0166683ae0ab997b39723d5a839e2f45161f0fbdf005a787182b1ff37aec3f45
32,SW1_K2_N1_L8_SP0_P4,2,WHITE,8,0,P4,8.1,9.95,0.1,135,-6,0.9,SPECIFIED_CORRELATION,3326074031,3326075031,ONE_SYNTHETIC_CPI,ONE_SELECTED_RANGE_DOPPLER_CELL,1,1,0,0,0,TP1_K2_N1_L8_SP0_P4,WHITENED_SEQUENTIAL_BEAMSPACE_EXPECTED_TOTAL_SNR,0,-21.4197202203124,9.79756284792683,2.89298239965986e-15,11d54add4f849f374d11950c34f4e84ff1a29aa5bf007c1239102e035d551ce4
33,SW1_K2_N1_L8_SP6_P1,2,WHITE,8,6,P1,8,10,0.3,45,0,0,SPECIFIED_CORRELATION,3326074032,3326075032,ONE_SYNTHETIC_CPI,ONE_SELECTED_RANGE_DOPPLER_CELL,1,1,0,0,0,TP1_K2_N1_L8_SP6_P1,WHITENED_SEQUENTIAL_BEAMSPACE_EXPECTED_TOTAL_SNR,6,-15.4197201460617,15.8046629329308,6,896e6fb04a80581b97b21a6e75d3746904239ee685d95e7949828de53c670676
34,SW1_K2_N1_L8_SP6_P2,2,WHITE,8,6,P2,8.2,10,0.2,0,-6,0,SPECIFIED_CORRELATION,3326074033,3326075033,ONE_SYNTHETIC_CPI,ONE_SELECTED_RANGE_DOPPLER_CELL,1,1,0,0,0,TP1_K2_N1_L8_SP6_P2,WHITENED_SEQUENTIAL_BEAMSPACE_EXPECTED_TOTAL_SNR,6,-15.4197207417143,15.8024059949362,6,f491ad261b1fe13397804a4176d3a7de05b56eb643fc05851b838005fcf7deff
35,SW1_K2_N1_L8_SP6_P3,2,WHITE,8,6,P3,7.9,10.1,0.15,90,0,0.9,SPECIFIED_CORRELATION,3326074034,3326075034,ONE_SYNTHETIC_CPI,ONE_SELECTED_RANGE_DOPPLER_CELL,1,1,0,0,0,TP1_K2_N1_L8_SP6_P3,WHITENED_SEQUENTIAL_BEAMSPACE_EXPECTED_TOTAL_SNR,6,-15.4197195094785,15.7718651219988,6,87e02a9d5408cb556ccfff80b2519a454f23bf7baa3a958756d2422e97fe2472
36,SW1_K2_N1_L8_SP6_P4,2,WHITE,8,6,P4,8.1,9.95,0.1,135,-6,0.9,SPECIFIED_CORRELATION,3326074035,3326075035,ONE_SYNTHETIC_CPI,ONE_SELECTED_RANGE_DOPPLER_CELL,1,1,0,0,0,TP1_K2_N1_L8_SP6_P4,WHITENED_SEQUENTIAL_BEAMSPACE_EXPECTED_TOTAL_SNR,6,-15.4197204746629,15.8094525900236,6,f06ecd64bdc707979046a9567daffbcaa09a336fe4fcb71235e597dcbc672441
37,SW1_K2_N2_L1_SM6_P1,2,STAGE5_TOEPLITZ_CORRELATED,1,-6,P1,8,10,0.3,45,0,1,L1_FULLY_COHERENT_BY_CONTRACT,3326074036,3326075036,ONE_SYNTHETIC_CPI,ONE_SELECTED_RANGE_DOPPLER_CELL,1,1,0,0,0,TP1_K2_N2_L1_SM6_P1,WHITENED_SEQUENTIAL_BEAMSPACE_EXPECTED_TOTAL_SNR,-6,-29.0947966576344,-2.01412155268865,-6.00000000000042,b802bc77cc041ea74e30b41a9ac8bc3443ae3f341397359a4a4cdc0a71a76c20
38,SW1_K2_N2_L1_SM6_P2,2,STAGE5_TOEPLITZ_CORRELATED,1,-6,P2,8.2,10,0.2,0,-6,1,L1_FULLY_COHERENT_BY_CONTRACT,3326074037,3326075037,ONE_SYNTHETIC_CPI,ONE_SELECTED_RANGE_DOPPLER_CELL,1,1,0,0,0,TP1_K2_N2_L1_SM6_P2,WHITENED_SEQUENTIAL_BEAMSPACE_EXPECTED_TOTAL_SNR,-6,-28.6653683501042,-0.177835770639593,-5.99999999999956,d0d3ea506187f34313982e71641a3ddc9b22dc2cf478b61d23de48155b563355
39,SW1_K2_N2_L1_SM6_P3,2,STAGE5_TOEPLITZ_CORRELATED,1,-6,P3,7.9,10.1,0.15,90,0,1,L1_FULLY_COHERENT_BY_CONTRACT,3326074038,3326075038,ONE_SYNTHETIC_CPI,ONE_SELECTED_RANGE_DOPPLER_CELL,1,1,0,0,0,TP1_K2_N2_L1_SM6_P3,WHITENED_SEQUENTIAL_BEAMSPACE_EXPECTED_TOTAL_SNR,-6,-28.6698593008568,-0.183393353817135,-6.00000000000074,aa26c4483b65cbb22f2890cfaf7365012c60b484e597310bdad214b7c150967c
40,SW1_K2_N2_L1_SM6_P4,2,STAGE5_TOEPLITZ_CORRELATED,1,-6,P4,8.1,9.95,0.1,135,-6,1,L1_FULLY_COHERENT_BY_CONTRACT,3326074039,3326075039,ONE_SYNTHETIC_CPI,ONE_SELECTED_RANGE_DOPPLER_CELL,1,1,0,0,0,TP1_K2_N2_L1_SM6_P4,WHITENED_SEQUENTIAL_BEAMSPACE_EXPECTED_TOTAL_SNR,-6,-28.6399362549922,-0.140913258546466,-5.99999999999905,bd0b92bd632cde1e28d61f5b3e74bed052e88fc512f66562678fc6579483b103
41,SW1_K2_N2_L1_SP0_P1,2,STAGE5_TOEPLITZ_CORRELATED,1,0,P1,8,10,0.3,45,0,1,L1_FULLY_COHERENT_BY_CONTRACT,3326074040,3326075040,ONE_SYNTHETIC_CPI,ONE_SELECTED_RANGE_DOPPLER_CELL,1,1,0,0,0,TP1_K2_N2_L1_SP0_P1,WHITENED_SEQUENTIAL_BEAMSPACE_EXPECTED_TOTAL_SNR,0,-22.688460857618,5.7671096761156,-3.53908180225071e-13,ccec5b52f988f1b30a872580447db4f8bcb1eba5ac2169771bd868c0c9c9d68c
42,SW1_K2_N2_L1_SP0_P2,2,STAGE5_TOEPLITZ_CORRELATED,1,0,P2,8.2,10,0.2,0,-6,1,L1_FULLY_COHERENT_BY_CONTRACT,3326074041,3326075041,ONE_SYNTHETIC_CPI,ONE_SELECTED_RANGE_DOPPLER_CELL,1,1,0,0,0,TP1_K2_N2_L1_SP0_P2,WHITENED_SEQUENTIAL_BEAMSPACE_EXPECTED_TOTAL_SNR,0,-22.6904306861397,5.79984303352255,6.03668994062316e-13,07790e6208a6ac090d0245d59dd5d196008f1d17a5bd567ffd18c27c73930121
43,SW1_K2_N2_L1_SP0_P3,2,STAGE5_TOEPLITZ_CORRELATED,1,0,P3,7.9,10.1,0.15,90,0,1,L1_FULLY_COHERENT_BY_CONTRACT,3326074042,3326075042,ONE_SYNTHETIC_CPI,ONE_SELECTED_RANGE_DOPPLER_CELL,1,1,0,0,0,TP1_K2_N2_L1_SP0_P3,WHITENED_SEQUENTIAL_BEAMSPACE_EXPECTED_TOTAL_SNR,0,-22.699932824651,5.7891123465267,1.8900818344444e-13,026ad6cd9adccb6ca12979e2613b85e1aac681d5428b5b7b1850428831fa2474
44,SW1_K2_N2_L1_SP0_P4,2,STAGE5_TOEPLITZ_CORRELATED,1,0,P4,8.1,9.95,0.1,135,-6,1,L1_FULLY_COHERENT_BY_CONTRACT,3326074043,3326075043,ONE_SYNTHETIC_CPI,ONE_SELECTED_RANGE_DOPPLER_CELL,1,1,0,0,0,TP1_K2_N2_L1_SP0_P4,WHITENED_SEQUENTIAL_BEAMSPACE_EXPECTED_TOTAL_SNR,0,-22.6461456626724,5.85513752578631,4.14660810617911e-14,85cdb249ddf21de334a8388f0f03ca3899e705952ebee019b05dd56141aa6159
45,SW1_K2_N2_L1_SP6_P1,2,STAGE5_TOEPLITZ_CORRELATED,1,6,P1,8,10,0.3,45,0,1,L1_FULLY_COHERENT_BY_CONTRACT,3326074044,3326075044,ONE_SYNTHETIC_CPI,ONE_SELECTED_RANGE_DOPPLER_CELL,1,1,0,0,0,TP1_K2_N2_L1_SP6_P1,WHITENED_SEQUENTIAL_BEAMSPACE_EXPECTED_TOTAL_SNR,6,-16.6503124865494,11.8744260533108,6.00000000000064,4fdca7d05538ed3a72ba85a8a5baef50a035395cf551dd2b55ba1975cd3a3410
46,SW1_K2_N2_L1_SP6_P2,2,STAGE5_TOEPLITZ_CORRELATED,1,6,P2,8.2,10,0.2,0,-6,1,L1_FULLY_COHERENT_BY_CONTRACT,3326074045,3326075045,ONE_SYNTHETIC_CPI,ONE_SELECTED_RANGE_DOPPLER_CELL,1,1,0,0,0,TP1_K2_N2_L1_SP6_P2,WHITENED_SEQUENTIAL_BEAMSPACE_EXPECTED_TOTAL_SNR,6,-16.7586511928087,11.7249625954587,6.00000000000006,83bdd0243d4f6946f4dd1ca1947585b57bdb26ed7839cb056fa880e1814ac118
47,SW1_K2_N2_L1_SP6_P3,2,STAGE5_TOEPLITZ_CORRELATED,1,6,P3,7.9,10.1,0.15,90,0,1,L1_FULLY_COHERENT_BY_CONTRACT,3326074046,3326075046,ONE_SYNTHETIC_CPI,ONE_SELECTED_RANGE_DOPPLER_CELL,1,1,0,0,0,TP1_K2_N2_L1_SP6_P3,WHITENED_SEQUENTIAL_BEAMSPACE_EXPECTED_TOTAL_SNR,6,-16.6786529146147,11.8156813409122,5.99999999999943,e38620e9bbd4d6c10acd1ae6b0713ac335886d2155761de73a496b2622fc4732
48,SW1_K2_N2_L1_SP6_P4,2,STAGE5_TOEPLITZ_CORRELATED,1,6,P4,8.1,9.95,0.1,135,-6,1,L1_FULLY_COHERENT_BY_CONTRACT,3326074047,3326075047,ONE_SYNTHETIC_CPI,ONE_SELECTED_RANGE_DOPPLER_CELL,1,1,0,0,0,TP1_K2_N2_L1_SP6_P4,WHITENED_SEQUENTIAL_BEAMSPACE_EXPECTED_TOTAL_SNR,6,-16.6475875878374,11.8534305563903,5.99999999999935,fccb5803dceec31f0079b8128a690468aefd3fc8666f556ff4f10ed3e9a1cf9d
49,SW1_K2_N2_L4_SM6_P1,2,STAGE5_TOEPLITZ_CORRELATED,4,-6,P1,8,10,0.3,45,0,0,SPECIFIED_CORRELATION,3326074048,3326075048,ONE_SYNTHETIC_CPI,ONE_SELECTED_RANGE_DOPPLER_CELL,1,1,0,0,0,TP1_K2_N2_L4_SM6_P1,WHITENED_SEQUENTIAL_BEAMSPACE_EXPECTED_TOTAL_SNR,-6,-28.664100918801,-0.171596097990134,-5.99999999999998,9fe0607f14300c7b95a5e590ca819d6eb172397381e13fee6b95329d0dba330e
50,SW1_K2_N2_L4_SM6_P2,2,STAGE5_TOEPLITZ_CORRELATED,4,-6,P2,8.2,10,0.2,0,-6,0,SPECIFIED_CORRELATION,3326074049,3326075049,ONE_SYNTHETIC_CPI,ONE_SELECTED_RANGE_DOPPLER_CELL,1,1,0,0,0,TP1_K2_N2_L4_SM6_P2,WHITENED_SEQUENTIAL_BEAMSPACE_EXPECTED_TOTAL_SNR,-6,-28.6623914851739,-0.172143006705046,-5.99999999999997,11b0d553462b164a1fbbc65cc791f4dfda6943ba69289ee29adfbdb34dff5619
51,SW1_K2_N2_L4_SM6_P3,2,STAGE5_TOEPLITZ_CORRELATED,4,-6,P3,7.9,10.1,0.15,90,0,0.9,SPECIFIED_CORRELATION,3326074050,3326075050,ONE_SYNTHETIC_CPI,ONE_SELECTED_RANGE_DOPPLER_CELL,1,1,0,0,0,TP1_K2_N2_L4_SM6_P3,WHITENED_SEQUENTIAL_BEAMSPACE_EXPECTED_TOTAL_SNR,-6,-28.7199298464111,-0.322888068605162,-6.00000000000007,bd8759ef9c49f21cef54cf822a56935e5f63af4e1b80689e2b6c0fceb59acf3a
52,SW1_K2_N2_L4_SM6_P4,2,STAGE5_TOEPLITZ_CORRELATED,4,-6,P4,8.1,9.95,0.1,135,-6,0.9,SPECIFIED_CORRELATION,3326074051,3326075051,ONE_SYNTHETIC_CPI,ONE_SELECTED_RANGE_DOPPLER_CELL,1,1,0,0,0,TP1_K2_N2_L4_SM6_P4,WHITENED_SEQUENTIAL_BEAMSPACE_EXPECTED_TOTAL_SNR,-6,-28.6400939504549,-0.183780188519084,-6.00000000000004,c91df25c86c92bf534963cc06cb0fd4daf426aac104a68a9c5adc6d7596c675b
53,SW1_K2_N2_L4_SP0_P1,2,STAGE5_TOEPLITZ_CORRELATED,4,0,P1,8,10,0.3,45,0,0,SPECIFIED_CORRELATION,3326074052,3326075052,ONE_SYNTHETIC_CPI,ONE_SELECTED_RANGE_DOPPLER_CELL,1,1,0,0,0,TP1_K2_N2_L4_SP0_P1,WHITENED_SEQUENTIAL_BEAMSPACE_EXPECTED_TOTAL_SNR,0,-22.664100918801,5.82840390200987,8.19678346570286e-14,4b38a3b753cba1de5833a7390e079913fb6f27689c629e32fdef98d2913e88ae
54,SW1_K2_N2_L4_SP0_P2,2,STAGE5_TOEPLITZ_CORRELATED,4,0,P2,8.2,10,0.2,0,-6,0,SPECIFIED_CORRELATION,3326074053,3326075053,ONE_SYNTHETIC_CPI,ONE_SELECTED_RANGE_DOPPLER_CELL,1,1,0,0,0,TP1_K2_N2_L4_SP0_P2,WHITENED_SEQUENTIAL_BEAMSPACE_EXPECTED_TOTAL_SNR,0,-22.6623914851739,5.82785699329496,1.32112862917798e-13,a43adcd53cd7389dcd12c9ed3c35ee914a66f913877eb2f13aeaa1e63ede6646
55,SW1_K2_N2_L4_SP0_P3,2,STAGE5_TOEPLITZ_CORRELATED,4,0,P3,7.9,10.1,0.15,90,0,0.9,SPECIFIED_CORRELATION,3326074054,3326075054,ONE_SYNTHETIC_CPI,ONE_SELECTED_RANGE_DOPPLER_CELL,1,1,0,0,0,TP1_K2_N2_L4_SP0_P3,WHITENED_SEQUENTIAL_BEAMSPACE_EXPECTED_TOTAL_SNR,0,-22.6801796163088,5.81401037258102,9.16111093225613e-14,2c75cecaa93e914de029c41209cee460052ead1025f520084773bb20ec3f2868
56,SW1_K2_N2_L4_SP0_P4,2,STAGE5_TOEPLITZ_CORRELATED,4,0,P4,8.1,9.95,0.1,135,-6,0.9,SPECIFIED_CORRELATION,3326074055,3326075055,ONE_SYNTHETIC_CPI,ONE_SELECTED_RANGE_DOPPLER_CELL,1,1,0,0,0,TP1_K2_N2_L4_SP0_P4,WHITENED_SEQUENTIAL_BEAMSPACE_EXPECTED_TOTAL_SNR,0,-22.654201372731,5.82940748684291,-1.13308477320013e-13,a8f263ee9a6e246a97190996f57cbb64e3c093caceec01c6892fc9e62889ef00
57,SW1_K2_N2_L4_SP6_P1,2,STAGE5_TOEPLITZ_CORRELATED,4,6,P1,8,10,0.3,45,0,0,SPECIFIED_CORRELATION,3326074056,3326075056,ONE_SYNTHETIC_CPI,ONE_SELECTED_RANGE_DOPPLER_CELL,1,1,0,0,0,TP1_K2_N2_L4_SP6_P1,WHITENED_SEQUENTIAL_BEAMSPACE_EXPECTED_TOTAL_SNR,6,-16.664100918801,11.8284039020099,6.00000000000007,6bc4ec71f10b89814e09d740e3eafdac81f96d0991c9abafcfda8d183c8b2b5d
58,SW1_K2_N2_L4_SP6_P2,2,STAGE5_TOEPLITZ_CORRELATED,4,6,P2,8.2,10,0.2,0,-6,0,SPECIFIED_CORRELATION,3326074057,3326075057,ONE_SYNTHETIC_CPI,ONE_SELECTED_RANGE_DOPPLER_CELL,1,1,0,0,0,TP1_K2_N2_L4_SP6_P2,WHITENED_SEQUENTIAL_BEAMSPACE_EXPECTED_TOTAL_SNR,6,-16.6623914851739,11.827856993295,6.00000000000009,7522f02d2f33acc6e0ffce4d306879f6f4e6e00c85ac0ecb70f0b679d999ae68
59,SW1_K2_N2_L4_SP6_P3,2,STAGE5_TOEPLITZ_CORRELATED,4,6,P3,7.9,10.1,0.15,90,0,0.9,SPECIFIED_CORRELATION,3326074058,3326075058,ONE_SYNTHETIC_CPI,ONE_SELECTED_RANGE_DOPPLER_CELL,1,1,0,0,0,TP1_K2_N2_L4_SP6_P3,WHITENED_SEQUENTIAL_BEAMSPACE_EXPECTED_TOTAL_SNR,6,-16.680492164836,11.8138662405071,6.00000000000009,a4488d73afd5ed0709d5e693ae8efb585197aad3deafb44b40227b2b9fb14f24
60,SW1_K2_N2_L4_SP6_P4,2,STAGE5_TOEPLITZ_CORRELATED,4,6,P4,8.1,9.95,0.1,135,-6,0.9,SPECIFIED_CORRELATION,3326074059,3326075059,ONE_SYNTHETIC_CPI,ONE_SELECTED_RANGE_DOPPLER_CELL,1,1,0,0,0,TP1_K2_N2_L4_SP6_P4,WHITENED_SEQUENTIAL_BEAMSPACE_EXPECTED_TOTAL_SNR,6,-16.6469478423104,11.853829301175,6.00000000000003,6c7b8869d39a2fddf0827028e7632bf7d06f6bd22ac5eda2a03bd95a99c3fd1d
61,SW1_K2_N2_L8_SM6_P1,2,STAGE5_TOEPLITZ_CORRELATED,8,-6,P1,8,10,0.3,45,0,0,SPECIFIED_CORRELATION,3326074060,3326075060,ONE_SYNTHETIC_CPI,ONE_SELECTED_RANGE_DOPPLER_CELL,1,1,0,0,0,TP1_K2_N2_L8_SM6_P1,WHITENED_SEQUENTIAL_BEAMSPACE_EXPECTED_TOTAL_SNR,-6,-28.6641009188011,-0.171596097990171,-6.00000000000004,d52f86f631a709cfb2e77c179e61f73f43a9cbe4f1ea0861f95cbba9cc3df0df
62,SW1_K2_N2_L8_SM6_P2,2,STAGE5_TOEPLITZ_CORRELATED,8,-6,P2,8.2,10,0.2,0,-6,0,SPECIFIED_CORRELATION,3326074061,3326075061,ONE_SYNTHETIC_CPI,ONE_SELECTED_RANGE_DOPPLER_CELL,1,1,0,0,0,TP1_K2_N2_L8_SM6_P2,WHITENED_SEQUENTIAL_BEAMSPACE_EXPECTED_TOTAL_SNR,-6,-28.6623914851739,-0.172143006705046,-5.99999999999999,6104b63b1a95bbf8e84fde35c855a4938cbb73a22a29d34f5a91a8212aa62a25
63,SW1_K2_N2_L8_SM6_P3,2,STAGE5_TOEPLITZ_CORRELATED,8,-6,P3,7.9,10.1,0.15,90,0,0.9,SPECIFIED_CORRELATION,3326074062,3326075062,ONE_SYNTHETIC_CPI,ONE_SELECTED_RANGE_DOPPLER_CELL,1,1,0,0,0,TP1_K2_N2_L8_SM6_P3,WHITENED_SEQUENTIAL_BEAMSPACE_EXPECTED_TOTAL_SNR,-6,-28.6723756284222,-0.186185096905491,-5.99999999999998,fb9152cd0cfc33e83eebe4b93b8840a842d7b4ac8118e4135b53bf2c4d5d5022
64,SW1_K2_N2_L8_SM6_P4,2,STAGE5_TOEPLITZ_CORRELATED,8,-6,P4,8.1,9.95,0.1,135,-6,0.9,SPECIFIED_CORRELATION,3326074063,3326075063,ONE_SYNTHETIC_CPI,ONE_SELECTED_RANGE_DOPPLER_CELL,1,1,0,0,0,TP1_K2_N2_L8_SM6_P4,WHITENED_SEQUENTIAL_BEAMSPACE_EXPECTED_TOTAL_SNR,-6,-28.644370079335,-0.143615199415875,-6.00000000000015,925df6ff9f292933e3bf48ea097e7bed74a193743ba20df18e01ea6882c6cbc6
65,SW1_K2_N2_L8_SP0_P1,2,STAGE5_TOEPLITZ_CORRELATED,8,0,P1,8,10,0.3,45,0,0,SPECIFIED_CORRELATION,3326074064,3326075064,ONE_SYNTHETIC_CPI,ONE_SELECTED_RANGE_DOPPLER_CELL,1,1,0,0,0,TP1_K2_N2_L8_SP0_P1,WHITENED_SEQUENTIAL_BEAMSPACE_EXPECTED_TOTAL_SNR,0,-22.6641009188011,5.82840390200983,-6.75029226587301e-15,6f7c4712eb1353e0c7c3ba1d65525da25417594b27099ae98290c566246db469
66,SW1_K2_N2_L8_SP0_P2,2,STAGE5_TOEPLITZ_CORRELATED,8,0,P2,8.2,10,0.2,0,-6,0,SPECIFIED_CORRELATION,3326074065,3326075065,ONE_SYNTHETIC_CPI,ONE_SELECTED_RANGE_DOPPLER_CELL,1,1,0,0,0,TP1_K2_N2_L8_SP0_P2,WHITENED_SEQUENTIAL_BEAMSPACE_EXPECTED_TOTAL_SNR,0,-22.6623914851739,5.82785699329496,4.72520458611108e-14,56f6034379d5f26a514d6ac77f81131c3abd273e5e1597f545b4066167241b27
67,SW1_K2_N2_L8_SP0_P3,2,STAGE5_TOEPLITZ_CORRELATED,8,0,P3,7.9,10.1,0.15,90,0,0.9,SPECIFIED_CORRELATION,3326074066,3326075066,ONE_SYNTHETIC_CPI,ONE_SELECTED_RANGE_DOPPLER_CELL,1,1,0,0,0,TP1_K2_N2_L8_SP0_P3,WHITENED_SEQUENTIAL_BEAMSPACE_EXPECTED_TOTAL_SNR,0,-22.6708242792692,5.81264616297203,3.56801162624715e-14,e41377a730425fb8221e6dc8b197569cede3d85f094d05ee3a7624f3d52fcf4f
68,SW1_K2_N2_L8_SP0_P4,2,STAGE5_TOEPLITZ_CORRELATED,8,0,P4,8.1,9.95,0.1,135,-6,0.9,SPECIFIED_CORRELATION,3326074067,3326075067,ONE_SYNTHETIC_CPI,ONE_SELECTED_RANGE_DOPPLER_CELL,1,1,0,0,0,TP1_K2_N2_L8_SP0_P4,WHITENED_SEQUENTIAL_BEAMSPACE_EXPECTED_TOTAL_SNR,0,-22.6473234912763,5.8146614692172,9.73970741218809e-14,1affc00e9e12dab2be9db8052d440bb819572f6e9e303026a33edd90868c83ca
69,SW1_K2_N2_L8_SP6_P1,2,STAGE5_TOEPLITZ_CORRELATED,8,6,P1,8,10,0.3,45,0,0,SPECIFIED_CORRELATION,3326074068,3326075068,ONE_SYNTHETIC_CPI,ONE_SELECTED_RANGE_DOPPLER_CELL,1,1,0,0,0,TP1_K2_N2_L8_SP6_P1,WHITENED_SEQUENTIAL_BEAMSPACE_EXPECTED_TOTAL_SNR,6,-16.6641009188011,11.8284039020098,5.99999999999992,208527daed83024cb1459625655e213d8f4751be107a75ac0250d2da9ec0aa48
70,SW1_K2_N2_L8_SP6_P2,2,STAGE5_TOEPLITZ_CORRELATED,8,6,P2,8.2,10,0.2,0,-6,0,SPECIFIED_CORRELATION,3326074069,3326075069,ONE_SYNTHETIC_CPI,ONE_SELECTED_RANGE_DOPPLER_CELL,1,1,0,0,0,TP1_K2_N2_L8_SP6_P2,WHITENED_SEQUENTIAL_BEAMSPACE_EXPECTED_TOTAL_SNR,6,-16.6623914851739,11.827856993295,6.00000000000002,f66865b0d6e4af04758066a21e9e5204fab37683bab4a580abaabd9f81cc07fd
71,SW1_K2_N2_L8_SP6_P3,2,STAGE5_TOEPLITZ_CORRELATED,8,6,P3,7.9,10.1,0.15,90,0,0.9,SPECIFIED_CORRELATION,3326074070,3326075070,ONE_SYNTHETIC_CPI,ONE_SELECTED_RANGE_DOPPLER_CELL,1,1,0,0,0,TP1_K2_N2_L8_SP6_P3,WHITENED_SEQUENTIAL_BEAMSPACE_EXPECTED_TOTAL_SNR,6,-16.6831939042935,11.8122230973519,6.00000000000001,afa2b0f4a546ca8ca7eefb9d7a91a2fc933b9b6559b35a18eac0355c09306cab
72,SW1_K2_N2_L8_SP6_P4,2,STAGE5_TOEPLITZ_CORRELATED,8,6,P4,8.1,9.95,0.1,135,-6,0.9,SPECIFIED_CORRELATION,3326074071,3326075071,ONE_SYNTHETIC_CPI,ONE_SELECTED_RANGE_DOPPLER_CELL,1,1,0,0,0,TP1_K2_N2_L8_SP6_P4,WHITENED_SEQUENTIAL_BEAMSPACE_EXPECTED_TOTAL_SNR,6,-16.6485704062801,11.8515878940831,5.99999999999995,dd08340906e91121872d2dbbe3249e0a209ff1c2f27aae482cc07d20962c8569
