summary_scope,method_id,white_beamspace_snr_target_db,profile_id,noise_profile_id,L,total_count,applicable_count,valid_count,structural_na_count,algorithmic_invalid_count,applicability_rate,valid_rate,comparability_class,joint_RMSE_deg_median,joint_RMSE_deg_p90,azimuth_RMSE_deg_median,azimuth_RMSE_deg_p90,elevation_RMSE_deg_median,elevation_RMSE_deg_p90,center_error_deg_median,center_error_deg_p90,axis_error_deg_median,axis_error_deg_p90,rho_error_deg_median,rho_error_deg_p90,rho_relative_error_median,rho_relative_error_p90,separation_vector_error_deg_median,separation_vector_error_deg_p90,runtime_sec_median,runtime_sec_p90,score_call_count_median,SVD_call_count_median,eig_call_count_median
SNR_OVERALL,BEAMSPACE_MUSIC_K2,-6,ALL,ALL,NaN,240,160,0,80,160,0.666666666666667,0,NO_VALID_OUTPUT,NaN,NaN,NaN,NaN,NaN,NaN,NaN,NaN,NaN,NaN,NaN,NaN,NaN,NaN,NaN,NaN,0.0333098559821429,0.0412159180357143,19521,0,1
SNR_OVERALL,BEAMSPACE_MUSIC_K2,0,ALL,ALL,NaN,240,160,0,80,160,0.666666666666667,0,NO_VALID_OUTPUT,NaN,NaN,NaN,NaN,NaN,NaN,NaN,NaN,NaN,NaN,NaN,NaN,NaN,NaN,NaN,NaN,0.0333954539285714,0.0409940180357143,19521,0,1
SNR_OVERALL,BEAMSPACE_MUSIC_K2,6,ALL,ALL,NaN,240,160,0,80,160,0.666666666666667,0,NO_VALID_OUTPUT,NaN,NaN,NaN,NaN,NaN,NaN,NaN,NaN,NaN,NaN,NaN,NaN,NaN,NaN,NaN,NaN,0.0332647039285714,0.0414337180357143,19521,0,1
SNR_OVERALL,BEAMSPACE_MUSIC_K2,10,ALL,ALL,NaN,240,160,0,80,160,0.666666666666667,0,NO_VALID_OUTPUT,NaN,NaN,NaN,NaN,NaN,NaN,NaN,NaN,NaN,NaN,NaN,NaN,NaN,NaN,NaN,NaN,0.0332866559821429,0.0416189880357143,19521,0,1
SNR_OVERALL,BEAMSPACE_MUSIC_K2,14,ALL,ALL,NaN,240,160,0,80,160,0.666666666666667,0,NO_VALID_OUTPUT,NaN,NaN,NaN,NaN,NaN,NaN,NaN,NaN,NaN,NaN,NaN,NaN,NaN,NaN,NaN,NaN,0.0332649559821429,0.0412073180357143,19521,0,1
SNR_OVERALL,BEAMSPACE_MUSIC_K2,18,ALL,ALL,NaN,240,160,0,80,160,0.666666666666667,0,NO_VALID_OUTPUT,NaN,NaN,NaN,NaN,NaN,NaN,NaN,NaN,NaN,NaN,NaN,NaN,NaN,NaN,NaN,NaN,0.0332754539285714,0.0407487580357143,19521,0,1
SNR_OVERALL,BEAMSPACE_MUSIC_K2,22,ALL,ALL,NaN,240,160,0,80,160,0.666666666666667,0,NO_VALID_OUTPUT,NaN,NaN,NaN,NaN,NaN,NaN,NaN,NaN,NaN,NaN,NaN,NaN,NaN,NaN,NaN,NaN,0.0333028039285714,0.040911647625,19521,0,1
SNR_OVERALL,CORE_LITE,-6,ALL,ALL,NaN,240,240,240,0,0,1,1,ROBUSTLY_COMPARABLE,0.455992250140432,0.628987281270456,0.412310562561766,0.608276253029822,0.160078105935821,0.226384628453435,0.380277563773199,0.608276253029822,45,90,0.132842712474619,0.916552506059644,0.999999999999997,4.54772675074123,0.257842712474619,1.00055732146696,0.1466588,0.17862053,151,347,NaN
SNR_OVERALL,CORE_LITE,0,ALL,ALL,NaN,240,240,240,0,0,1,1,ROBUSTLY_COMPARABLE,0.413067791046458,0.620534025811459,0.405189995172801,0.603472395547745,0.144295072029038,0.201556443707463,0.223606797749979,0.509901951359278,45,90,0.182842712474618,0.97932966528421,0.999999999999997,5.836845390596,0.28336261665087,1.02090115308715,0.14578425,0.1825541,163,379,NaN
SNR_OVERALL,CORE_LITE,6,ALL,ALL,NaN,240,240,240,0,0,1,1,ROBUSTLY_COMPARABLE,0.351095982534569,0.556776436283001,0.331717947305242,0.53851648071345,0.141421356237309,0.201556443707463,0.206155281280883,0.434480168539289,40.2688388959871,78.8748285525792,0.265685424949238,0.901655250605964,1.66666666666669,5.6798692684791,0.35376148215657,1.00557321466958,0.1442249,0.17765232,163.5,379.5,NaN
SNR_OVERALL,CORE_LITE,10,ALL,ALL,NaN,240,240,240,0,0,1,1,ROBUSTLY_COMPARABLE,0.3,0.51158480195376,0.22360679774998,0.5,0.133210678118654,0.201556443707463,0.14142135623731,0.412310562561765,26.565051177078,71.565051177078,0.281449510224598,0.724621125123532,1.66666666666669,5.32455532033676,0.320156211871643,0.802400577036039,0.14104495,0.17085205,151,347,NaN
SNR_OVERALL,CORE_LITE,14,ALL,ALL,NaN,240,240,240,0,0,1,1,ROBUSTLY_COMPARABLE,0.242611602552744,0.45230803644243,0.220960614428923,0.417543972399656,0.100183813884297,0.201556443707463,0.141421356237309,0.364499614791759,18.4349488229221,59.476114003426,0.200000000000001,0.573999229583519,1.2360679774998,4.65685424949238,0.265685424949237,0.602079728939614,0.1390463,0.1698178,150,346,NaN
SNR_OVERALL,CORE_LITE,18,ALL,ALL,NaN,240,240,240,0,0,1,1,ROBUSTLY_COMPARABLE,0.223606797749979,0.387604724273299,0.192634016664423,0.342210263399959,0.100183813884297,0.201556443707463,0.141421356237309,0.300000000000001,18.4349488229219,63.4349488229219,0.200000000000001,0.525404565814546,1.00000000000001,3.5056625295615,0.209316976878972,0.544851277882462,0.13540875,0.17534736,150,346,NaN
SNR_OVERALL,CORE_LITE,22,ALL,ALL,NaN,240,240,240,0,0,1,1,ROBUSTLY_COMPARABLE,0.183811850990091,0.301039864469807,0.100183813884298,0.264644660940673,0.100183813884297,0.172069359202238,0.111803398874989,0.282842712474619,0,46.130993247402,0.182842712474618,0.400000000000001,0.885618083164142,3.47213595499959,0.206155281280883,0.426281278913979,0.1358532,0.16176324,150,346,NaN
SNR_OVERALL,CORE_PLUS,-6,ALL,ALL,NaN,240,240,240,0,0,1,1,ROBUSTLY_COMPARABLE,0.457680541787489,0.649480414578097,0.412310562561766,0.609302880347697,0.154110350074223,0.226384628453435,0.371646904237756,0.632290952672934,45,85.823659338837,0.147213595499958,0.799984471899923,0.993064680696556,3.47213595499958,0.211672059792455,0.809608284603739,0.9796951,1.84964335,1351.5,2752,NaN
SNR_OVERALL,CORE_PLUS,0,ALL,ALL,NaN,240,240,240,0,0,1,1,ROBUSTLY_COMPARABLE,0.387428535963975,0.64329847160267,0.348977940910331,0.608701369478228,0.145040678531837,0.215074133243017,0.22403851593698,0.629540685017577,44.2996734130805,88.9113531296775,0.14896476211574,1.0015960184966,0.993098414104944,5.32455532033678,0.230972991615957,1.04211372235684,1.3366567,2.07743438,1877.5,3802.5,NaN
SNR_OVERALL,CORE_PLUS,6,ALL,ALL,NaN,240,240,240,0,0,1,1,ROBUSTLY_COMPARABLE,0.356647119277473,0.574679832142283,0.331717947305242,0.555012054590584,0.139923408959735,0.201556443707463,0.206155281280883,0.509901951359278,33.8734903684965,79.3478991096676,0.198973926445314,0.9,0.994987086306255,5.34842530460219,0.25215038277247,0.989036403711703,1.3195273,2.49824179,1839.5,3724.5,NaN
SNR_OVERALL,CORE_PLUS,10,ALL,ALL,NaN,240,240,240,0,0,1,1,ROBUSTLY_COMPARABLE,0.273088933854391,0.514124120458504,0.223606797749979,0.500003679521052,0.127170719708086,0.201556443707463,0.169916320398173,0.42904156950468,26.565051177078,74.8901668260487,0.232051022083089,0.757459040668211,1.09374727252124,5.32455532033676,0.282842712474619,0.809956976513753,1.50144875,2.59375201,2081.5,4210,NaN
SNR_OVERALL,CORE_PLUS,14,ALL,ALL,NaN,240,240,240,0,0,1,1,ROBUSTLY_COMPARABLE,0.227688573739057,0.481721708134545,0.210187849763335,0.476968687071715,0.100183813884297,0.174850884920823,0.141421356237309,0.360641425812316,18.4349488229221,63.4349488229221,0.207758196033469,0.603140166808134,1.00000000000001,4.40384432679781,0.237748871935279,0.659946755171421,1.810723,2.62605287,2365,4778,NaN
SNR_OVERALL,CORE_PLUS,18,ALL,ALL,NaN,240,240,240,0,0,1,1,ROBUSTLY_COMPARABLE,0.211647847946854,0.394784284655365,0.192634016664423,0.365329986502065,0.0860271496684912,0.1796624220323,0.141421356237309,0.320931502537947,11.0930785566307,63.4349488229219,0.201490271418402,0.525974214598692,1.00000000000001,3.8074017006187,0.215786731595981,0.594587013324331,2.09411585,2.7055152,2900,5847.5,NaN
SNR_OVERALL,CORE_PLUS,22,ALL,ALL,NaN,240,240,240,0,0,1,1,ROBUSTLY_COMPARABLE,0.154802498728631,0.304127243414254,0.100366225374424,0.302993809932831,0.0812907409999712,0.16333686720436,0.111803398874989,0.282842712474618,4.10416829896845,45.0000000000001,0.183741179967005,0.393119839140446,0.984313933153494,3.47213595499959,0.206155281280883,0.411061241756404,2.33084945,2.66041041,3226.5,6503,NaN
SNR_OVERALL,ELEMENT_MUSIC_K2,-6,ALL,ALL,NaN,240,160,3,80,157,0.666666666666667,0.01875,APPLICABILITY_LIMITED,0.574456264653802,0.574456264653802,0.53851648071345,0.53851648071345,0.199999999999999,0.199999999999999,0.282842712474618,0.282842712474618,0,0,1,1,5.00000000000002,5.00000000000002,1,1,5.18221803910714,5.55390871857143,19521,0,1
SNR_OVERALL,ELEMENT_MUSIC_K2,0,ALL,ALL,NaN,240,160,0,80,160,0.666666666666667,0,NO_VALID_OUTPUT,NaN,NaN,NaN,NaN,NaN,NaN,NaN,NaN,NaN,NaN,NaN,NaN,NaN,NaN,NaN,NaN,5.18259742883929,5.61456634857143,19521,0,1
SNR_OVERALL,ELEMENT_MUSIC_K2,6,ALL,ALL,NaN,240,160,0,80,160,0.666666666666667,0,NO_VALID_OUTPUT,NaN,NaN,NaN,NaN,NaN,NaN,NaN,NaN,NaN,NaN,NaN,NaN,NaN,NaN,NaN,NaN,5.18048162883929,5.59051107857143,19521,0,1
SNR_OVERALL,ELEMENT_MUSIC_K2,10,ALL,ALL,NaN,240,160,0,80,160,0.666666666666667,0,NO_VALID_OUTPUT,NaN,NaN,NaN,NaN,NaN,NaN,NaN,NaN,NaN,NaN,NaN,NaN,NaN,NaN,NaN,NaN,5.19211668910714,5.58381706857143,19521,0,1
SNR_OVERALL,ELEMENT_MUSIC_K2,14,ALL,ALL,NaN,240,160,0,80,160,0.666666666666667,0,NO_VALID_OUTPUT,NaN,NaN,NaN,NaN,NaN,NaN,NaN,NaN,NaN,NaN,NaN,NaN,NaN,NaN,NaN,NaN,5.18682248910714,5.52648388857143,19521,0,1
SNR_OVERALL,ELEMENT_MUSIC_K2,18,ALL,ALL,NaN,240,160,0,80,160,0.666666666666667,0,NO_VALID_OUTPUT,NaN,NaN,NaN,NaN,NaN,NaN,NaN,NaN,NaN,NaN,NaN,NaN,NaN,NaN,NaN,NaN,5.18145512883929,5.57104430857143,19521,0,1
SNR_OVERALL,ELEMENT_MUSIC_K2,22,ALL,ALL,NaN,240,160,0,80,160,0.666666666666667,0,NO_VALID_OUTPUT,NaN,NaN,NaN,NaN,NaN,NaN,NaN,NaN,NaN,NaN,NaN,NaN,NaN,NaN,NaN,NaN,5.19698707883929,5.57100516857143,19521,0,1
SNR_OVERALL,ELEMENT_VERTICAL_FBSS_LS_ESPRIT_AZ_CML,-6,ALL,ALL,NaN,240,90,0,150,90,0.375,0,NO_VALID_OUTPUT,NaN,NaN,NaN,NaN,NaN,NaN,NaN,NaN,NaN,NaN,NaN,NaN,NaN,NaN,NaN,NaN,0.0006103,0.00083835,0,1,2
SNR_OVERALL,ELEMENT_VERTICAL_FBSS_LS_ESPRIT_AZ_CML,0,ALL,ALL,NaN,240,90,0,150,90,0.375,0,NO_VALID_OUTPUT,NaN,NaN,NaN,NaN,NaN,NaN,NaN,NaN,NaN,NaN,NaN,NaN,NaN,NaN,NaN,NaN,0.00062155,0.00082143,0,1,2
SNR_OVERALL,ELEMENT_VERTICAL_FBSS_LS_ESPRIT_AZ_CML,6,ALL,ALL,NaN,240,90,0,150,90,0.375,0,NO_VALID_OUTPUT,NaN,NaN,NaN,NaN,NaN,NaN,NaN,NaN,NaN,NaN,NaN,NaN,NaN,NaN,NaN,NaN,0.0006395,0.0008077,0,1,2
SNR_OVERALL,ELEMENT_VERTICAL_FBSS_LS_ESPRIT_AZ_CML,10,ALL,ALL,NaN,240,90,0,150,90,0.375,0,NO_VALID_OUTPUT,NaN,NaN,NaN,NaN,NaN,NaN,NaN,NaN,NaN,NaN,NaN,NaN,NaN,NaN,NaN,NaN,0.00062345,0.00078474,0,1,2
SNR_OVERALL,ELEMENT_VERTICAL_FBSS_LS_ESPRIT_AZ_CML,14,ALL,ALL,NaN,240,90,0,150,90,0.375,0,NO_VALID_OUTPUT,NaN,NaN,NaN,NaN,NaN,NaN,NaN,NaN,NaN,NaN,NaN,NaN,NaN,NaN,NaN,NaN,0.00062755,0.00080406,0,1,2
SNR_OVERALL,ELEMENT_VERTICAL_FBSS_LS_ESPRIT_AZ_CML,18,ALL,ALL,NaN,240,90,2,150,88,0.375,0.0222222222222222,APPLICABILITY_LIMITED,0.0616245359468238,0.0783206119019418,0.0172600968232012,0.0193388503608516,0.0590472608298884,0.0758644413659415,0.0365830849023506,0.0422147700397403,1.14006709053524,1.31965862008322,0.0980542842391152,0.131637476425089,0.653695228260774,0.877583176167269,0.0980905683255152,0.131645823693675,0.00060485,0.00079644,0,1,2
SNR_OVERALL,ELEMENT_VERTICAL_FBSS_LS_ESPRIT_AZ_CML,22,ALL,ALL,NaN,240,90,5,150,85,0.375,0.0555555555555556,APPLICABILITY_LIMITED,0.0683208127300957,0.117442225447303,0.00584436690597804,0.0625188418309763,0.0683206242495261,0.0946544403453753,0.0488869316194817,0.0764162520110439,0.681483381790389,1.74935188427521,0.0559802149330041,0.202851904244423,0.373201432886698,0.875879090580515,0.0561769993645849,0.202855483021797,0.00063705,0.00083398,0,1,2
SNR_OVERALL,ELEMENT_VERTICAL_FBSS_ROOT_MUSIC_AZ_CML,-6,ALL,ALL,NaN,240,90,0,150,90,0.375,0,NO_VALID_OUTPUT,NaN,NaN,NaN,NaN,NaN,NaN,NaN,NaN,NaN,NaN,NaN,NaN,NaN,NaN,NaN,NaN,0.00178375,0.00208344,61,0,1
SNR_OVERALL,ELEMENT_VERTICAL_FBSS_ROOT_MUSIC_AZ_CML,0,ALL,ALL,NaN,240,90,0,150,90,0.375,0,NO_VALID_OUTPUT,NaN,NaN,NaN,NaN,NaN,NaN,NaN,NaN,NaN,NaN,NaN,NaN,NaN,NaN,NaN,NaN,0.00178265,0.00212467,61,0,1
SNR_OVERALL,ELEMENT_VERTICAL_FBSS_ROOT_MUSIC_AZ_CML,6,ALL,ALL,NaN,240,90,0,150,90,0.375,0,NO_VALID_OUTPUT,NaN,NaN,NaN,NaN,NaN,NaN,NaN,NaN,NaN,NaN,NaN,NaN,NaN,NaN,NaN,NaN,0.0018056,0.00205404,61,0,1
SNR_OVERALL,ELEMENT_VERTICAL_FBSS_ROOT_MUSIC_AZ_CML,10,ALL,ALL,NaN,240,90,0,150,90,0.375,0,NO_VALID_OUTPUT,NaN,NaN,NaN,NaN,NaN,NaN,NaN,NaN,NaN,NaN,NaN,NaN,NaN,NaN,NaN,NaN,0.00182595,0.00205561,61,0,1
SNR_OVERALL,ELEMENT_VERTICAL_FBSS_ROOT_MUSIC_AZ_CML,14,ALL,ALL,NaN,240,90,1,150,89,0.375,0.0111111111111111,APPLICABILITY_LIMITED,0.105234180423945,0.105234180423945,0.0929433448439553,0.0929433448439553,0.0493534940882304,0.0493534940882304,0.0808264614024592,0.0808264614024592,1.6377394133351,1.6377394133351,0.134628122990399,0.134628122990399,0.448760409967998,0.448760409967998,0.134778571986143,0.134778571986143,0.001804,0.00212041,61,0,1
SNR_OVERALL,ELEMENT_VERTICAL_FBSS_ROOT_MUSIC_AZ_CML,18,ALL,ALL,NaN,240,90,1,150,89,0.375,0.0111111111111111,APPLICABILITY_LIMITED,0.110092276711387,0.110092276711387,0.00944632150259594,0.00944632150259594,0.109686263504443,0.109686263504443,0.108924816675022,0.108924816675022,1.42100472694564,1.42100472694564,0.0317176527085349,0.0317176527085349,0.211451018056901,0.211451018056901,0.0319808507585003,0.0319808507585003,0.0018155,0.00211811,61,0,1
SNR_OVERALL,ELEMENT_VERTICAL_FBSS_ROOT_MUSIC_AZ_CML,22,ALL,ALL,NaN,240,90,3,150,87,0.375,0.0333333333333333,APPLICABILITY_LIMITED,0.064502770094049,0.11273965991758,0.00241474419252731,0.0105099551121062,0.0644575547185153,0.112225826322906,0.0597439604392427,0.103630547906494,0.711282439932235,1.07791004630745,0.0601314479563119,0.0910766811077061,0.40087631970875,0.60717787405138,0.0601487197845344,0.0910816943863836,0.00178455,0.00205057,61,0,1
SNR_OVERALL,ELEMENT_VERTICAL_GFBSS_MUSIC_AZ_CML,-6,ALL,ALL,NaN,240,180,5,60,175,0.75,0.0277777777777778,APPLICABILITY_LIMITED,0.475769082987347,0.629761482117948,0.443563249097975,0.596134141786228,0.172069359202238,0.213192451364397,0.277670426505876,0.541336076234758,42.4393892012262,63.7717631671537,0.300725276181289,0.82816219132043,3.00725276181289,8.28162191320432,0.333499109741178,0.889958759620982,0.0012175,0.00143373,401,0,1
SNR_OVERALL,ELEMENT_VERTICAL_GFBSS_MUSIC_AZ_CML,0,ALL,ALL,NaN,240,180,0,60,180,0.75,0,NO_VALID_OUTPUT,NaN,NaN,NaN,NaN,NaN,NaN,NaN,NaN,NaN,NaN,NaN,NaN,NaN,NaN,NaN,NaN,0.0012252,0.00149276,401,0,1
SNR_OVERALL,ELEMENT_VERTICAL_GFBSS_MUSIC_AZ_CML,6,ALL,ALL,NaN,240,180,0,60,180,0.75,0,NO_VALID_OUTPUT,NaN,NaN,NaN,NaN,NaN,NaN,NaN,NaN,NaN,NaN,NaN,NaN,NaN,NaN,NaN,NaN,0.0012295,0.00151796,401,0,1
SNR_OVERALL,ELEMENT_VERTICAL_GFBSS_MUSIC_AZ_CML,10,ALL,ALL,NaN,240,180,0,60,180,0.75,0,NO_VALID_OUTPUT,NaN,NaN,NaN,NaN,NaN,NaN,NaN,NaN,NaN,NaN,NaN,NaN,NaN,NaN,NaN,NaN,0.00120255,0.00139919,401,0,1
SNR_OVERALL,ELEMENT_VERTICAL_GFBSS_MUSIC_AZ_CML,14,ALL,ALL,NaN,240,180,0,60,180,0.75,0,NO_VALID_OUTPUT,NaN,NaN,NaN,NaN,NaN,NaN,NaN,NaN,NaN,NaN,NaN,NaN,NaN,NaN,NaN,NaN,0.0012127,0.0014301,401,0,1
SNR_OVERALL,ELEMENT_VERTICAL_GFBSS_MUSIC_AZ_CML,18,ALL,ALL,NaN,240,180,0,60,180,0.75,0,NO_VALID_OUTPUT,NaN,NaN,NaN,NaN,NaN,NaN,NaN,NaN,NaN,NaN,NaN,NaN,NaN,NaN,NaN,NaN,0.00120945,0.0014177,401,0,1
SNR_OVERALL,ELEMENT_VERTICAL_GFBSS_MUSIC_AZ_CML,22,ALL,ALL,NaN,240,180,0,60,180,0.75,0,NO_VALID_OUTPUT,NaN,NaN,NaN,NaN,NaN,NaN,NaN,NaN,NaN,NaN,NaN,NaN,NaN,NaN,NaN,NaN,0.0012107,0.00140444,401,0,1
SNR_OVERALL,FULL4D_BEAMSPACE_CML_MULTISTART,-6,ALL,ALL,NaN,240,240,240,0,0,1,1,ROBUSTLY_COMPARABLE,0.414214348565793,0.649404485157122,0.403141153466976,0.608851961543994,0.141465907778272,0.226033178604532,0.316227766016837,0.631978838773297,45,82.7039020489561,0.0995258820070369,0.616159197330025,0.508098968249862,3.21637021355784,0.200925474627071,0.663344962659024,1.8878045,3.5256202,2087.5,4175,0
SNR_OVERALL,FULL4D_BEAMSPACE_CML_MULTISTART,0,ALL,ALL,NaN,240,240,240,0,0,1,1,ROBUSTLY_COMPARABLE,0.334765134200936,0.636024993196571,0.295775311772292,0.608318661623833,0.146084853434654,0.218993470660308,0.215728322769079,0.614040505947787,39.0219405841606,80.6194189333485,0.105398758612993,0.916552506059644,0.722814481335312,5.18390583602756,0.200565552966518,0.986109399699574,2.4862304,4.23816513,2735.5,5471,0
SNR_OVERALL,FULL4D_BEAMSPACE_CML_MULTISTART,6,ALL,ALL,NaN,240,240,240,0,0,1,1,ROBUSTLY_COMPARABLE,0.267211955002572,0.56874710524629,0.233006334731792,0.53851648071345,0.141474630751321,0.205474425960886,0.191013377022788,0.499495384747781,29.2739151023692,74.2596484937044,0.148987225761226,0.851210223871942,0.98972307874942,5.18300597482494,0.221494989847497,0.898258839181254,3.0061062,4.71043637,3329,6658,0
SNR_OVERALL,FULL4D_BEAMSPACE_CML_MULTISTART,10,ALL,ALL,NaN,240,240,240,0,0,1,1,ROBUSTLY_COMPARABLE,0.23904565664183,0.517526456436325,0.172401858435352,0.500712855944414,0.137620876048939,0.199999999999999,0.166382169627379,0.44672406106355,22.796302249385,66.3589539057979,0.176211267052928,0.729299495346908,0.994091853833628,4.6490878167778,0.221158515258684,0.780661332693736,3.7104394,4.96076763,4106,8212,0
SNR_OVERALL,FULL4D_BEAMSPACE_CML_MULTISTART,14,ALL,ALL,NaN,240,240,240,0,0,1,1,ROBUSTLY_COMPARABLE,0.204740596335326,0.496046307427521,0.125925830430263,0.471613853740198,0.114206180561631,0.18548475034821,0.129193893160259,0.364923965761205,17.3969191542938,61.5448002821141,0.196597833362833,0.566269461331356,0.989886356942963,3.74015307072432,0.226543389727956,0.594413725624645,4.1284405,5.07467845,4684,9368,0
SNR_OVERALL,FULL4D_BEAMSPACE_CML_MULTISTART,18,ALL,ALL,NaN,240,240,240,0,0,1,1,ROBUSTLY_COMPARABLE,0.16829976772968,0.395602208167916,0.107503035923651,0.37558908842306,0.0895176880955963,0.168877871452437,0.111565242008051,0.303082972787897,10.1102143412812,50.8780607903036,0.177671528689328,0.469044307422273,0.94596429074261,3.32927689240952,0.190907438217921,0.504281147976006,4.24257445,5.26527089,4902.5,9805,0
SNR_OVERALL,FULL4D_BEAMSPACE_CML_MULTISTART,22,ALL,ALL,NaN,240,240,240,0,0,1,1,ROBUSTLY_COMPARABLE,0.129955066457557,0.315330733435222,0.0748279104707884,0.285358589585972,0.0718754374711355,0.160078105935821,0.091079421902372,0.247078285664626,4.51746327571582,44.3065718471162,0.129327045873867,0.392728524043548,0.842939828514516,3.04506391577395,0.143393778958895,0.424317808544795,4.2552973,5.09951007,4912,9824,0
SNR_OVERALL,FULL4D_ELEMENT_CML_MULTISTART,-6,ALL,ALL,NaN,240,0,0,240,0,0,NaN,STRUCTURAL_NA,NaN,NaN,NaN,NaN,NaN,NaN,NaN,NaN,NaN,NaN,NaN,NaN,NaN,NaN,NaN,NaN,NaN,NaN,NaN,NaN,NaN
SNR_OVERALL,FULL4D_ELEMENT_CML_MULTISTART,0,ALL,ALL,NaN,240,0,0,240,0,0,NaN,STRUCTURAL_NA,NaN,NaN,NaN,NaN,NaN,NaN,NaN,NaN,NaN,NaN,NaN,NaN,NaN,NaN,NaN,NaN,NaN,NaN,NaN,NaN,NaN
SNR_OVERALL,FULL4D_ELEMENT_CML_MULTISTART,6,ALL,ALL,NaN,240,0,0,240,0,0,NaN,STRUCTURAL_NA,NaN,NaN,NaN,NaN,NaN,NaN,NaN,NaN,NaN,NaN,NaN,NaN,NaN,NaN,NaN,NaN,NaN,NaN,NaN,NaN,NaN
SNR_OVERALL,FULL4D_ELEMENT_CML_MULTISTART,10,ALL,ALL,NaN,240,40,40,200,0,0.166666666666667,1,ROBUSTLY_COMPARABLE,0.17881159177464,0.420796804171092,0.0850401551927025,0.404013923155798,0.140628216046382,0.178251439722176,0.113587948090952,0.352578955809944,20.6878521858758,78.9516051732002,0.12797449723986,0.66331650790614,0.928391195523007,3.40578371310218,0.192497927308319,0.686066356567462,14.57455755,93.51990804,4095,4095,0
SNR_OVERALL,FULL4D_ELEMENT_CML_MULTISTART,14,ALL,ALL,NaN,240,40,40,200,0,0.166666666666667,1,ROBUSTLY_COMPARABLE,0.16608367896022,0.379115248233308,0.0906049548720149,0.356229280308567,0.114034861165152,0.180159663056042,0.113928996089919,0.280283348403413,12.8903305676223,77.2012042677206,0.171440309825891,0.514442804481839,1.07956286455236,2.79573457473517,0.209672082230155,0.514442804481839,13.54723435,93.22383723,4243.5,4243.5,0
SNR_OVERALL,FULL4D_ELEMENT_CML_MULTISTART,18,ALL,ALL,NaN,240,40,40,200,0,0.166666666666667,1,ROBUSTLY_COMPARABLE,0.160507841911632,0.364875033612777,0.0928602431594735,0.333780482088636,0.0883924503384184,0.171481379153931,0.10209505239603,0.280677017431282,6.39095333873532,66.4848555892243,0.225042207927751,0.451853740679118,1.535446927811,3.31789802262583,0.249384190887124,0.453393431591728,18.46523115,91.25365344,4699,4699,0
SNR_OVERALL,FULL4D_ELEMENT_CML_MULTISTART,22,ALL,ALL,NaN,240,40,40,200,0,0.166666666666667,1,ROBUSTLY_COMPARABLE,0.143303971582688,0.260753177450968,0.0670202003256073,0.256673345640357,0.0632654200560115,0.160078105935821,0.0982733817018473,0.207784438832026,2.59648618456083,26.7045913191476,0.164527245376633,0.371606185429638,1.15529762717656,2.36149435814497,0.191191627807687,0.416250444046741,14.43968625,90.30650545,4858.5,4858.5,0
SNR_OVERALL,TANGENT_PROFILE_SAFE,-6,ALL,ALL,NaN,240,240,240,0,0,1,1,ROBUSTLY_COMPARABLE,0.438477509083189,0.626653675680591,0.412310562561766,0.608276253029822,0.154110350074223,0.226384628453435,0.337337833201402,0.608276253029822,45,90,0.132842712474619,0.879329665284211,0.99160429542746,3.86517801127027,0.249999999999999,0.986109399699574,4.3201058,4.69187262,362,795,NaN
SNR_OVERALL,TANGENT_PROFILE_SAFE,0,ALL,ALL,NaN,240,240,240,0,0,1,1,ROBUSTLY_COMPARABLE,0.321091302429208,0.609659229587804,0.300000000000001,0.576435517308041,0.141421356237309,0.202341272432856,0.206155281280884,0.509901951359278,44.9999999999999,87.4539990736493,0.197146463968686,0.924314618853436,0.995000000000007,5.32455532033678,0.266607658629604,1.00605465396035,4.32295105,4.64399566,413,899,NaN
SNR_OVERALL,TANGENT_PROFILE_SAFE,6,ALL,ALL,NaN,240,240,240,0,0,1,1,ROBUSTLY_COMPARABLE,0.242737106835198,0.552833609687399,0.193035416194386,0.53851648071345,0.113891812929397,0.199999999999999,0.141421356237309,0.412310562561766,30.9637565320736,73.2704061089315,0.199,0.9,0.996666666666665,5.32455532033676,0.265685424949238,1.00124921972504,4.34069755,4.68786155,415,905.5,NaN
SNR_OVERALL,TANGENT_PROFILE_SAFE,10,ALL,ALL,NaN,240,240,240,0,0,1,1,ROBUSTLY_COMPARABLE,0.183822028937003,0.499999999999999,0.111972258821251,0.481052760762811,0.0944616100423679,0.181750628639832,0.0959162072653572,0.360555127546399,26.507674891922,71.565051177078,0.198999999999998,0.699999999999999,0.995000000000009,4.36568542494928,0.219678399166871,0.746547022518543,4.33768945,4.67781407,404,880,NaN
SNR_OVERALL,TANGENT_PROFILE_SAFE,14,ALL,ALL,NaN,240,240,240,0,0,1,1,ROBUSTLY_COMPARABLE,0.116328880399262,0.382896928850808,0.0802834480592113,0.356026950337227,0.0763877470155473,0.141421356237309,0.0571557238844199,0.249999999999999,17.732066643869,59.0313025983224,0.148999999999997,0.496104688205981,0.992736711028348,3.22211892770795,0.168242146547484,0.549165463975253,4.33973625,4.79075782,402,878,NaN
SNR_OVERALL,TANGENT_PROFILE_SAFE,18,ALL,ALL,NaN,240,240,240,0,0,1,1,ROBUSTLY_COMPARABLE,0.0921042133256406,0.293417192251093,0.0616905958478228,0.237240306803342,0.0565680726971219,0.11585334754857,0.0454487123964464,0.200615528128087,9.7018052137045,45,0.131252738634737,0.366279839317187,0.990000000000004,2.17680778366294,0.149000239051528,0.400936151122195,4.32597745,4.72370073,400,874,NaN
SNR_OVERALL,TANGENT_PROFILE_SAFE,22,ALL,ALL,NaN,240,240,240,0,0,1,1,ROBUSTLY_COMPARABLE,0.0796221922693239,0.223606797749979,0.0509057823061547,0.223606797749978,0.036567237277036,0.105703068732329,0.0312288003690864,0.110408272479205,4.71386050369254,45,0.100520419647411,0.298999999999999,0.885618083164142,1.76779676918745,0.121393553154569,0.299002051112906,4.32606715,4.67176089,398,869,NaN
