scenario_id,profile_id,L,replicate_id,nominal_snr_db,K1_center_az_deg,K1_center_el_deg,K1_fit_valid,K1_status,K1_coarse_count,metric_rank,metric_condition,direction_az,direction_el,rho_hat_deg,rho_max_deg,profile_node_count,fit_valid,fit_status,axis_error_deg,rho_error_deg
RTC2L8_S01_B001,SC_A,8,1,-6,7.90672769700699,9.8,1,K1_WHITE_SINGLE_TARGET_DML_CENTER_VALID,21,2,1.94139100384174,0.871443136067919,0.490496544942072,NaN,0,0,0,TANGENT_PROFILE_NO_FEASIBLE_SCALE,NaN,NaN
RTC2L8_S01_B002,SC_A,8,2,-6,7.84711245078539,9.8,1,K1_WHITE_SINGLE_TARGET_DML_CENTER_VALID,21,2,1.94141306353345,0.957798059081665,0.28744195591353,NaN,0,0,0,TANGENT_PROFILE_NO_FEASIBLE_SCALE,NaN,NaN
RTC2L8_S01_B003,SC_A,8,3,-6,7.95527543706649,10.2,1,K1_WHITE_SINGLE_TARGET_DML_CENTER_VALID,21,2,1.94060268211008,0.0811609450087953,0.996701008831274,NaN,0,0,0,TANGENT_PROFILE_NO_FEASIBLE_SCALE,NaN,NaN
RTC2L8_S01_B004,SC_A,8,4,-6,8.17762679484547,9.8,1,K1_WHITE_SINGLE_TARGET_DML_CENTER_VALID,21,2,1.94124898894017,0.161274068658466,0.986909658873772,NaN,0,0,0,TANGENT_PROFILE_NO_FEASIBLE_SCALE,NaN,NaN
RTC2L8_S01_B005,SC_A,8,5,-6,8.17559204521066,9.92068956929829,1,K1_WHITE_SINGLE_TARGET_DML_CENTER_VALID,21,2,1.94108496698093,0.938252672319158,0.345950752110701,0.00118375790503405,0.697726879111776,45,1,RAW_TANGENT_CORE_VALID,9.76015598937339,0.448816242094968
RTC2L8_S01_B006,SC_A,8,6,-6,7.8488729469647,9.84351723960314,1,K1_WHITE_SINGLE_TARGET_DML_CENTER_VALID,21,2,1.94135046918137,0.505389584360422,0.862891284009753,0.100863782980673,0.100863782980673,41,1,RAW_TANGENT_CORE_VALID,29.6427827447169,0.349136217019329
RTC2L8_S01_B007,SC_A,8,7,-6,7.84452986105922,10.2,1,K1_WHITE_SINGLE_TARGET_DML_CENTER_VALID,21,2,1.94064558197106,0.999208719663587,0.0397735408061013,NaN,0,0,0,TANGENT_PROFILE_NO_FEASIBLE_SCALE,NaN,NaN
RTC2L8_S01_B008,SC_A,8,8,-6,8.21038091253567,9.8,1,K1_WHITE_SINGLE_TARGET_DML_CENTER_VALID,21,2,1.94122711416476,0.0691744301862125,0.997604580085924,NaN,0,0,0,TANGENT_PROFILE_NO_FEASIBLE_SCALE,NaN,NaN
RTC2L8_S01_B009,SC_A,8,9,-6,8.13178397009904,10.0541877183134,1,K1_WHITE_SINGLE_TARGET_DML_CENTER_VALID,21,2,1.94086679918216,0.734530483391531,0.678575691407085,0.001,0.42975981466189,43,1,RAW_TANGENT_CORE_VALID,12.7324425567828,0.449000000000002
RTC2L8_S01_B010,SC_A,8,10,-6,8.21615085657606,10.1816310905043,1,K1_WHITE_SINGLE_TARGET_DML_CENTER_VALID,21,2,1.9404999099848,0.256046293741996,0.966664520638359,0.001,0.0380047247075306,39,1,RAW_TANGENT_CORE_VALID,45.1644081911459,0.449
RTC2L8_S01_B011,SC_A,8,11,-6,8.45107218796684,10.2,1,K1_WHITE_SINGLE_TARGET_DML_CENTER_VALID,21,2,1.94026877749025,-0.571281532484502,0.820754171870091,NaN,0,0,0,TANGENT_PROFILE_NO_FEASIBLE_SCALE,NaN,NaN
RTC2L8_S01_B012,SC_A,8,12,-6,8.16139362786731,9.8,1,K1_WHITE_SINGLE_TARGET_DML_CENTER_VALID,21,2,1.94125944307138,-0.279517172746637,0.960140692888145,NaN,0,0,0,TANGENT_PROFILE_NO_FEASIBLE_SCALE,NaN,NaN
RTC2L8_S01_B013,SC_A,8,13,-6,7.84809308740889,10.2,1,K1_WHITE_SINGLE_TARGET_DML_CENTER_VALID,21,2,1.94064438060567,0.444170233367264,0.895942410978781,NaN,0,0,0,TANGENT_PROFILE_NO_FEASIBLE_SCALE,NaN,NaN
RTC2L8_S01_B014,SC_A,8,14,-6,7.90530243998659,9.8,1,K1_WHITE_SINGLE_TARGET_DML_CENTER_VALID,21,2,1.94139157042911,0.898585971213114,0.438797507216011,NaN,0,0,0,TANGENT_PROFILE_NO_FEASIBLE_SCALE,NaN,NaN
RTC2L8_S01_B015,SC_A,8,15,-6,8.08115117215007,10.2,1,K1_WHITE_SINGLE_TARGET_DML_CENTER_VALID,21,2,1.94054021418071,-0.0722323814784705,0.99738782981644,NaN,0,0,0,TANGENT_PROFILE_NO_FEASIBLE_SCALE,NaN,NaN
RTC2L8_S01_B016,SC_A,8,16,-6,8.08576332692795,9.9175759896659,1,K1_WHITE_SINGLE_TARGET_DML_CENTER_VALID,21,2,1.94114377732549,0.38638959892075,0.922335664411749,0.25495271234229,0.25495271234229,43,1,RAW_TANGENT_CORE_VALID,37.2699646098399,0.195047287657712
RTC2L8_S01_B017,SC_A,8,17,-6,8.37964540844445,9.8,1,K1_WHITE_SINGLE_TARGET_DML_CENTER_VALID,21,2,1.94109687455478,-0.856176511974585,0.516683443070352,NaN,0,0,0,TANGENT_PROFILE_NO_FEASIBLE_SCALE,NaN,NaN
RTC2L8_S01_B018,SC_A,8,18,-6,7.75889406579311,9.8,1,K1_WHITE_SINGLE_TARGET_DML_CENTER_VALID,21,2,1.94143941420209,0.664037243195968,0.74769949822686,NaN,0,0,0,TANGENT_PROFILE_NO_FEASIBLE_SCALE,NaN,NaN
RTC2L8_S01_B019,SC_A,8,19,-6,7.8451003665406,9.8,1,K1_WHITE_SINGLE_TARGET_DML_CENTER_VALID,21,2,1.94141374900983,0.749075907186479,0.662484177375395,NaN,0,0,0,TANGENT_PROFILE_NO_FEASIBLE_SCALE,NaN,NaN
RTC2L8_S01_B020,SC_A,8,20,-6,7.98738781610379,10.2,1,K1_WHITE_SINGLE_TARGET_DML_CENTER_VALID,21,2,1.94058812369625,0.731822793572174,0.681494973428433,NaN,0,0,0,TANGENT_PROFILE_NO_FEASIBLE_SCALE,NaN,NaN
RTC2L8_S01_B021,SC_B,8,1,-6,8.19765659638557,10.1177137202216,1,K1_WHITE_SINGLE_TARGET_DML_CENTER_VALID,21,2,1.94067183534751,-0.538629975346692,0.842542431962938,0.195328512029285,0.195328512029285,43,1,RAW_TANGENT_CORE_VALID,87.409576052205,0.254671487970716
RTC2L8_S01_B022,SC_B,8,2,-6,7.93113973587778,9.85798772051548,1,K1_WHITE_SINGLE_TARGET_DML_CENTER_VALID,21,2,1.94129993318432,-0.0683246674356702,0.997663139451291,0.00132474450026473,0.116247094279482,40,1,RAW_TANGENT_CORE_VALID,63.9177673150304,0.448675255499736
RTC2L8_S01_B023,SC_B,8,3,-6,7.79619590359124,10.0404369379851,1,K1_WHITE_SINGLE_TARGET_DML_CENTER_VALID,21,2,1.9410477877765,-0.669554993609332,0.742762485948777,0.42964760615536,0.42964760615536,45,1,RAW_TANGENT_CORE_VALID,77.9672717167711,0.0203523938446408
RTC2L8_S01_B024,SC_B,8,4,-6,8.06759841601771,9.86694466292226,1,K1_WHITE_SINGLE_TARGET_DML_CENTER_VALID,21,2,1.94122223750532,-0.871302317038583,0.490746647796189,0.001,0.272827795046137,44,1,RAW_TANGENT_CORE_VALID,59.389668387912,0.449000000000003
RTC2L8_S01_B025,SC_B,8,5,-6,7.81255394847005,9.99168660261655,1,K1_WHITE_SINGLE_TARGET_DML_CENTER_VALID,21,2,1.9411418600413,0.160876937104322,0.98697447338213,0.00117842719035474,0.388432746309401,44,1,RAW_TANGENT_CORE_VALID,50.7421995607202,0.448821572809645
RTC2L8_S01_B026,SC_B,8,6,-6,7.90239386106079,9.8714718268449,1,K1_WHITE_SINGLE_TARGET_DML_CENTER_VALID,21,2,1.94129396164675,0.0179546912463595,0.999838801538652,0.001,0.142966699701807,42,1,RAW_TANGENT_CORE_VALID,58.9712166890847,0.448999999999999
RTC2L8_S01_B027,SC_B,8,7,-6,8.02831036213901,10.2,1,K1_WHITE_SINGLE_TARGET_DML_CENTER_VALID,21,2,1.9405682045273,-0.999997474723215,0.00224734225102894,NaN,0,0,0,TANGENT_PROFILE_NO_FEASIBLE_SCALE,NaN,NaN
RTC2L8_S01_B028,SC_B,8,8,-6,7.69383238960366,9.8,1,K1_WHITE_SINGLE_TARGET_DML_CENTER_VALID,21,2,1.94145387556766,-0.982547740599895,0.186010584220473,NaN,0,0,0,TANGENT_PROFILE_NO_FEASIBLE_SCALE,NaN,NaN
RTC2L8_S01_B029,SC_B,8,9,-6,8.05652372549557,9.8,1,K1_WHITE_SINGLE_TARGET_DML_CENTER_VALID,21,2,1.94132093196887,-0.292965278751625,0.956123080699333,NaN,0,0,0,TANGENT_PROFILE_NO_FEASIBLE_SCALE,NaN,NaN
RTC2L8_S01_B030,SC_B,8,10,-6,8.16991351353859,9.8,1,K1_WHITE_SINGLE_TARGET_DML_CENTER_VALID,21,2,1.94125398807139,0.40036348190173,0.916356416663038,NaN,0,0,0,TANGENT_PROFILE_NO_FEASIBLE_SCALE,NaN,NaN
RTC2L8_S01_B031,SC_B,8,11,-6,7.67833771227049,10.2,1,K1_WHITE_SINGLE_TARGET_DML_CENTER_VALID,21,2,1.94068785149453,0.998901504823514,0.0468591897211151,NaN,0,0,0,TANGENT_PROFILE_NO_FEASIBLE_SCALE,NaN,NaN
RTC2L8_S01_B032,SC_B,8,12,-6,7.74712643023156,10.2,1,K1_WHITE_SINGLE_TARGET_DML_CENTER_VALID,21,2,1.94067367521031,-0.777256074078072,0.629184388958231,NaN,0,0,0,TANGENT_PROFILE_NO_FEASIBLE_SCALE,NaN,NaN
RTC2L8_S01_B033,SC_B,8,13,-6,8.25373897141765,9.8,1,K1_WHITE_SINGLE_TARGET_DML_CENTER_VALID,21,2,1.94119652720039,0.23672250138278,0.971577303841068,NaN,0,0,0,TANGENT_PROFILE_NO_FEASIBLE_SCALE,NaN,NaN
RTC2L8_S01_B034,SC_B,8,14,-6,7.81037355142133,9.8,1,K1_WHITE_SINGLE_TARGET_DML_CENTER_VALID,21,2,1.94142496346235,0.281218613097049,0.959643731625322,NaN,0,0,0,TANGENT_PROFILE_NO_FEASIBLE_SCALE,NaN,NaN
RTC2L8_S01_B035,SC_B,8,15,-6,7.98296008529714,9.86104142507541,1,K1_WHITE_SINGLE_TARGET_DML_CENTER_VALID,21,2,1.94127290257866,-0.846133147964695,0.532971571395094,0.001,0.229060716749414,42,1,RAW_TANGENT_CORE_VALID,62.2064526797914,0.449000000000001
RTC2L8_S01_B036,SC_B,8,16,-6,7.56412298892751,9.98774725394579,1,K1_WHITE_SINGLE_TARGET_DML_CENTER_VALID,21,2,1.94119431609357,-0.654101498650965,0.756406788350396,0.001,0.49641874408673,45,1,RAW_TANGENT_CORE_VALID,79.1484441124059,0.449000000000001
RTC2L8_S01_B037,SC_B,8,17,-6,7.51216379447709,9.97192838951496,1,K1_WHITE_SINGLE_TARGET_DML_CENTER_VALID,21,2,1.94122401735566,-0.988837228013808,0.148999786892358,0.226859975129333,0.226859975129333,43,1,RAW_TANGENT_CORE_VALID,38.5689672041896,0.223140024870668
RTC2L8_S01_B038,SC_B,8,18,-6,7.40549951714162,10.2,1,K1_WHITE_SINGLE_TARGET_DML_CENTER_VALID,21,2,1.9406966048592,-0.192475622693358,0.981301755154246,NaN,0,0,0,TANGENT_PROFILE_NO_FEASIBLE_SCALE,NaN,NaN
RTC2L8_S01_B039,SC_B,8,19,-6,8.05451612098603,10.0789286495325,1,K1_WHITE_SINGLE_TARGET_DML_CENTER_VALID,21,2,1.94085291970358,-0.769000078648307,0.639248683251595,0.001,0.378792647179594,44,1,RAW_TANGENT_CORE_VALID,69.7358184905143,0.449
RTC2L8_S01_B040,SC_B,8,20,-6,8.08659515823653,9.96938964591289,1,K1_WHITE_SINGLE_TARGET_DML_CENTER_VALID,21,2,1.94106239715258,-0.975698125823367,0.219119070974595,0.365005504849076,1.05238460170295,45,1,RAW_TANGENT_CORE_VALID,42.6572970743746,0.0849944951509253
RTC2L8_S02_B001,SC_A,8,1,0,7.94989284916761,9.86890149955305,1,K1_WHITE_SINGLE_TARGET_DML_CENTER_VALID,21,2,1.94127759151277,0.871864201007457,0.489747705458258,0.001,0.281375486950295,42,1,RAW_TANGENT_CORE_VALID,0.675999662816077,0.449000000000001
RTC2L8_S02_B002,SC_A,8,2,0,7.90469683753262,9.82819051378954,1,K1_WHITE_SINGLE_TARGET_DML_CENTER_VALID,21,2,1.94135063782162,0.959305926179722,0.282368801386529,0.001,0.199671590141078,44,1,RAW_TANGENT_CORE_VALID,13.5983668188606,0.449000000000001
RTC2L8_S02_B003,SC_A,8,3,0,7.98647303116318,10.1483753467785,1,K1_WHITE_SINGLE_TARGET_DML_CENTER_VALID,21,2,1.94071394326599,0.265068576623696,0.96422956275292,0.107079590204845,0.107079590204845,42,1,RAW_TANGENT_CORE_VALID,44.628972329539,0.342920409795156
RTC2L8_S02_B004,SC_A,8,4,0,8.11050897528047,9.82536181890673,1,K1_WHITE_SINGLE_TARGET_DML_CENTER_VALID,21,2,1.94125340175425,0.457685597002288,0.889114106454655,0.0570496378869886,0.0570496378869886,40,1,RAW_TANGENT_CORE_VALID,32.7621361492832,0.392950362113012
RTC2L8_S02_B005,SC_A,8,5,0,8.08193951495458,9.98057568077287,1,K1_WHITE_SINGLE_TARGET_DML_CENTER_VALID,21,2,1.94104542158881,0.95820081698615,0.286096477306301,0.001,1.08131923050303,47,1,RAW_TANGENT_CORE_VALID,13.375598550239,0.449000000000002
RTC2L8_S02_B006,SC_A,8,6,0,7.94766969673795,9.91416820361341,1,K1_WHITE_SINGLE_TARGET_DML_CENTER_VALID,21,2,1.9412175008502,0.800472505555293,0.599369475240465,0.380961020971612,0.380961020971612,44,1,RAW_TANGENT_CORE_VALID,6.82475297062398,0.0690389790283888
RTC2L8_S02_B007,SC_A,8,7,0,7.96877634400933,10.0913871788284,1,K1_WHITE_SINGLE_TARGET_DML_CENTER_VALID,21,2,1.94086492997047,0.991424172145542,0.130683246384246,0.395595590130355,1.14739252882737,41,1,RAW_TANGENT_CORE_VALID,22.4909237165017,0.0544044098696462
RTC2L8_S02_B008,SC_A,8,8,0,8.08387286559882,9.88425928172085,1,K1_WHITE_SINGLE_TARGET_DML_CENTER_VALID,21,2,1.94119047015033,0.12413989864043,0.992264725547343,0.16983226260385,0.16983226260385,43,1,RAW_TANGENT_CORE_VALID,52.8689112631545,0.280167737396151
RTC2L8_S02_B009,SC_A,8,9,0,8.07750484008231,10.0134604084779,1,K1_WHITE_SINGLE_TARGET_DML_CENTER_VALID,21,2,1.94098544214656,0.805863640447192,0.592101167880286,0.00106545398696781,0.630093644942042,45,1,RAW_TANGENT_CORE_VALID,6.30625564986843,0.448934546013032
RTC2L8_S02_B010,SC_A,8,10,0,8.12538261702801,10.0950706744514,1,K1_WHITE_SINGLE_TARGET_DML_CENTER_VALID,21,2,1.94077377910792,0.490518756729754,0.871430633668737,0.001,0.240820832994581,43,1,RAW_TANGENT_CORE_VALID,30.6253163476038,0.449
RTC2L8_S02_B011,SC_A,8,11,0,8.21132895467091,10.1420746287335,1,K1_WHITE_SINGLE_TARGET_DML_CENTER_VALID,21,2,1.94060120727784,-0.657516203334473,0.75344040398204,0.001,0.153762317391932,42,1,RAW_TANGENT_CORE_VALID,78.8892816832056,0.449000000000002
RTC2L8_S02_B012,SC_A,8,12,0,8.05670490255617,9.84237761812636,1,K1_WHITE_SINGLE_TARGET_DML_CENTER_VALID,21,2,1.94126046833655,-0.392053709362537,0.919942329157146,0.0921310320945643,0.0921310320945643,41,1,RAW_TANGENT_CORE_VALID,83.0823476922066,0.357868967905437
RTC2L8_S02_B013,SC_A,8,13,0,7.92787045683759,10.1566951732869,1,K1_WHITE_SINGLE_TARGET_DML_CENTER_VALID,21,2,1.94071888388151,0.511197224482039,0.859463435919097,0.100771772022656,0.100771772022656,41,1,RAW_TANGENT_CORE_VALID,29.2563907861485,0.349228227977346
RTC2L8_S02_B014,SC_A,8,14,0,7.94464519402935,9.8,1,K1_WHITE_SINGLE_TARGET_DML_CENTER_VALID,21,2,1.94137523300625,0.935745152021837,0.35267692080377,NaN,0,0,0,TANGENT_PROFILE_NO_FEASIBLE_SCALE,NaN,NaN
RTC2L8_S02_B015,SC_A,8,15,0,8.05658908011758,10.2,1,K1_WHITE_SINGLE_TARGET_DML_CENTER_VALID,21,2,1.94055354423949,0.409725504037882,0.912208863879815,NaN,0,0,0,TANGENT_PROFILE_NO_FEASIBLE_SCALE,NaN,NaN
RTC2L8_S02_B016,SC_A,8,16,0,8.06218101281408,9.95055824607629,1,K1_WHITE_SINGLE_TARGET_DML_CENTER_VALID,21,2,1.94110702951086,0.539526521749492,0.84196860531073,0.357633871682712,0.357633871682712,44,1,RAW_TANGENT_CORE_VALID,27.3485870541739,0.0923661283172887
RTC2L8_S02_B017,SC_A,8,17,0,8.12890252583228,9.87408649479605,1,K1_WHITE_SINGLE_TARGET_DML_CENTER_VALID,21,2,1.94117763467779,-0.917090823497478,0.398678343350523,0.371660492884684,0.371660492884684,44,1,RAW_TANGENT_CORE_VALID,53.4955813047468,0.0783395071153173
RTC2L8_S02_B018,SC_A,8,18,0,7.97121026912453,9.92910658993073,1,K1_WHITE_SINGLE_TARGET_DML_CENTER_VALID,21,2,1.94118537420916,0.729965597173659,0.683483889307497,0.377789709312783,0.377789709312783,44,1,RAW_TANGENT_CORE_VALID,13.1164899783812,0.0722102906872177
RTC2L8_S02_B019,SC_A,8,19,0,7.90455893478805,9.88316143856883,1,K1_WHITE_SINGLE_TARGET_DML_CENTER_VALID,21,2,1.94127770730238,0.7340384982387,0.679107858225388,0.244913786702871,0.244913786702871,43,1,RAW_TANGENT_CORE_VALID,12.7739672134625,0.205086213297131
RTC2L8_S02_B020,SC_A,8,20,0,7.98155701750997,10.1004828845062,1,K1_WHITE_SINGLE_TARGET_DML_CENTER_VALID,21,2,1.94083668787023,0.898912535776281,0.438128123982307,0.00130152164208116,0.454283165340999,45,1,RAW_TANGENT_CORE_VALID,4.01549104974199,0.448698478357919
RTC2L8_S02_B021,SC_B,8,1,0,8.04058434842363,10.0424247026004,1,K1_WHITE_SINGLE_TARGET_DML_CENTER_VALID,21,2,1.94094424349154,-0.686470272036106,0.727157868423821,0.433400515189856,0.433400515189856,45,1,RAW_TANGENT_CORE_VALID,76.6486543064739,0.0165994848101448
RTC2L8_S02_B022,SC_B,8,2,0,7.90771565760526,9.95166816327848,1,K1_WHITE_SINGLE_TARGET_DML_CENTER_VALID,21,2,1.94117769261532,-0.104379313794742,0.994537560302143,0.001,0.305002383685551,43,1,RAW_TANGENT_CORE_VALID,65.991407360634,0.449000000000001
RTC2L8_S02_B023,SC_B,8,3,0,7.87880489712872,9.97600974893636,1,K1_WHITE_SINGLE_TARGET_DML_CENTER_VALID,21,2,1.94114784973513,0.98246831237307,0.186429652101839,0.460325018640522,0.97469789325257,40,1,RAW_TANGENT_CORE_VALID,19.2555043493528,0.0103250186405213
RTC2L8_S02_B024,SC_B,8,4,0,7.95594533635338,9.98707926197592,1,K1_WHITE_SINGLE_TARGET_DML_CENTER_VALID,21,2,1.94109663459763,0.998084794142566,0.061860679768258,0.782146567705502,1.11402425849195,40,1,RAW_TANGENT_CORE_VALID,26.4533796729052,0.332146567705501
RTC2L8_S02_B025,SC_B,8,5,0,7.88246404953159,9.97951158219554,1,K1_WHITE_SINGLE_TARGET_DML_CENTER_VALID,21,2,1.94114028524574,0.300964161517635,0.953635451040903,0.00107480110186174,0.376478416358363,45,1,RAW_TANGENT_CORE_VALID,42.4844779047183,0.448925198898138
RTC2L8_S02_B026,SC_B,8,6,0,7.91114341112993,9.90736513048732,1,K1_WHITE_SINGLE_TARGET_DML_CENTER_VALID,21,2,1.94124231674626,0.121405374279219,0.992603009816172,0.00108852515950988,0.216330455228432,43,1,RAW_TANGENT_CORE_VALID,53.0267823423654,0.448911474840493
RTC2L8_S02_B027,SC_B,8,7,0,7.9726504852209,10.1377848589298,1,K1_WHITE_SINGLE_TARGET_DML_CENTER_VALID,21,2,1.94074706325025,0.986384315714053,0.164456625629126,0.752610101960379,0.756614588585151,39,1,RAW_TANGENT_CORE_VALID,20.5343297900317,0.302610101960378
RTC2L8_S02_B028,SC_B,8,8,0,7.80149166791798,9.82458005942189,1,K1_WHITE_SINGLE_TARGET_DML_CENTER_VALID,21,2,1.94139147222148,0.936290122834171,0.351227569936036,0.139966571680935,0.139966571680935,42,1,RAW_TANGENT_CORE_VALID,9.43758283408448,0.310033428319066
RTC2L8_S02_B029,SC_B,8,9,0,7.93934292697646,9.83671505868147,1,K1_WHITE_SINGLE_TARGET_DML_CENTER_VALID,21,2,1.94132470124996,-0.385356174539572,0.922767911635546,0.001,0.0795759328397062,41,1,RAW_TANGENT_CORE_VALID,82.6658537907756,0.449000000000001
RTC2L8_S02_B030,SC_B,8,10,0,8.07041101587012,9.8,1,K1_WHITE_SINGLE_TARGET_DML_CENTER_VALID,21,2,1.94131338303043,0.499785287996738,0.866149332333644,NaN,0,0,0,TANGENT_PROFILE_NO_FEASIBLE_SCALE,NaN,NaN
RTC2L8_S02_B031,SC_B,8,11,0,7.79609178333382,10.1103491769979,1,K1_WHITE_SINGLE_TARGET_DML_CENTER_VALID,21,2,1.94088217419782,0.972749327814084,0.231859322083989,0.580319676817902,0.773320841244051,39,1,RAW_TANGENT_CORE_VALID,16.5934374379423,0.130319676817901
RTC2L8_S02_B032,SC_B,8,12,0,7.88183214551059,10.042667476279,1,K1_WHITE_SINGLE_TARGET_DML_CENTER_VALID,21,2,1.94101449833954,-0.936634289473322,0.35030873209614,0.661629456693863,0.898250653242977,39,1,RAW_TANGENT_CORE_VALID,50.5061997065104,0.211629456693863
RTC2L8_S02_B033,SC_B,8,13,0,8.08098169465607,9.89547227998395,1,K1_WHITE_SINGLE_TARGET_DML_CENTER_VALID,21,2,1.9411770998182,0.457171076467685,0.889378775798803,0.00119666752552736,0.21469430704189,43,1,RAW_TANGENT_CORE_VALID,32.795287650281,0.448803332474473
RTC2L8_S02_B034,SC_B,8,14,0,7.8150974535947,9.85613130295205,1,K1_WHITE_SINGLE_TARGET_DML_CENTER_VALID,21,2,1.94134480929917,0.662857862544806,0.748745253115191,0.149934314023386,0.149934314023386,42,1,RAW_TANGENT_CORE_VALID,18.4818044356167,0.300065685976616
RTC2L8_S02_B035,SC_B,8,15,0,7.90090972003445,9.85316188929334,1,K1_WHITE_SINGLE_TARGET_DML_CENTER_VALID,21,2,1.94131855830692,-0.986025984392611,0.166591590731894,0.001762917565626,0.638230165877885,44,1,RAW_TANGENT_CORE_VALID,39.5897057030261,0.448237082434376
RTC2L8_S02_B036,SC_B,8,16,0,7.69457744826934,9.95810156546338,1,K1_WHITE_SINGLE_TARGET_DML_CENTER_VALID,21,2,1.94123009054201,-0.976660425626407,0.214789229281277,0.001,0.603234124246219,45,1,RAW_TANGENT_CORE_VALID,42.4031621481677,0.449000000000001
RTC2L8_S02_B037,SC_B,8,17,0,7.75381580265348,9.93480784734239,1,K1_WHITE_SINGLE_TARGET_DML_CENTER_VALID,21,2,1.94125387216055,0.959160312649941,0.282863031584665,0.682929311711677,0.737761556618146,39,1,RAW_TANGENT_CORE_VALID,13.5688460451431,0.232929311711676
RTC2L8_S02_B038,SC_B,8,18,0,7.67121284321793,10.1772927187837,1,K1_WHITE_SINGLE_TARGET_DML_CENTER_VALID,21,2,1.94074272454265,-0.262301756861528,0.96498590059511,0.00124334632321971,0.0470624103467072,40,1,RAW_TANGENT_CORE_VALID,75.2066841957788,0.448756653676783
RTC2L8_S02_B039,SC_B,8,19,0,8.01602502263357,10.0623254725858,1,K1_WHITE_SINGLE_TARGET_DML_CENTER_VALID,21,2,1.94091178972339,-0.82212373728233,0.569308844650189,0.001,0.483654974651755,45,1,RAW_TANGENT_CORE_VALID,64.7020434409923,0.449000000000001
RTC2L8_S02_B040,SC_B,8,20,0,7.93891905894364,9.88516366403568,1,K1_WHITE_SINGLE_TARGET_DML_CENTER_VALID,21,2,1.94126091748638,0.909745399770094,0.415166602217895,0.41026259617572,0.41026259617572,44,1,RAW_TANGENT_CORE_VALID,5.47019134468139,0.039737403824282
RTC2L8_S03_B001,SC_A,8,1,6,7.97240290812475,9.93985229638918,1,K1_WHITE_SINGLE_TARGET_DML_CENTER_VALID,21,2,1.94116860352609,0.885382704973061,0.464862846154203,0.344924630374392,0.601692725267986,39,1,RAW_TANGENT_CORE_VALID,2.2986539499022,0.105075369625611
RTC2L8_S03_B002,SC_A,8,2,6,7.94502163759144,9.91176035217516,1,K1_WHITE_SINGLE_TARGET_DML_CENTER_VALID,21,2,1.94122204684073,0.942338391418764,0.334661554496922,0.001,0.667900753303796,45,1,RAW_TANGENT_CORE_VALID,10.4480414316765,0.449000000000002
RTC2L8_S03_B003,SC_A,8,3,6,7.99453756280293,10.0834726957318,1,K1_WHITE_SINGLE_TARGET_DML_CENTER_VALID,21,2,1.94087220483048,0.770766898241622,0.63711724868739,0.365795478016835,0.365795478016835,44,1,RAW_TANGENT_CORE_VALID,9.57719432371041,0.0842045219831667
RTC2L8_S03_B004,SC_A,8,4,6,8.05996106404234,9.90934092865166,1,K1_WHITE_SINGLE_TARGET_DML_CENTER_VALID,21,2,1.94116960899228,0.787856782119978,0.615858499062531,0.197560451034707,0.355084581338392,39,1,RAW_TANGENT_CORE_VALID,8.01432687490794,0.252439548965294
RTC2L8_S03_B005,SC_A,8,5,6,8.03921326877464,9.99729051454953,1,K1_WHITE_SINGLE_TARGET_DML_CENTER_VALID,21,2,1.94103759016176,0.933660408584899,0.358159519545523,0.001,1.10169074830049,46,1,RAW_TANGENT_CORE_VALID,9.01279123612873,0.449000000000001
RTC2L8_S03_B006,SC_A,8,6,6,7.97862862517919,9.95454318492212,1,K1_WHITE_SINGLE_TARGET_DML_CENTER_VALID,21,2,1.94114252787641,0.833729259655722,0.552173452453051,0.559763183961675,0.559763183961675,45,1,RAW_TANGENT_CORE_VALID,3.51624903639953,0.109763183961674
RTC2L8_S03_B007,SC_A,8,7,6,7.98973340217441,10.0372842844648,1,K1_WHITE_SINGLE_TARGET_DML_CENTER_VALID,21,2,1.94098066903594,0.925096134087631,0.37973298868563,0.001,0.857000684077684,46,1,RAW_TANGENT_CORE_VALID,7.68285565356259,0.449
RTC2L8_S03_B008,SC_A,8,8,6,8.03892641528178,9.95192442610494,1,K1_WHITE_SINGLE_TARGET_DML_CENTER_VALID,21,2,1.94111715349396,0.526071657467671,0.85044024552535,0.357284187582381,0.357284187582381,44,1,RAW_TANGENT_CORE_VALID,28.259585239874,0.0927158124176202
RTC2L8_S03_B009,SC_A,8,9,6,8.04234770599475,10.0031757323905,1,K1_WHITE_SINGLE_TARGET_DML_CENTER_VALID,21,2,1.94102465412683,0.860656629542684,0.509185787335259,0.001,0.773094114191719,46,1,RAW_TANGENT_CORE_VALID,0.60961065299191,0.449000000000002
RTC2L8_S03_B010,SC_A,8,10,6,8.06705858697501,10.0486351100543,1,K1_WHITE_SINGLE_TARGET_DML_CENTER_VALID,21,2,1.94091641298512,0.742275904719973,0.670094382361281,0.001,0.451771851637836,45,1,RAW_TANGENT_CORE_VALID,12.0743496956082,0.449000000000001
RTC2L8_S03_B011,SC_A,8,11,6,8.10216598970584,10.0746369521628,1,K1_WHITE_SINGLE_TARGET_DML_CENTER_VALID,21,2,1.94083678262722,-0.889065391817324,0.457780219180241,0.001,0.547699715211145,45,1,RAW_TANGENT_CORE_VALID,57.2439616056279,0.449000000000002
RTC2L8_S03_B012,SC_A,8,12,6,8.02109279633917,9.9206337562057,1,K1_WHITE_SINGLE_TARGET_DML_CENTER_VALID,21,2,1.94117383402316,0.963611147344837,0.267307981012104,0.001,0.902582524838554,46,1,RAW_TANGENT_CORE_VALID,14.4958613710402,0.449000000000001
RTC2L8_S03_B013,SC_A,8,13,6,7.96667021805011,10.0789686139694,1,K1_WHITE_SINGLE_TARGET_DML_CENTER_VALID,21,2,1.94089595023058,0.684311382828964,0.729189914446649,0.331961217874057,0.331961217874057,44,1,RAW_TANGENT_CORE_VALID,16.8185246504305,0.118038782125944
RTC2L8_S03_B014,SC_A,8,14,6,7.97083660215059,9.8926904011533,1,K1_WHITE_SINGLE_TARGET_DML_CENTER_VALID,21,2,1.9412367519477,0.964642633492003,0.2635613584151,0.001,0.703368670663166,45,1,RAW_TANGENT_CORE_VALID,14.7185140054564,0.449
RTC2L8_S03_B015,SC_A,8,15,6,8.02956953912813,10.1409901119487,1,K1_WHITE_SINGLE_TARGET_DML_CENTER_VALID,21,2,1.94071156053684,0.736719274704193,0.676198720997998,0.174534160503085,0.174534160503085,43,1,RAW_TANGENT_CORE_VALID,12.5473070919324,0.275465839496916
RTC2L8_S03_B016,SC_A,8,16,6,8.03653688746813,9.97240768753762,1,K1_WHITE_SINGLE_TARGET_DML_CENTER_VALID,21,2,1.94108419443677,0.689098628704433,0.724667565106698,0.475825594628983,0.475825594628983,45,1,RAW_TANGENT_CORE_VALID,16.4412001922945,0.0258255946289817
RTC2L8_S03_B017,SC_A,8,17,6,8.0576617567705,9.94511704159136,1,K1_WHITE_SINGLE_TARGET_DML_CENTER_VALID,21,2,1.94111807029636,-0.992121723896467,0.125277631573647,0.801761248052623,1.0932897247719,40,1,RAW_TANGENT_CORE_VALID,37.1967889316456,0.351761248052622
RTC2L8_S03_B018,SC_A,8,18,6,8.00749254009578,9.98732019535105,1,K1_WHITE_SINGLE_TARGET_DML_CENTER_VALID,21,2,1.94107219248334,0.81551496281375,0.578735989400079,0.520107610477201,0.647342480101262,39,1,RAW_TANGENT_CORE_VALID,5.36168789227931,0.0701076104771993
RTC2L8_S03_B019,SC_A,8,19,6,7.95044671849253,9.95654466830765,1,K1_WHITE_SINGLE_TARGET_DML_CENTER_VALID,21,2,1.94115195406072,0.787208759576694,0.616686605048077,0.507696022667614,0.507696022667614,45,1,RAW_TANGENT_CORE_VALID,8.07457449296987,0.057696022667613
RTC2L8_S03_B020,SC_A,8,20,6,7.98921898745106,10.0487107004801,1,K1_WHITE_SINGLE_TARGET_DML_CENTER_VALID,21,2,1.94095574509588,0.929790839617522,0.368088297237693,0.00277801033479272,0.822027218226091,44,1,RAW_TANGENT_CORE_VALID,8.40223415850334,0.447221989665209
RTC2L8_S03_B021,SC_B,8,1,6,7.98256389379557,10.0020221222218,1,K1_WHITE_SINGLE_TARGET_DML_CENTER_VALID,21,2,1.94105640277998,0.963933696054781,0.266142498692277,0.734748202664454,1.2087219197335,39,1,RAW_TANGENT_CORE_VALID,14.5651486928095,0.284748202664452
RTC2L8_S03_B022,SC_B,8,2,6,7.92032040404668,9.96596684024821,1,K1_WHITE_SINGLE_TARGET_DML_CENTER_VALID,21,2,1.94114901739083,0.296984717749907,0.954882232227099,0.001,0.347617401700149,44,1,RAW_TANGENT_CORE_VALID,42.7234120307259,0.449
RTC2L8_S03_B023,SC_B,8,3,6,7.91430873720272,9.96310914125336,1,K1_WHITE_SINGLE_TARGET_DML_CENTER_VALID,21,2,1.94115627650668,0.824583904647461,0.56573967882441,0.001,0.576622596429122,46,1,RAW_TANGENT_CORE_VALID,4.45367170484086,0.449000000000002
RTC2L8_S03_B024,SC_B,8,4,6,7.9324716408768,9.98304134844114,1,K1_WHITE_SINGLE_TARGET_DML_CENTER_VALID,21,2,1.94111410046719,0.930333280666704,0.366715130426778,0.721706676558249,0.998275409188168,40,1,RAW_TANGENT_CORE_VALID,8.48682706034582,0.271706676558249
RTC2L8_S03_B025,SC_B,8,5,6,7.91988485960849,9.97669446153627,1,K1_WHITE_SINGLE_TARGET_DML_CENTER_VALID,21,2,1.9411306465044,0.628616071522467,0.777715780104571,0.00118639594497283,0.454393407094072,45,1,RAW_TANGENT_CORE_VALID,21.0519075523147,0.448813604055029
RTC2L8_S03_B026,SC_B,8,6,6,7.91726154823333,9.92938535670093,1,K1_WHITE_SINGLE_TARGET_DML_CENTER_VALID,21,2,1.94120825052777,0.445772519913767,0.895146278822478,0.289082041141096,0.289082041141096,44,1,RAW_TANGENT_CORE_VALID,33.5272250357664,0.160917958858905
RTC2L8_S03_B027,SC_B,8,7,6,7.95017952406024,10.0442017164268,1,K1_WHITE_SINGLE_TARGET_DML_CENTER_VALID,21,2,1.94098348830235,0.895438423021,0.445185388998409,0.65859324413624,0.699925412753297,40,1,RAW_TANGENT_CORE_VALID,3.56479949089475,0.208593244136239
RTC2L8_S03_B028,SC_B,8,8,6,7.84939198848509,9.8819698975878,1,K1_WHITE_SINGLE_TARGET_DML_CENTER_VALID,21,2,1.94129965774639,0.855836234110202,0.517246885330466,0.0010469430182195,0.316946896781913,44,1,RAW_TANGENT_CORE_VALID,1.14775853312401,0.448953056981782
RTC2L8_S03_B029,SC_B,8,9,6,7.87539613627721,9.86568711840364,1,K1_WHITE_SINGLE_TARGET_DML_CENTER_VALID,21,2,1.94131182125742,0.946343830459606,0.323161499178105,0.406528120278556,0.406528120278556,44,1,RAW_TANGENT_CORE_VALID,11.1457728801099,0.0434718797214457
RTC2L8_S03_B030,SC_B,8,10,6,8.01636261518389,9.84542005833521,1,K1_WHITE_SINGLE_TARGET_DML_CENTER_VALID,21,2,1.94127731379782,0.628944165617366,0.77745047207901,0.001,0.116843606033833,42,1,RAW_TANGENT_CORE_VALID,21.0277321220903,0.449000000000003
RTC2L8_S03_B031,SC_B,8,11,6,7.81431747416649,9.99727047038549,1,K1_WHITE_SINGLE_TARGET_DML_CENTER_VALID,21,2,1.94113079410285,0.911983798655341,0.410226219286597,0.399448388421345,0.908607093190403,40,1,RAW_TANGENT_CORE_VALID,5.78095366595215,0.0505516115786562
RTC2L8_S03_B032,SC_B,8,12,6,7.91825577675195,10.00066323897,1,K1_WHITE_SINGLE_TARGET_DML_CENTER_VALID,21,2,1.94108709975577,0.992973315612757,0.118338474221225,0.729375405570945,1.04384633222925,39,1,RAW_TANGENT_CORE_VALID,23.2037791039917,0.279375405570945
RTC2L8_S03_B033,SC_B,8,13,6,7.99542410848098,9.93359618950803,1,K1_WHITE_SINGLE_TARGET_DML_CENTER_VALID,21,2,1.94116734186395,0.717407213462212,0.69665406772112,0.001,0.383536666756419,44,1,RAW_TANGENT_CORE_VALID,14.159172012373,0.449000000000001
RTC2L8_S03_B034,SC_B,8,14,6,7.82507959314238,9.88993216088395,1,K1_WHITE_SINGLE_TARGET_DML_CENTER_VALID,21,2,1.94129711429001,0.889386339093081,0.457156362566034,0.393441580378145,0.393441580378145,44,1,RAW_TANGENT_CORE_VALID,2.79623554886712,0.0565584196218556
RTC2L8_S03_B035,SC_B,8,15,6,7.85469834876191,9.86411152245714,1,K1_WHITE_SINGLE_TARGET_DML_CENTER_VALID,21,2,1.94132129882552,0.962123391184364,0.272614343232155,0.161083489881939,0.470345923086954,44,1,RAW_TANGENT_CORE_VALID,14.1801050877061,0.288916510118063
RTC2L8_S03_B036,SC_B,8,16,6,7.7696483691054,9.93866387965634,1,K1_WHITE_SINGLE_TARGET_DML_CENTER_VALID,21,2,1.94124392751859,0.955948466832585,0.293534544407348,0.001,0.773364636129769,44,1,RAW_TANGENT_CORE_VALID,12.9303169714229,0.449
RTC2L8_S03_B037,SC_B,8,17,6,7.84127164020538,9.93846123000345,1,K1_WHITE_SINGLE_TARGET_DML_CENTER_VALID,21,2,1.94122274846058,0.844757738374362,0.535148917084425,0.383085493661926,0.517468037711113,39,1,RAW_TANGENT_CORE_VALID,2.35401116576899,0.0669145063380745
RTC2L8_S03_B038,SC_B,8,18,6,7.81157888126978,10.0604426563037,1,K1_WHITE_SINGLE_TARGET_DML_CENTER_VALID,21,2,1.9409982267614,-0.211989782858729,0.977271882315003,0.001,0.285605973571565,43,1,RAW_TANGENT_CORE_VALID,72.2389841419205,0.449
RTC2L8_S03_B039,SC_B,8,19,6,7.99060901021465,10.0275138138841,1,K1_WHITE_SINGLE_TARGET_DML_CENTER_VALID,21,2,1.94100112748118,-0.9989519604136,0.045770960071058,0.001,1.18245728247056,48,1,RAW_TANGENT_CORE_VALID,32.6233993758433,0.449000000000001
RTC2L8_S03_B040,SC_B,8,20,6,7.86855192026526,9.86771692724767,1,K1_WHITE_SINGLE_TARGET_DML_CENTER_VALID,21,2,1.94131165832298,0.860419407347842,0.509586541677847,0.265772039523286,0.265772039523286,44,1,RAW_TANGENT_CORE_VALID,0.636293415923068,0.184227960476716
RTC2L8_S04_B001,SC_A,8,1,10,7.98200861631031,9.9632540224067,1,K1_WHITE_SINGLE_TARGET_DML_CENTER_VALID,21,2,1.94112658906861,0.887180479254204,0.461422579887765,0.409398129791174,0.707611762070299,40,1,RAW_TANGENT_CORE_VALID,2.5210578582346,0.0406018702088281
RTC2L8_S04_B002,SC_A,8,2,10,7.96339061454514,9.94379391592886,1,K1_WHITE_SINGLE_TARGET_DML_CENTER_VALID,21,2,1.94116658355111,0.920813495788242,0.39000321277425,0.001,0.737398622467748,46,1,RAW_TANGENT_CORE_VALID,7.04530069025605,0.449
RTC2L8_S04_B003,SC_A,8,3,10,7.9968364657512,10.054698896157,1,K1_WHITE_SINGLE_TARGET_DML_CENTER_VALID,21,2,1.9409386260566,0.848639551648532,0.528971560084074,0.549372082763433,0.549372082763433,45,1,RAW_TANGENT_CORE_VALID,1.93599359034018,0.0993720827634311
RTC2L8_S04_B004,SC_A,8,4,10,8.0386416794058,9.94204671228115,1,K1_WHITE_SINGLE_TARGET_DML_CENTER_VALID,21,2,1.94113288427845,0.847660950825432,0.530538323258297,0.227124128016893,0.535481438584022,39,1,RAW_TANGENT_CORE_VALID,2.04183437942273,0.222875871983109
RTC2L8_S04_B005,SC_A,8,5,10,8.02429156756997,10.0001089855424,1,K1_WHITE_SINGLE_TARGET_DML_CENTER_VALID,21,2,1.94103983618819,0.912867336759552,0.408256323254794,0.00104100457407773,0.979242711363379,47,1,RAW_TANGENT_CORE_VALID,5.904653273689,0.448958995425923
RTC2L8_S04_B006,SC_A,8,6,10,7.98755731466605,9.97067191360609,1,K1_WHITE_SINGLE_TARGET_DML_CENTER_VALID,21,2,1.94111137735983,0.844453189342095,0.535629359734849,0.524822269778404,0.637276170561592,39,1,RAW_TANGENT_CORE_VALID,2.38660311147989,0.0748222697784021
RTC2L8_S04_B007,SC_A,8,7,10,7.9944841773504,10.0217583264487,1,K1_WHITE_SINGLE_TARGET_DML_CENTER_VALID,21,2,1.94101129211143,0.88819951507811,0.459457964796574,0.001,0.775878044165372,46,1,RAW_TANGENT_CORE_VALID,2.64786350823178,0.449000000000001
RTC2L8_S04_B008,SC_A,8,8,10,8.02388697017351,9.9713996883387,1,K1_WHITE_SINGLE_TARGET_DML_CENTER_VALID,21,2,1.94109239634051,0.78444990212368,0.620192188807751,0.552730883851322,0.552730883851322,45,1,RAW_TANGENT_CORE_VALID,8.3301704769596,0.102730883851321
RTC2L8_S04_B009,SC_A,8,9,10,8.02759132537931,10.001202639853,1,K1_WHITE_SINGLE_TARGET_DML_CENTER_VALID,21,2,1.94103606168191,0.8740984176628,0.485748861284706,0.001,0.818519099030823,45,1,RAW_TANGENT_CORE_VALID,0.93845258250301,0.449000000000003
RTC2L8_S04_B010,SC_A,8,10,10,8.04325842109871,10.0309291422517,1,K1_WHITE_SINGLE_TARGET_DML_CENTER_VALID,21,2,1.94096771319748,0.815190521274311,0.579192898803599,0.001,0.583815368239258,45,1,RAW_TANGENT_CORE_VALID,5.39379544338713,0.449000000000002
RTC2L8_S04_B011,SC_A,8,11,10,8.06369286761866,10.0480030703653,1,K1_WHITE_SINGLE_TARGET_DML_CENTER_VALID,21,2,1.94091964814824,0.999346438021625,0.0361482615555826,0.514881750382667,1.07331574312318,40,1,RAW_TANGENT_CORE_VALID,27.9284058514067,0.0648817503826669
RTC2L8_S04_B012,SC_A,8,12,10,8.01197026765042,9.94922838921856,1,K1_WHITE_SINGLE_TARGET_DML_CENTER_VALID,21,2,1.94113511165758,0.919764170902448,0.392471489313724,0.00115963028689357,0.760454673940773,45,1,RAW_TANGENT_CORE_VALID,6.89162964861452,0.448840369713107
RTC2L8_S04_B013,SC_A,8,13,10,7.97982621056849,10.049746768886,1,K1_WHITE_SINGLE_TARGET_DML_CENTER_VALID,21,2,1.94095781433713,0.780767693250196,0.624821421829284,0.480947758398111,0.480947758398111,45,1,RAW_TANGENT_CORE_VALID,8.66908149092873,0.0309477583981096
RTC2L8_S04_B014,SC_A,8,14,10,7.98102293913282,9.93197890864807,1,K1_WHITE_SINGLE_TARGET_DML_CENTER_VALID,21,2,1.94117657043173,0.951991536767712,0.306124343890926,0.171529577225961,0.862256865759722,41,1,RAW_TANGENT_CORE_VALID,12.1741800859244,0.278470422774041
RTC2L8_S04_B015,SC_A,8,15,10,8.0176488759064,10.0883088789302,1,K1_WHITE_SINGLE_TARGET_DML_CENTER_VALID,21,2,1.9408492334728,0.78682776912137,0.617172635280834,0.361944502024103,0.361944502024103,44,1,RAW_TANGENT_CORE_VALID,8.10995801763394,0.0880554979758973
RTC2L8_S04_B016,SC_A,8,16,10,8.02436589893666,9.98184728254553,1,K1_WHITE_SINGLE_TARGET_DML_CENTER_VALID,21,2,1.94107374114009,0.75722536344665,0.653153694740441,0.556828458630382,0.556828458630382,45,1,RAW_TANGENT_CORE_VALID,10.7798011264839,0.106828458630381
RTC2L8_S04_B017,SC_A,8,17,10,8.03517865679164,9.96703820599173,1,K1_WHITE_SINGLE_TARGET_DML_CENTER_VALID,21,2,1.94109411497558,0.991128283285815,0.13290871329944,0.769034543385791,1.13975426336509,39,1,RAW_TANGENT_CORE_VALID,22.3622917524084,0.31903454338579
RTC2L8_S04_B018,SC_A,8,18,10,8.00938513639033,9.99706035995267,1,K1_WHITE_SINGLE_TARGET_DML_CENTER_VALID,21,2,1.94105307971796,0.854481169629009,0.519482368083307,0.482127044566814,0.758679686010329,39,1,RAW_TANGENT_CORE_VALID,1.29753617511932,0.0321270445668114
RTC2L8_S04_B019,SC_A,8,19,10,7.9687487165767,9.97686780632926,1,K1_WHITE_SINGLE_TARGET_DML_CENTER_VALID,21,2,1.94110926905221,0.816157641424937,0.577829303811847,0.514928587536883,0.612180120192915,39,1,RAW_TANGENT_CORE_VALID,5.29801181894306,0.0649285875368809
RTC2L8_S04_B020,SC_A,8,20,10,7.99295059877171,10.0302811039981,1,K1_WHITE_SINGLE_TARGET_DML_CENTER_VALID,21,2,1.94099416735188,0.92134211460668,0.388752759285502,0.256684043212,0.873145679088233,44,1,RAW_TANGENT_CORE_VALID,7.12308532040686,0.193315956788001
RTC2L8_S04_B021,SC_B,8,1,10,7.96378886587159,9.9872224246929,1,K1_WHITE_SINGLE_TARGET_DML_CENTER_VALID,21,2,1.94109287793154,0.882193320154719,0.470887402543743,0.572561012752597,0.795189778624454,39,1,RAW_TANGENT_CORE_VALID,1.90808481680292,0.122561012752597
RTC2L8_S04_B022,SC_B,8,2,10,7.92808564663989,9.96779963281013,1,K1_WHITE_SINGLE_TARGET_DML_CENTER_VALID,21,2,1.94114269634131,0.832815797209085,0.553550221677307,0.102305339661914,0.606267060291954,41,1,RAW_TANGENT_CORE_VALID,3.61091560138945,0.347694660338088
RTC2L8_S04_B023,SC_B,8,3,10,7.92659934243558,9.96272737863331,1,K1_WHITE_SINGLE_TARGET_DML_CENTER_VALID,21,2,1.94115188581189,0.819292434814131,0.573375885659951,0.001,0.567611518736992,45,1,RAW_TANGENT_CORE_VALID,4.98597363754638,0.449
RTC2L8_S04_B024,SC_B,8,4,10,7.92694025026501,9.97488068002087,1,K1_WHITE_SINGLE_TARGET_DML_CENTER_VALID,21,2,1.94113092936257,0.89749232239583,0.441030079745746,0.636576058337815,0.793055567192554,39,1,RAW_TANGENT_CORE_VALID,3.83037724072092,0.186576058337813
RTC2L8_S04_B025,SC_B,8,5,10,7.93434885797029,9.97633821256335,1,K1_WHITE_SINGLE_TARGET_DML_CENTER_VALID,21,2,1.94112526744563,0.766390929097042,0.642374457616251,0.124374778696234,0.54902000063238,44,1,RAW_TANGENT_CORE_VALID,9.96910555605703,0.325625221303768
RTC2L8_S04_B026,SC_B,8,6,10,7.91980183642417,9.93865534274704,1,K1_WHITE_SINGLE_TARGET_DML_CENTER_VALID,21,2,1.94119323427,0.673049905920047,0.7395970687753,0.37494832957258,0.37494832957258,44,1,RAW_TANGENT_CORE_VALID,17.6971033173291,0.0750516704274207
RTC2L8_S04_B027,SC_B,8,7,10,7.94327009821447,10.0120314725557,1,K1_WHITE_SINGLE_TARGET_DML_CENTER_VALID,21,2,1.94105430574845,0.857948680578618,0.513735400272755,0.585169854854553,0.731771753881661,39,1,RAW_TANGENT_CORE_VALID,0.912964784588555,0.135169854854552
RTC2L8_S04_B028,SC_B,8,8,10,7.86684741534915,9.90329914045028,1,K1_WHITE_SINGLE_TARGET_DML_CENTER_VALID,21,2,1.94126479169526,0.848577065138578,0.529071795242194,0.001,0.390491957345763,43,1,RAW_TANGENT_CORE_VALID,1.94276120203288,0.449000000000002
RTC2L8_S04_B029,SC_B,8,9,10,7.85070620399257,9.87460672951544,1,K1_WHITE_SINGLE_TARGET_DML_CENTER_VALID,21,2,1.94130891690056,0.903351878539122,0.428900202307995,0.347897851826444,0.347897851826444,44,1,RAW_TANGENT_CORE_VALID,4.60221555159909,0.102102148173557
RTC2L8_S04_B030,SC_B,8,10,10,7.99552070804426,9.89593186181937,1,K1_WHITE_SINGLE_TARGET_DML_CENTER_VALID,21,2,1.94122082570117,0.726510500935633,0.687155362367387,0.001,0.279214474842688,44,1,RAW_TANGENT_CORE_VALID,13.4053508331896,0.449000000000001
RTC2L8_S04_B031,SC_B,8,11,10,7.81693370694256,9.95737783582732,1,K1_WHITE_SINGLE_TARGET_DML_CENTER_VALID,21,2,1.94120061143813,0.889085735255449,0.457740707568463,0.306465424814283,0.687628752370833,39,1,RAW_TANGENT_CORE_VALID,2.75858468923661,0.143534575185718
RTC2L8_S04_B032,SC_B,8,12,10,7.93012492188799,9.98865942733691,1,K1_WHITE_SINGLE_TARGET_DML_CENTER_VALID,21,2,1.94110483028824,0.956775840111589,0.290826394570307,0.648119188129101,1.10814863767079,40,1,RAW_TANGENT_CORE_VALID,13.0925624677791,0.1981191881291
RTC2L8_S04_B033,SC_B,8,13,10,7.96666584296951,9.94307384414678,1,K1_WHITE_SINGLE_TARGET_DML_CENTER_VALID,21,2,1.94116622919532,0.789067411069229,0.614306617894114,0.001,0.465805967180518,45,1,RAW_TANGENT_CORE_VALID,7.90155517295326,0.449000000000001
RTC2L8_S04_B034,SC_B,8,14,10,7.83070262608383,9.89944050833195,1,K1_WHITE_SINGLE_TARGET_DML_CENTER_VALID,21,2,1.94128245182274,0.898836612870818,0.438283861627273,0.453772164746129,0.453772164746129,45,1,RAW_TANGENT_CORE_VALID,4.00556406996742,0.00377216474612824
RTC2L8_S04_B035,SC_B,8,15,10,7.83650450244348,9.87121219732577,1,K1_WHITE_SINGLE_TARGET_DML_CENTER_VALID,21,2,1.94131816962319,0.9209829203899,0.38960295218349,0.00188761909225429,0.365562924647624,42,1,RAW_TANGENT_CORE_VALID,7.07020381420883,0.448112380907747
RTC2L8_S04_B036,SC_B,8,16,10,7.79964276584215,9.93080570122246,1,K1_WHITE_SINGLE_TARGET_DML_CENTER_VALID,21,2,1.94124742654218,0.918356828318617,0.395753377598436,0.00127135374561295,0.661046543765377,45,1,RAW_TANGENT_CORE_VALID,6.68703142271958,0.448728646254388
RTC2L8_S04_B037,SC_B,8,17,10,7.87197444084049,9.94347977605516,1,K1_WHITE_SINGLE_TARGET_DML_CENTER_VALID,21,2,1.94120426277584,0.830815215826116,0.55654836011959,0.362927057800692,0.51560578140713,39,1,RAW_TANGENT_CORE_VALID,3.81742833386947,0.0870729421993094
RTC2L8_S04_B038,SC_B,8,18,10,7.86159901477463,10.0242893591478,1,K1_WHITE_SINGLE_TARGET_DML_CENTER_VALID,21,2,1.94106124763152,0.764101716510693,0.645095781125107,0.2946937023118,0.544758300994339,39,1,RAW_TANGENT_CORE_VALID,10.1728571884212,0.155306297688202
RTC2L8_S04_B039,SC_B,8,19,10,7.97995700497898,10.0104653630814,1,K1_WHITE_SINGLE_TARGET_DML_CENTER_VALID,21,2,1.9410410417939,0.909250668358819,0.416248990496123,0.00137398096395467,0.910679142754156,46,1,RAW_TANGENT_CORE_VALID,5.40200398150614,0.448626019036047
RTC2L8_S04_B040,SC_B,8,20,10,7.84462433783042,9.87006200077741,1,K1_WHITE_SINGLE_TARGET_DML_CENTER_VALID,21,2,1.94131696063304,0.857076646953023,0.51518891801723,0.271985667110416,0.271985667110416,44,1,RAW_TANGENT_CORE_VALID,1.01008336462171,0.178014332889585
RTC2L8_S05_B001,SC_A,8,1,14,7.9884019754344,9.97726992262275,1,K1_WHITE_SINGLE_TARGET_DML_CENTER_VALID,21,2,1.94109946263418,0.882992984763447,0.469386183071615,0.428759987992818,0.755326547802144,40,1,RAW_TANGENT_CORE_VALID,2.00554027393967,0.0212400120071821
RTC2L8_S05_B002,SC_A,8,2,14,7.97608258758873,9.96432478287803,1,K1_WHITE_SINGLE_TARGET_DML_CENTER_VALID,21,2,1.94112753661685,0.901739164241773,0.432280556667252,0.001,0.76026913699254,46,1,RAW_TANGENT_CORE_VALID,4.38762270615612,0.449000000000002
RTC2L8_S05_B003,SC_A,8,3,14,7.99810284385969,10.0353064073746,1,K1_WHITE_SINGLE_TARGET_DML_CENTER_VALID,21,2,1.94098095794146,0.86681838012285,0.498624002512112,0.598980115948491,0.660592317239684,39,1,RAW_TANGENT_CORE_VALID,0.0909935827358914,0.148980115948491
RTC2L8_S05_B004,SC_A,8,4,14,8.02464252707741,9.96313751527956,1,K1_WHITE_SINGLE_TARGET_DML_CENTER_VALID,21,2,1.94110607328864,0.865836949521263,0.500326270391346,0.312225393682403,0.65212452327142,39,1,RAW_TANGENT_CORE_VALID,0.0215882240233808,0.137774606317598
RTC2L8_S05_B005,SC_A,8,5,14,8.01513409459958,10.0008178833702,1,K1_WHITE_SINGLE_TARGET_DML_CENTER_VALID,21,2,1.94104305496064,0.89640320840495,0.443239537903956,0.001,0.898756088284675,45,1,RAW_TANGENT_CORE_VALID,3.68924018860022,0.449000000000001
RTC2L8_S05_B006,SC_A,8,6,14,7.99253686813628,9.98122310235248,1,K1_WHITE_SINGLE_TARGET_DML_CENTER_VALID,21,2,1.94109046621331,0.851936076111315,0.523645798436363,0.496027319638024,0.692159100268257,40,1,RAW_TANGENT_CORE_VALID,1.57712373176335,0.0460273196380215
RTC2L8_S05_B007,SC_A,8,7,14,7.99685125728656,10.0130642984253,1,K1_WHITE_SINGLE_TARGET_DML_CENTER_VALID,21,2,1.94102787884968,0.871968469381576,0.489562037339857,0.250332978543687,0.76368544665111,40,1,RAW_TANGENT_CORE_VALID,0.688200374175227,0.199667021456315
RTC2L8_S05_B008,SC_A,8,8,14,8.0148002880011,9.98256711415669,1,K1_WHITE_SINGLE_TARGET_DML_CENTER_VALID,21,2,1.941077233251,0.845437724401625,0.534074015618249,0.683677201353237,0.683677201353237,45,1,RAW_TANGENT_CORE_VALID,2.28113520502039,0.233677201353235
RTC2L8_S05_B009,SC_A,8,9,14,8.01775186844772,10.0004510716761,1,K1_WHITE_SINGLE_TARGET_DML_CENTER_VALID,21,2,1.94104245886045,0.877083501892905,0.480337933862483,0.00106179816304327,0.830868912306518,46,1,RAW_TANGENT_CORE_VALID,1.29252466874681,0.448938201836958
RTC2L8_S05_B010,SC_A,8,10,14,8.02765069571089,10.0196161400778,1,K1_WHITE_SINGLE_TARGET_DML_CENTER_VALID,21,2,1.94099938154975,0.845165996245428,0.534503918405162,0.001,0.674958045061322,45,1,RAW_TANGENT_CORE_VALID,2.31027463546783,0.449
RTC2L8_S05_B011,SC_A,8,11,14,8.03988881734247,10.030660758668,1,K1_WHITE_SINGLE_TARGET_DML_CENTER_VALID,21,2,1.94097003600188,0.953072509247632,0.302742121477047,0.550788397493963,1.11870287825033,40,1,RAW_TANGENT_CORE_VALID,12.3776240241904,0.100788397493961
RTC2L8_S05_B012,SC_A,8,12,14,8.0070521953881,9.96761317971611,1,K1_WHITE_SINGLE_TARGET_DML_CENTER_VALID,21,2,1.94110725881442,0.900016351165201,0.435856131808741,0.00116183239182967,0.769121586155209,45,1,RAW_TANGENT_CORE_VALID,4.16021660768824,0.448838167608172
RTC2L8_S05_B013,SC_A,8,13,14,7.98763350879932,10.031322404007,1,K1_WHITE_SINGLE_TARGET_DML_CENTER_VALID,21,2,1.9409944680276,0.827665386500979,0.561221888372313,0.583344712149278,0.601108401107381,39,1,RAW_TANGENT_CORE_VALID,4.14034165001851,0.133344712149277
RTC2L8_S05_B014,SC_A,8,14,14,7.98771504208641,9.95695238024366,1,K1_WHITE_SINGLE_TARGET_DML_CENTER_VALID,21,2,1.9411343543525,0.927619102192362,0.373527510697453,0.350508304203289,0.840379226422173,40,1,RAW_TANGENT_CORE_VALID,8.06666678884952,0.0994916957967119
RTC2L8_S05_B015,SC_A,8,15,14,8.01067292848463,10.0554701773526,1,K1_WHITE_SINGLE_TARGET_DML_CENTER_VALID,21,2,1.94093016225742,0.815938081346455,0.57813929758205,0.499982697083063,0.499982697083063,45,1,RAW_TANGENT_CORE_VALID,5.31977688363456,0.0499826970830616
RTC2L8_S05_B016,SC_A,8,16,14,8.01589309890468,9.98823433947983,1,K1_WHITE_SINGLE_TARGET_DML_CENTER_VALID,21,2,1.94106637030914,0.800179595034258,0.5997604652616,0.617648477964863,0.627698390882531,39,1,RAW_TANGENT_CORE_VALID,6.85274415945143,0.167648477964862
RTC2L8_S05_B017,SC_A,8,17,14,8.02176068552309,9.97982838930383,1,K1_WHITE_SINGLE_TARGET_DML_CENTER_VALID,21,2,1.94107866797386,0.951979135049832,0.306162908318063,0.671039347657695,1.17472355022842,40,1,RAW_TANGENT_CORE_VALID,12.1718590639184,0.221039347657693
RTC2L8_S05_B018,SC_A,8,18,14,8.00770505080075,10.0001404153896,1,K1_WHITE_SINGLE_TARGET_DML_CENTER_VALID,21,2,1.94104801850555,0.871493038798758,0.490407874452793,0.465612054650905,0.815074940766046,40,1,RAW_TANGENT_CORE_VALID,0.632606496481102,0.0156120546509035
RTC2L8_S05_B019,SC_A,8,19,14,7.98034776310115,9.98720854089352,1,K1_WHITE_SINGLE_TARGET_DML_CENTER_VALID,21,2,1.9410853405416,0.835405462867007,0.549634162522639,0.500327560740544,0.681211444478979,40,1,RAW_TANGENT_CORE_VALID,3.34191861025998,0.050327560740542
RTC2L8_S05_B020,SC_A,8,20,14,7.99545742618028,10.0189143425124,1,K1_WHITE_SINGLE_TARGET_DML_CENTER_VALID,21,2,1.94101667909032,0.908222084988847,0.418488523544567,0.335827906253668,0.865427113526699,39,1,RAW_TANGENT_CORE_VALID,5.26080161504767,0.114172093746332
RTC2L8_S05_B021,SC_B,8,1,14,7.95262360718558,9.97796756996224,1,K1_WHITE_SINGLE_TARGET_DML_CENTER_VALID,21,2,1.94111452172934,0.863162449353374,0.504926317422933,0.511751453323033,0.704924912096313,40,1,RAW_TANGENT_CORE_VALID,0.32646127225012,0.0617514533230313
RTC2L8_S05_B022,SC_B,8,2,14,7.93368997793627,9.96815028678189,1,K1_WHITE_SINGLE_TARGET_DML_CENTER_VALID,21,2,1.9411397499966,0.865243800060305,0.501351340336499,0.294942114459964,0.670788220767608,41,1,RAW_TANGENT_CORE_VALID,0.0894443014195204,0.155057885540036
RTC2L8_S05_B023,SC_B,8,3,14,7.93413091071186,9.96391030797264,1,K1_WHITE_SINGLE_TARGET_DML_CENTER_VALID,21,2,1.94114674959253,0.827344873738029,0.561694276185368,0.139462908455273,0.583628193920018,43,1,RAW_TANGENT_CORE_VALID,4.17304939557945,0.310537091544729
RTC2L8_S05_B024,SC_B,8,4,14,7.92421355375793,9.96807083636253,1,K1_WHITE_SINGLE_TARGET_DML_CENTER_VALID,21,2,1.94114383843612,0.880820024073138,0.473451249012817,0.568378867959663,0.709981594569538,39,1,RAW_TANGENT_CORE_VALID,1.74144117916425,0.11837886795966
RTC2L8_S05_B025,SC_B,8,5,14,7.94367807787423,9.9763328405574,1,K1_WHITE_SINGLE_TARGET_DML_CENTER_VALID,21,2,1.94112129942966,0.823800547819315,0.566879755691273,0.311149177668473,0.622117261331262,41,1,RAW_TANGENT_CORE_VALID,4.53292698090357,0.138850822331528
RTC2L8_S05_B026,SC_B,8,6,14,7.92146528960453,9.94490094582498,1,K1_WHITE_SINGLE_TARGET_DML_CENTER_VALID,21,2,1.94118287476055,0.775360066115491,0.631519412111283,0.458896252580901,0.458896252580901,45,1,RAW_TANGENT_CORE_VALID,9.16231117867927,0.00889625258089932
RTC2L8_S05_B027,SC_B,8,7,14,7.93920600169171,9.99250138793845,1,K1_WHITE_SINGLE_TARGET_DML_CENTER_VALID,21,2,1.94109386208437,0.850954932201574,0.525238710837095,0.530252367136099,0.733005332495975,40,1,RAW_TANGENT_CORE_VALID,1.68431453919735,0.0802523671360978
RTC2L8_S05_B028,SC_B,8,8,14,7.87779030737272,9.91665805328036,1,K1_WHITE_SINGLE_TARGET_DML_CENTER_VALID,21,2,1.94124209139343,0.851257428569556,0.524748311388562,0.162953945695543,0.444624787725996,39,1,RAW_TANGENT_CORE_VALID,1.65130124597181,0.287046054304458
RTC2L8_S05_B029,SC_B,8,9,14,7.83484991074307,9.8797845994205,1,K1_WHITE_SINGLE_TARGET_DML_CENTER_VALID,21,2,1.94130743517941,0.888263247504749,0.459334739740331,0.347391967198494,0.347391967198494,44,1,RAW_TANGENT_CORE_VALID,2.65581219801057,0.102608032801508
RTC2L8_S05_B030,SC_B,8,10,14,7.98220049345876,9.92652228562695,1,K1_WHITE_SINGLE_TARGET_DML_CENTER_VALID,21,2,1.94118411453363,0.80177321374452,0.59762840772656,0.001,0.423414563267671,44,1,RAW_TANGENT_CORE_VALID,6.70023301717083,0.449000000000002
RTC2L8_S05_B031,SC_B,8,11,14,7.81750225970763,9.93303287071116,1,K1_WHITE_SINGLE_TARGET_DML_CENTER_VALID,21,2,1.94123867431464,0.878151506096695,0.478382621277264,0.245798344682727,0.556177690384997,40,1,RAW_TANGENT_CORE_VALID,1.42017835841561,0.204201655317273
RTC2L8_S05_B032,SC_B,8,12,14,7.93737461843725,9.98173835812341,1,K1_WHITE_SINGLE_TARGET_DML_CENTER_VALID,21,2,1.94111437679294,0.925398617913435,0.378995247943698,0.577878782690801,0.959053492672875,40,1,RAW_TANGENT_CORE_VALID,7.72854011570462,0.127878782690799
RTC2L8_S05_B033,SC_B,8,13,14,7.94963238577085,9.94796682928808,1,K1_WHITE_SINGLE_TARGET_DML_CENTER_VALID,21,2,1.94116611619588,0.823406892458434,0.567451398317023,0.00113910926889902,0.521513665229944,45,1,RAW_TANGENT_CORE_VALID,4.57269453870435,0.448860890731102
RTC2L8_S05_B034,SC_B,8,14,14,7.83493170366028,9.90432911319542,1,K1_WHITE_SINGLE_TARGET_DML_CENTER_VALID,21,2,1.94127436048842,0.894062352124029,0.44794253037019,0.465814724532636,0.465814724532636,45,1,RAW_TANGENT_CORE_VALID,3.38824473180542,0.015814724532634
RTC2L8_S05_B035,SC_B,8,15,14,7.82470191546851,9.8765977420818,1,K1_WHITE_SINGLE_TARGET_DML_CENTER_VALID,21,2,1.94131492830265,0.897631746957695,0.44074623861546,0.00169368054078104,0.347582056842582,43,1,RAW_TANGENT_CORE_VALID,3.84849620967508,0.44830631945922
RTC2L8_S05_B036,SC_B,8,16,14,7.81930336289347,9.92566766632529,1,K1_WHITE_SINGLE_TARGET_DML_CENTER_VALID,21,2,1.94124905140406,0.897377458868932,0.441263749150028,0.183592479400032,0.569580739715648,40,1,RAW_TANGENT_CORE_VALID,3.81545886532554,0.266407520599968
RTC2L8_S05_B037,SC_B,8,17,14,7.89124897858048,9.94762750752508,1,K1_WHITE_SINGLE_TARGET_DML_CENTER_VALID,21,2,1.94119055518928,0.835817259675038,0.549007748970185,0.373418155900275,0.537797536745126,39,1,RAW_TANGENT_CORE_VALID,3.29896700288848,0.0765818440997252
RTC2L8_S05_B038,SC_B,8,18,14,7.89236751529986,10.0028118075694,1,K1_WHITE_SINGLE_TARGET_DML_CENTER_VALID,21,2,1.94109316500739,0.811443094023844,0.584431437519416,0.313344338781586,0.674803509090849,40,1,RAW_TANGENT_CORE_VALID,5.76283382877759,0.136655661218415
RTC2L8_S05_B039,SC_B,8,19,14,7.97287439116798,9.99866636105063,1,K1_WHITE_SINGLE_TARGET_DML_CENTER_VALID,21,2,1.94106732957837,0.847155437030197,0.531345147253812,0.230526513744536,0.747786488979584,40,1,RAW_TANGENT_CORE_VALID,2.09638613687883,0.219473486255466
RTC2L8_S05_B040,SC_B,8,20,14,7.83016671426665,9.87445183840612,1,K1_WHITE_SINGLE_TARGET_DML_CENTER_VALID,21,2,1.94131599200966,0.858971635619815,0.5120231725231,0.252520042713716,0.290814331856268,39,1,RAW_TANGENT_CORE_VALID,0.798686457082409,0.197479957286285
RTC2L8_S06_B001,SC_A,8,1,18,7.99256811132067,9.98583099562443,1,K1_WHITE_SINGLE_TARGET_DML_CENTER_VALID,21,2,1.94108211676395,0.878115437490704,0.47844882530999,0.437322101596323,0.776806152691568,39,1,RAW_TANGENT_CORE_VALID,1.41585872844899,0.0126778984036799
RTC2L8_S06_B002,SC_A,8,2,18,7.98455800718047,9.97740653800765,1,K1_WHITE_SINGLE_TARGET_DML_CENTER_VALID,21,2,1.94110102824304,0.88846490307812,0.458944567457102,0.194198419066337,0.773106604096499,41,1,RAW_TANGENT_CORE_VALID,2.68097668335358,0.255801580933664
RTC2L8_S06_B003,SC_A,8,3,18,7.99882693925387,10.0225882527086,1,K1_WHITE_SINGLE_TARGET_DML_CENTER_VALID,21,2,1.94100749474189,0.870813166406667,0.491614105994523,0.545153426272472,0.721752061741418,40,1,RAW_TANGENT_CORE_VALID,0.553272605333889,0.095153426272472
RTC2L8_S06_B004,SC_A,8,4,18,8.01562488291693,9.97662438922837,1,K1_WHITE_SINGLE_TARGET_DML_CENTER_VALID,21,2,1.94108741508429,0.870728909949905,0.491763322521566,0.366440302106729,0.718330876417188,39,1,RAW_TANGENT_CORE_VALID,0.543454321494787,0.0835596978932729
RTC2L8_S06_B005,SC_A,8,5,18,8.00945712312995,10.00081936257,1,K1_WHITE_SINGLE_TARGET_DML_CENTER_VALID,21,2,1.94104585390998,0.885305308959491,0.46501022561675,0.268498600624757,0.85667207496721,41,1,RAW_TANGENT_CORE_VALID,2.28911616447053,0.181501399375243
RTC2L8_S06_B006,SC_A,8,6,18,7.99542707845244,9.98803921092036,1,K1_WHITE_SINGLE_TARGET_DML_CENTER_VALID,21,2,1.9410767086363,0.857115165475061,0.515124832552905,0.478632309309409,0.730072398134865,41,1,RAW_TANGENT_CORE_VALID,1.00579933222121,0.0286323093094085
RTC2L8_S06_B007,SC_A,8,7,18,7.99812168464387,10.0079864162762,1,K1_WHITE_SINGLE_TARGET_DML_CENTER_VALID,21,2,1.94103738282368,0.866512611859399,0.499155179767377,0.334591317395011,0.76935426699664,40,1,RAW_TANGENT_CORE_VALID,0.0558771345948843,0.11540868260499
RTC2L8_S06_B008,SC_A,8,8,18,8.00921772089858,9.98922606218762,1,K1_WHITE_SINGLE_TARGET_DML_CENTER_VALID,21,2,1.94106783926636,0.861488059760918,0.507777828276668,0.617424322807435,0.745310455282482,40,1,RAW_TANGENT_CORE_VALID,0.515925035971459,0.167424322807435
RTC2L8_S06_B009,SC_A,8,9,18,8.0113242225133,10.0001646560553,1,K1_WHITE_SINGLE_TARGET_DML_CENTER_VALID,21,2,1.94104619495897,0.875914036129335,0.482467202317027,0.218182888187199,0.828389341223627,39,1,RAW_TANGENT_CORE_VALID,1.1533367541391,0.231817111812801
RTC2L8_S06_B010,SC_A,8,10,18,8.01757124904553,10.0124174775429,1,K1_WHITE_SINGLE_TARGET_DML_CENTER_VALID,21,2,1.9410190507185,0.85751420877524,0.514460281993251,0.0820683036911286,0.72924005612377,41,1,RAW_TANGENT_CORE_VALID,0.961386305118776,0.367931696308872
RTC2L8_S06_B011,SC_A,8,11,18,8.0250397420076,10.0194944633694,1,K1_WHITE_SINGLE_TARGET_DML_CENTER_VALID,21,2,1.94100095288367,0.915476118292616,0.402372311219204,0.519276996886485,0.897206550240443,40,1,RAW_TANGENT_CORE_VALID,6.27343288289334,0.0692769968864834
RTC2L8_S06_B012,SC_A,8,12,18,8.00424516986606,9.9794075932571,1,K1_WHITE_SINGLE_TARGET_DML_CENTER_VALID,21,2,1.94108807891799,0.888324637310882,0.459216004453775,0.163118213518838,0.781364723864528,39,1,RAW_TANGENT_CORE_VALID,2.66347073361935,0.286881786481163
RTC2L8_S06_B013,SC_A,8,13,18,7.99233502654293,10.0197270474879,1,K1_WHITE_SINGLE_TARGET_DML_CENTER_VALID,21,2,1.94101649987642,0.847989200609272,0.530013505158168,0.545973604515191,0.680257958552446,39,1,RAW_TANGENT_CORE_VALID,2.00636732135835,0.0959736045151895
RTC2L8_S06_B014,SC_A,8,14,18,7.99209023971287,9.97278710826611,1,K1_WHITE_SINGLE_TARGET_DML_CENTER_VALID,21,2,1.94110557124914,0.905934709352589,0.423417409172368,0.407247567671707,0.816154955006912,40,1,RAW_TANGENT_CORE_VALID,4.94946838277292,0.0427524323282943
RTC2L8_S06_B015,SC_A,8,15,18,8.00652323386803,10.0349022892652,1,K1_WHITE_SINGLE_TARGET_DML_CENTER_VALID,21,2,1.94097775347525,0.834297830090013,0.551314003728452,0.487871234873446,0.59892442280904,39,1,RAW_TANGENT_CORE_VALID,3.45720589426753,0.0378712348734452
RTC2L8_S06_B016,SC_A,8,16,18,8.01022259300123,9.99244691305762,1,K1_WHITE_SINGLE_TARGET_DML_CENTER_VALID,21,2,1.94106136181517,0.8261646279409,0.56342879544737,0.558322959098496,0.683127715915939,39,1,RAW_TANGENT_CORE_VALID,4.2932550510583,0.108322959098495
RTC2L8_S06_B017,SC_A,8,17,18,8.01355436430554,9.98751170928659,1,K1_WHITE_SINGLE_TARGET_DML_CENTER_VALID,21,2,1.94106885817108,0.918683410697457,0.394994672001139,0.593065203282407,0.949439182744471,41,1,RAW_TANGENT_CORE_VALID,6.73435823164015,0.143065203282405
RTC2L8_S06_B018,SC_A,8,18,18,8.00554463533601,10.0008801716532,1,K1_WHITE_SINGLE_TARGET_DML_CENTER_VALID,21,2,1.94104765051385,0.875745605561715,0.482772859986293,0.457983354099847,0.824900672139757,40,1,RAW_TANGENT_CORE_VALID,1.13334098118168,0.00798335409984546
RTC2L8_S06_B019,SC_A,8,19,18,7.9876293661301,9.99266568995109,1,K1_WHITE_SINGLE_TARGET_DML_CENTER_VALID,21,2,1.94107182821918,0.847452559306019,0.530871132880361,0.485642522559275,0.725847302737051,39,1,RAW_TANGENT_CORE_VALID,2.06433267982225,0.0356425225592729
RTC2L8_S06_B020,SC_A,8,20,18,7.99708478875688,10.0118541467475,1,K1_WHITE_SINGLE_TARGET_DML_CENTER_VALID,21,2,1.94103019297363,0.896053979619377,0.443945115536005,0.379948026526696,0.847608619481525,39,1,RAW_TANGENT_CORE_VALID,3.64413270311418,0.0700519734733052
RTC2L8_S06_B021,SC_B,8,1,18,7.94583626047165,9.97216395725202,1,K1_WHITE_SINGLE_TARGET_DML_CENTER_VALID,21,2,1.94112765400957,0.860492335610329,0.509463384705791,0.479835308783438,0.675863908655333,39,1,RAW_TANGENT_CORE_VALID,0.628092676131174,0.0298353087834367
RTC2L8_S06_B022,SC_B,8,2,18,7.93747848846609,9.96807335851704,1,K1_WHITE_SINGLE_TARGET_DML_CENTER_VALID,21,2,1.94113827784663,0.870102851672458,0.49287019336886,0.353103670026573,0.682018757791907,39,1,RAW_TANGENT_CORE_VALID,0.47059372592388,0.0968963299734286
RTC2L8_S06_B023,SC_B,8,3,18,7.9387973095461,9.96527031190248,1,K1_WHITE_SINGLE_TARGET_DML_CENTER_VALID,21,2,1.94114247817027,0.837487054454804,0.546457165403306,0.291671541971608,0.604879292892077,39,1,RAW_TANGENT_CORE_VALID,3.12429756677521,0.158328458028393
RTC2L8_S06_B024,SC_B,8,4,18,7.92278431311221,9.96313234895278,1,K1_WHITE_SINGLE_TARGET_DML_CENTER_VALID,21,2,1.94115278384656,0.873065153093923,0.487603566899469,0.517905296280213,0.669118767896191,39,1,RAW_TANGENT_CORE_VALID,0.81680768807068,0.0679052962802125
RTC2L8_S06_B025,SC_B,8,5,18,7.9496545744978,9.97642347872659,1,K1_WHITE_SINGLE_TARGET_DML_CENTER_VALID,21,2,1.94111854937784,0.847799305179381,0.530317205205865,0.371295095014224,0.665350763636296,40,1,RAW_TANGENT_CORE_VALID,2.02688961022358,0.0787049049857776
RTC2L8_S06_B026,SC_B,8,6,18,7.92253398601176,9.94902212184751,1,K1_WHITE_SINGLE_TARGET_DML_CENTER_VALID,21,2,1.94117592919239,0.819209520029576,0.573494343732274,0.513975200588603,0.519698663033633,39,1,RAW_TANGENT_CORE_VALID,4.99425821420232,0.0639752005886018
RTC2L8_S06_B027,SC_B,8,7,18,7.9367454983132,9.98049557762637,1,K1_WHITE_SINGLE_TARGET_DML_CENTER_VALID,21,2,1.94111687253183,0.853204990898711,0.521575731323392,0.492385849173447,0.69211647239949,39,1,RAW_TANGENT_CORE_VALID,1.43800790972603,0.0423858491734451
RTC2L8_S06_B028,SC_B,8,8,18,7.88467050109007,9.92502542348862,1,K1_WHITE_SINGLE_TARGET_DML_CENTER_VALID,21,2,1.94122743525144,0.855626004550262,0.517594571394788,0.266437438817768,0.483101757237177,39,1,RAW_TANGENT_CORE_VALID,1.17103797602634,0.183562561182234
RTC2L8_S06_B029,SC_B,8,9,18,7.82473172321056,9.88288632591002,1,K1_WHITE_SINGLE_TARGET_DML_CENTER_VALID,21,2,1.94130661191609,0.880741658112879,0.473597013994574,0.350028921047907,0.350028921047907,44,1,RAW_TANGENT_CORE_VALID,1.73195900397749,0.0999710789520947
RTC2L8_S06_B030,SC_B,8,10,18,7.97379964872261,9.94530026141877,1,K1_WHITE_SINGLE_TARGET_DML_CENTER_VALID,21,2,1.94115950074301,0.844819446378334,0.535051495672151,0.15103568316184,0.543126269505107,40,1,RAW_TANGENT_CORE_VALID,2.3474037899103,0.298964316838161
RTC2L8_S06_B031,SC_B,8,11,18,7.81743485897889,9.91804202171494,1,K1_WHITE_SINGLE_TARGET_DML_CENTER_VALID,21,2,1.94126069311174,0.873289332885925,0.487201951009698,0.210496083533699,0.484571219266691,40,1,RAW_TANGENT_CORE_VALID,0.843160751263954,0.239503916466303
RTC2L8_S06_B032,SC_B,8,12,18,7.94188366616202,9.97758336165493,1,K1_WHITE_SINGLE_TARGET_DML_CENTER_VALID,21,2,1.94111986277224,0.904507345000783,0.426458043469266,0.52869001904841,0.832829228452466,39,1,RAW_TANGENT_CORE_VALID,4.75701223866989,0.0786900190484077
RTC2L8_S06_B033,SC_B,8,13,18,7.93937228242583,9.95067124696474,1,K1_WHITE_SINGLE_TARGET_DML_CENTER_VALID,21,2,1.94116623995943,0.841378292640823,0.540446638136286,0.23182464706189,0.557580476342043,40,1,RAW_TANGENT_CORE_VALID,2.71404861579716,0.218175352938111
RTC2L8_S06_B034,SC_B,8,14,18,7.83790334911512,9.90690981582577,1,K1_WHITE_SINGLE_TARGET_DML_CENTER_VALID,21,2,1.94126980526901,0.887281868124736,0.461227586444132,0.463588124249031,0.463588124249031,45,1,RAW_TANGENT_CORE_VALID,2.53365018100143,0.0135881242490297
RTC2L8_S06_B035,SC_B,8,15,18,7.81712217238992,9.88036593717011,1,K1_WHITE_SINGLE_TARGET_DML_CENTER_VALID,21,2,1.94131234997511,0.88536330719008,0.464899789504625,0.00140437377895465,0.345734452819347,44,1,RAW_TANGENT_CORE_VALID,2.29626320834571,0.448595626221046
RTC2L8_S06_B036,SC_B,8,16,18,7.8320373209526,9.92235060447736,1,K1_WHITE_SINGLE_TARGET_DML_CENTER_VALID,21,2,1.94124981987522,0.885710530350588,0.464237930835127,0.23670753880414,0.527103006241887,39,1,RAW_TANGENT_CORE_VALID,2.33908661390411,0.213292461195863
RTC2L8_S06_B037,SC_B,8,17,18,7.90343532281013,9.95062950000207,1,K1_WHITE_SINGLE_TARGET_DML_CENTER_VALID,21,2,1.94118105094754,0.844470949989203,0.53560135793735,0.386466964725234,0.562468700909056,39,1,RAW_TANGENT_CORE_VALID,2.38470322174753,0.0635330352747676
RTC2L8_S06_B038,SC_B,8,18,18,7.91147643844564,9.98962344076457,1,K1_WHITE_SINGLE_TARGET_DML_CENTER_VALID,21,2,1.94111068218253,0.829461209998385,0.558564321370436,0.352638028508537,0.67896725053733,39,1,RAW_TANGENT_CORE_VALID,3.95656903691481,0.0973619714914641
RTC2L8_S06_B039,SC_B,8,19,18,7.96825806590214,9.9908339287435,1,K1_WHITE_SINGLE_TARGET_DML_CENTER_VALID,21,2,1.9410841943744,0.835703778792347,0.549180474991776,0.323631991606682,0.694977106556294,40,1,RAW_TANGENT_CORE_VALID,3.31080828012739,0.12636800839332
RTC2L8_S06_B040,SC_B,8,20,18,7.82128742434381,9.87844076773385,1,K1_WHITE_SINGLE_TARGET_DML_CENTER_VALID,21,2,1.94131358404787,0.861805840046028,0.507238301060321,0.208433140472389,0.309285665415562,39,1,RAW_TANGENT_CORE_VALID,0.480048820749774,0.241566859527613
RTC2L8_S07_B001,SC_A,8,1,22,7.9952495215334,9.99112532080645,1,K1_WHITE_SINGLE_TARGET_DML_CENTER_VALID,21,2,1.94107108571613,0.874330037528609,0.485331830272053,0.442159697679782,0.787606783174763,40,1,RAW_TANGENT_CORE_VALID,0.965784689131671,0.00784030232021871
RTC2L8_S07_B002,SC_A,8,2,22,7.99009882372392,9.98570986467759,1,K1_WHITE_SINGLE_TARGET_DML_CENTER_VALID,21,2,1.94108350928115,0.8801280664594,0.474736333800604,0.315135783435474,0.782370555844557,40,1,RAW_TANGENT_CORE_VALID,1.65781586166455,0.134864216564527
RTC2L8_S07_B003,SC_A,8,3,22,7.99925409568011,10.0143740514905,1,K1_WHITE_SINGLE_TARGET_DML_CENTER_VALID,21,2,1.9410240879876,0.870901092986099,0.491458326041608,0.510997256275657,0.755408703743446,39,1,RAW_TANGENT_CORE_VALID,0.563521742083923,0.0609972562756556
RTC2L8_S07_B004,SC_A,8,4,22,8.00987052094796,9.98520319015297,1,K1_WHITE_SINGLE_TARGET_DML_CENTER_VALID,21,2,1.94107489390514,0.87122770922023,0.490879087644677,0.398921482077528,0.754577633533357,40,1,RAW_TANGENT_CORE_VALID,0.601622156026881,0.0510785179224737
RTC2L8_S07_B005,SC_A,8,5,22,8.00591489087787,10.00063726709,1,K1_WHITE_SINGLE_TARGET_DML_CENTER_VALID,21,2,1.94104793767464,0.87831655090591,0.478079529372202,0.349456436751953,0.834014931247235,41,1,RAW_TANGENT_CORE_VALID,1.4399520021473,0.100543563248047
RTC2L8_S07_B006,SC_A,8,6,22,7.99715238314773,9.99240566208469,1,K1_WHITE_SINGLE_TARGET_DML_CENTER_VALID,21,2,1.94106778757846,0.860601531571552,0.509278905764512,0.467916020507017,0.755600359279959,40,1,RAW_TANGENT_CORE_VALID,0.615809947216046,0.0179160205070162
RTC2L8_S07_B007,SC_A,8,7,22,7.99884046834259,10.0049377138589,1,K1_WHITE_SINGLE_TARGET_DML_CENTER_VALID,21,2,1.941043025364,0.865232058970256,0.501371602835752,0.380141245100445,0.778114616136186,39,1,RAW_TANGENT_CORE_VALID,0.0907860776394746,0.069858754899556
RTC2L8_S07_B008,SC_A,8,8,22,8.00575305070327,9.99328636500361,1,K1_WHITE_SINGLE_TARGET_DML_CENTER_VALID,21,2,1.94106197935539,0.866157202147849,0.499771649023242,0.562220015363939,0.77349871839015,40,1,RAW_TANGENT_CORE_VALID,0.0151064294365602,0.112220015363937
RTC2L8_S07_B009,SC_A,8,9,22,8.00717919212137,10.0000557416959,1,K1_WHITE_SINGLE_TARGET_DML_CENTER_VALID,21,2,1.94104843833456,0.873722495272501,0.486424712833131,0.323362869476717,0.822097451174123,40,1,RAW_TANGENT_CORE_VALID,0.894142048055666,0.126637130523285
RTC2L8_S07_B010,SC_A,8,10,22,8.01112027132711,10.0078500569918,1,K1_WHITE_SINGLE_TARGET_DML_CENTER_VALID,21,2,1.9410313296076,0.862728764789714,0.505666963924296,0.283521735669259,0.759986143911712,40,1,RAW_TANGENT_CORE_VALID,0.375636927921014,0.166478264330742
RTC2L8_S07_B011,SC_A,8,11,22,8.01573351000593,10.0123583060739,1,K1_WHITE_SINGLE_TARGET_DML_CENTER_VALID,21,2,1.94102008336463,0.894984258018293,0.44609772236523,0.494699449931989,0.841258246875847,40,1,RAW_TANGENT_CORE_VALID,3.5064078636468,0.0446994499319887
RTC2L8_S07_B012,SC_A,8,12,22,8.00258381778038,9.9869388168806,1,K1_WHITE_SINGLE_TARGET_DML_CENTER_VALID,21,2,1.9410752822634,0.880805463758216,0.473478336372082,0.30039112057829,0.789640422888098,40,1,RAW_TANGENT_CORE_VALID,1.73967917994915,0.149608879421712
RTC2L8_S07_B013,SC_A,8,13,22,7.9952051077333,10.0124289713134,1,K1_WHITE_SINGLE_TARGET_DML_CENTER_VALID,21,2,1.94102994133316,0.857157019874951,0.515055184692955,0.51545984739453,0.72835313287217,39,1,RAW_TANGENT_CORE_VALID,1.00114367898399,0.0654598473945281
RTC2L8_S07_B014,SC_A,8,14,22,7.99492539047309,9.98280735718553,1,K1_WHITE_SINGLE_TARGET_DML_CENTER_VALID,21,2,1.94108647809154,0.8911647758871,0.453679779379791,0.429564683034367,0.805887171940713,41,1,RAW_TANGENT_CORE_VALID,3.01997896054328,0.0204353169656352
RTC2L8_S07_B015,SC_A,8,15,22,8.00401349973152,10.0219826955631,1,K1_WHITE_SINGLE_TARGET_DML_CENTER_VALID,21,2,1.94100624201049,0.846101235714248,0.533022231171292,0.470317118811452,0.667954520567443,39,1,RAW_TANGENT_CORE_VALID,2.20988316362797,0.0203171188114523
RTC2L8_S07_B016,SC_A,8,16,22,8.00651265740896,9.9951802942782,1,K1_WHITE_SINGLE_TARGET_DML_CENTER_VALID,21,2,1.94105804639133,0.841840421765624,0.539726508781509,0.51955254420844,0.723256282960189,39,1,RAW_TANGENT_CORE_VALID,2.6650230555877,0.0695525442084385
RTC2L8_S07_B017,SC_A,8,17,22,8.0084696512978,9.99221204632456,1,K1_WHITE_SINGLE_TARGET_DML_CENTER_VALID,21,2,1.94106266112035,0.897970798154735,0.440055048444338,0.541619566386302,0.87358182574685,40,1,RAW_TANGENT_CORE_VALID,3.89260650328016,0.0916195663862998
RTC2L8_S07_B018,SC_A,8,18,22,8.00375217502488,10.0008686778409,1,K1_WHITE_SINGLE_TARGET_DML_CENTER_VALID,21,2,1.94104854469864,0.875049303070873,0.484033797575314,0.454265832611534,0.822799247311365,39,1,RAW_TANGENT_CORE_VALID,1.05081116660128,0.00426583261153313
RTC2L8_S07_B019,SC_A,8,19,22,7.99219485767219,9.99566817405869,1,K1_WHITE_SINGLE_TARGET_DML_CENTER_VALID,21,2,1.94106402182665,0.854871607729742,0.518839603632535,0.474098451893189,0.754253039624436,40,1,RAW_TANGENT_CORE_VALID,1.2544465461065,0.0240984518931874
RTC2L8_S07_B020,SC_A,8,20,22,7.99812639112503,10.0074455514705,1,K1_WHITE_SINGLE_TARGET_DML_CENTER_VALID,21,2,1.94103844750605,0.886607231808028,0.462523098348294,0.406429827635503,0.832626302198362,39,1,RAW_TANGENT_CORE_VALID,2.44996135149876,0.043570172364499
RTC2L8_S07_B021,SC_B,8,1,22,7.9416529308874,9.96851729763954,1,K1_WHITE_SINGLE_TARGET_DML_CENTER_VALID,21,2,1.94113573681173,0.861720209422486,0.507383760750053,0.460181909329137,0.664259720848874,40,1,RAW_TANGENT_CORE_VALID,0.489719955449789,0.0101819093291364
RTC2L8_S07_B022,SC_B,8,2,22,7.9399623702437,9.96791104466732,1,K1_WHITE_SINGLE_TARGET_DML_CENTER_VALID,21,2,1.94113749638742,0.870121399642799,0.492837447728617,0.38383498888608,0.68140538200245,39,1,RAW_TANGENT_CORE_VALID,0.472749984788549,0.0661650111139223
RTC2L8_S07_B023,SC_B,8,3,22,7.9417082446345,9.96638511426539,1,K1_WHITE_SINGLE_TARGET_DML_CENTER_VALID,21,2,1.94113934567657,0.84622067442047,0.53283259114225,0.353410898218861,0.624530544983026,40,1,RAW_TANGENT_CORE_VALID,2.19704213949378,0.0965891017811398
RTC2L8_S07_B024,SC_B,8,4,22,7.92199621550923,9.95976420567646,1,K1_WHITE_SINGLE_TARGET_DML_CENTER_VALID,21,2,1.94115871883619,0.869582977565447,0.493786841793512,0.482205581254619,0.647097865533101,40,1,RAW_TANGENT_CORE_VALID,0.410214914661755,0.0322055812546188
RTC2L8_S07_B025,SC_B,8,5,22,7.95346398418189,9.97652004315796,1,K1_WHITE_SINGLE_TARGET_DML_CENTER_VALID,21,2,1.94111671088489,0.858275309343573,0.513189529678066,0.400458865682487,0.687933143408811,39,1,RAW_TANGENT_CORE_VALID,0.876517234192695,0.0495411343175135
RTC2L8_S07_B026,SC_B,8,6,22,7.92321424779862,9.95170077081323,1,K1_WHITE_SINGLE_TARGET_DML_CENTER_VALID,21,2,1.94117136721535,0.840462062070849,0.541870392455258,0.478503708207487,0.559915333723462,39,1,RAW_TANGENT_CORE_VALID,2.81105555682531,0.0285037082074855
RTC2L8_S07_B027,SC_B,8,7,22,7.93523090777284,9.97304858573375,1,K1_WHITE_SINGLE_TARGET_DML_CENTER_VALID,21,2,1.9411306542919,0.856875651710298,0.515523149340601,0.467315713404945,0.671351367848745,39,1,RAW_TANGENT_CORE_VALID,1.03242942872438,0.0173157134049436
RTC2L8_S07_B028,SC_B,8,8,22,7.88900308568284,9.93027428070224,1,K1_WHITE_SINGLE_TARGET_DML_CENTER_VALID,21,2,1.941218047218,0.859354300426302,0.511380666762853,0.314813160555911,0.509500218406392,39,1,RAW_TANGENT_CORE_VALID,0.755839095139527,0.135186839444089
RTC2L8_S07_B029,SC_B,8,9,22,7.81830132462617,9.88478125693264,1,K1_WHITE_SINGLE_TARGET_DML_CENTER_VALID,21,2,1.94130613017357,0.876477709919491,0.48144244101895,0.295176329871988,0.352196855570964,39,1,RAW_TANGENT_CORE_VALID,1.22034744490265,0.154823670128012
RTC2L8_S07_B030,SC_B,8,10,22,7.96851721896568,9.95693480483162,1,K1_WHITE_SINGLE_TARGET_DML_CENTER_VALID,21,2,1.94114326535455,0.863893242719167,0.503674959854232,0.286290740432978,0.623159050340878,39,1,RAW_TANGENT_CORE_VALID,0.243432687672974,0.163709259567022
RTC2L8_S07_B031,SC_B,8,11,22,7.81722272882659,9.90873979061994,1,K1_WHITE_SINGLE_TARGET_DML_CENTER_VALID,21,2,1.94127391301823,0.871174367311577,0.490973748523557,0.191520518297447,0.442955620119978,40,1,RAW_TANGENT_CORE_VALID,0.595396648248148,0.258479481702554
RTC2L8_S07_B032,SC_B,8,12,22,7.94470945396529,9.97503533160726,1,K1_WHITE_SINGLE_TARGET_DML_CENTER_VALID,21,2,1.94112313473278,0.891215058983846,0.453580994575853,0.495659252669474,0.771793058793988,39,1,RAW_TANGENT_CORE_VALID,3.02632996634909,0.0456592526694718
RTC2L8_S07_B033,SC_B,8,13,22,7.93310250383027,9.95223788647962,1,K1_WHITE_SINGLE_TARGET_DML_CENTER_VALID,21,2,1.94116638451953,0.851443057550795,0.524447060959019,0.311986466656454,0.580565314642943,40,1,RAW_TANGENT_CORE_VALID,1.63102712477449,0.138013533343548
RTC2L8_S07_B034,SC_B,8,14,22,7.83990778563189,9.90832069981346,1,K1_WHITE_SINGLE_TARGET_DML_CENTER_VALID,21,2,1.94126717473627,0.88151601220169,0.47215412762363,0.427688719148102,0.458836187067297,39,1,RAW_TANGENT_CORE_VALID,1.82578328664758,0.0223112808518994
RTC2L8_S07_B035,SC_B,8,15,22,7.81228445441135,9.88289319859119,1,K1_WHITE_SINGLE_TARGET_DML_CENTER_VALID,21,2,1.94131050247201,0.878798983526366,0.477192148461211,0.001,0.347420630697706,43,1,RAW_TANGENT_CORE_VALID,1.4978231843758,0.449
RTC2L8_S07_B036,SC_B,8,16,22,7.84021379070062,9.92022627071053,1,K1_WHITE_SINGLE_TARGET_DML_CENTER_VALID,21,2,1.94125019595334,0.879010323918722,0.476802737454709,0.263898018897058,0.50430193145418,39,1,RAW_TANGENT_CORE_VALID,1.52320888094909,0.186101981102944
RTC2L8_S07_B037,SC_B,8,17,22,7.91114971374082,9.95267566210709,1,K1_WHITE_SINGLE_TARGET_DML_CENTER_VALID,21,2,1.9411747005622,0.851995292793715,0.523549444711149,0.396420815588681,0.583233020870939,39,1,RAW_TANGENT_CORE_VALID,1.57064382078824,0.0535791844113203
RTC2L8_S07_B038,SC_B,8,18,22,7.9234203790931,9.98140051097403,1,K1_WHITE_SINGLE_TARGET_DML_CENTER_VALID,21,2,1.94112082076795,0.841656869480122,0.540012698051557,0.379996980101574,0.671837946139237,40,1,RAW_TANGENT_CORE_VALID,2.6845032617549,0.0700030198984271
RTC2L8_S07_B039,SC_B,8,19,22,7.96528576047569,9.98574498959973,1,K1_WHITE_SINGLE_TARGET_DML_CENTER_VALID,21,2,1.94109490682973,0.839827559060856,0.542853268427008,0.368706718945258,0.684328530020466,40,1,RAW_TANGENT_CORE_VALID,2.87808523770296,0.0812932810547444
RTC2L8_S07_B040,SC_B,8,20,22,7.81577662737368,9.88145617806173,1,K1_WHITE_SINGLE_TARGET_DML_CENTER_VALID,21,2,1.94131132695562,0.864274341138241,0.503020738389642,0.175583367730689,0.323868070817511,39,1,RAW_TANGENT_CORE_VALID,0.200052488499272,0.274416632269312
