domain,method_id,profile_id,nominal_snr_db,fit_status,elevation_status,conditional_status,total,applicable,valid,structural_na,algorithmic_invalid,valid_rate,localization_success_count,resolution_success_count,rho_lower_bound_hit_count,localization_success_rate,resolution_success_rate,median_d_max_bw,P90_d_max_bw,median_joint_RMSE_deg,P90_joint_RMSE_deg,median_axis_error_deg,P90_axis_error_deg,median_rho_error_deg,P90_rho_error_deg,runtime_total_sec,runtime_median_sec,runtime_P90_sec,score_call_count,SVD_call_count,eig_call_count,failure_reasons
BEAMSPACE,BEAMSPACE_MUSIC_K2,SC_A,-6,MUSIC_FEWER_THAN_TWO_PEAKS,NOT_A_STAGE,NOT_A_STAGE,20,20,0,0,20,0,0,0,0,0,0,NaN,NaN,NaN,NaN,NaN,NaN,NaN,NaN,0.852501807142857,0.0413328603571429,0.0473492603571429,390420,0,20,"{""reason"":""MUSIC_FEWER_THAN_TWO_PEAKS"",""count"":20}"
BEAMSPACE,BEAMSPACE_MUSIC_K2,SC_A,0,MUSIC_FEWER_THAN_TWO_PEAKS,NOT_A_STAGE,NOT_A_STAGE,20,20,0,0,20,0,0,0,0,0,0,NaN,NaN,NaN,NaN,NaN,NaN,NaN,NaN,0.812782307142857,0.0404326103571429,0.0418061103571429,390420,0,20,"{""reason"":""MUSIC_FEWER_THAN_TWO_PEAKS"",""count"":20}"
BEAMSPACE,BEAMSPACE_MUSIC_K2,SC_A,6,MUSIC_FEWER_THAN_TWO_PEAKS,NOT_A_STAGE,NOT_A_STAGE,20,20,0,0,20,0,0,0,0,0,0,NaN,NaN,NaN,NaN,NaN,NaN,NaN,NaN,0.816961607142857,0.0406721103571429,0.0416524603571429,390420,0,20,"{""reason"":""MUSIC_FEWER_THAN_TWO_PEAKS"",""count"":20}"
BEAMSPACE,BEAMSPACE_MUSIC_K2,SC_A,10,MUSIC_FEWER_THAN_TWO_PEAKS,NOT_A_STAGE,NOT_A_STAGE,20,20,0,0,20,0,0,0,0,0,0,NaN,NaN,NaN,NaN,NaN,NaN,NaN,NaN,0.812486107142857,0.0404935103571429,0.0414638103571429,390420,0,20,"{""reason"":""MUSIC_FEWER_THAN_TWO_PEAKS"",""count"":20}"
BEAMSPACE,BEAMSPACE_MUSIC_K2,SC_A,14,MUSIC_FEWER_THAN_TWO_PEAKS,NOT_A_STAGE,NOT_A_STAGE,20,20,0,0,20,0,0,0,0,0,0,NaN,NaN,NaN,NaN,NaN,NaN,NaN,NaN,0.809979707142857,0.0403212103571429,0.0413090603571429,390420,0,20,"{""reason"":""MUSIC_FEWER_THAN_TWO_PEAKS"",""count"":20}"
BEAMSPACE,BEAMSPACE_MUSIC_K2,SC_A,18,MUSIC_FEWER_THAN_TWO_PEAKS,NOT_A_STAGE,NOT_A_STAGE,20,20,0,0,20,0,0,0,0,0,0,NaN,NaN,NaN,NaN,NaN,NaN,NaN,NaN,0.819953307142857,0.0408269603571429,0.0429469103571429,390420,0,20,"{""reason"":""MUSIC_FEWER_THAN_TWO_PEAKS"",""count"":20}"
BEAMSPACE,BEAMSPACE_MUSIC_K2,SC_A,22,MUSIC_FEWER_THAN_TWO_PEAKS,NOT_A_STAGE,NOT_A_STAGE,8,8,0,0,8,0,0,0,0,0,0,NaN,NaN,NaN,NaN,NaN,NaN,NaN,NaN,0.324523782857143,0.0404810103571429,0.0417662003571429,156168,0,8,"{""reason"":""MUSIC_FEWER_THAN_TWO_PEAKS"",""count"":8}"
BEAMSPACE,BEAMSPACE_MUSIC_K2,SC_A,22,MUSIC_K2_VALID,NOT_A_STAGE,NOT_A_STAGE,12,12,12,0,0,1,5,0,0,0.416666666666667,0,0.105308443733666,0.136911515974033,0.228505885936512,0.262237400892276,3.43494882292318,3.43494882292637,0.438819660112503,0.438819660112503,0.493272124285714,0.0407401103571429,0.0429424103571429,234252,0,12,"{""reason"":[],""count"":[]}"
BEAMSPACE,BEAMSPACE_MUSIC_K2,SC_B,-6,MUSIC_FEWER_THAN_TWO_PEAKS,NOT_A_STAGE,NOT_A_STAGE,20,20,0,0,20,0,0,0,0,0,0,NaN,NaN,NaN,NaN,NaN,NaN,NaN,NaN,0.814985507142857,0.0407449603571429,0.0414411103571429,390420,0,20,"{""reason"":""MUSIC_FEWER_THAN_TWO_PEAKS"",""count"":20}"
BEAMSPACE,BEAMSPACE_MUSIC_K2,SC_B,0,MUSIC_FEWER_THAN_TWO_PEAKS,NOT_A_STAGE,NOT_A_STAGE,20,20,0,0,20,0,0,0,0,0,0,NaN,NaN,NaN,NaN,NaN,NaN,NaN,NaN,0.841284907142857,0.0407178103571429,0.0425275603571429,390420,0,20,"{""reason"":""MUSIC_FEWER_THAN_TWO_PEAKS"",""count"":20}"
BEAMSPACE,BEAMSPACE_MUSIC_K2,SC_B,6,MUSIC_FEWER_THAN_TWO_PEAKS,NOT_A_STAGE,NOT_A_STAGE,20,20,0,0,20,0,0,0,0,0,0,NaN,NaN,NaN,NaN,NaN,NaN,NaN,NaN,0.816957707142857,0.0406516603571429,0.0414125603571429,390420,0,20,"{""reason"":""MUSIC_FEWER_THAN_TWO_PEAKS"",""count"":20}"
BEAMSPACE,BEAMSPACE_MUSIC_K2,SC_B,10,MUSIC_FEWER_THAN_TWO_PEAKS,NOT_A_STAGE,NOT_A_STAGE,20,20,0,0,20,0,0,0,0,0,0,NaN,NaN,NaN,NaN,NaN,NaN,NaN,NaN,0.811533907142857,0.0404598103571429,0.0413300603571429,390420,0,20,"{""reason"":""MUSIC_FEWER_THAN_TWO_PEAKS"",""count"":20}"
BEAMSPACE,BEAMSPACE_MUSIC_K2,SC_B,14,MUSIC_FEWER_THAN_TWO_PEAKS,NOT_A_STAGE,NOT_A_STAGE,19,19,0,0,19,0,0,0,0,0,0,NaN,NaN,NaN,NaN,NaN,NaN,NaN,NaN,0.772689746785714,0.0405535603571429,0.0416113203571429,370899,0,19,"{""reason"":""MUSIC_FEWER_THAN_TWO_PEAKS"",""count"":19}"
BEAMSPACE,BEAMSPACE_MUSIC_K2,SC_B,14,MUSIC_K2_VALID,NOT_A_STAGE,NOT_A_STAGE,1,1,1,0,0,1,0,0,0,0,0,0.12461430645746,0.12461430645746,0.244287623185223,0.244287623185223,3.43494882292637,3.43494882292637,0.438819660112503,0.438819660112503,0.0483336603571429,0.0483336603571429,0.0483336603571429,19521,0,1,"{""reason"":[],""count"":[]}"
BEAMSPACE,BEAMSPACE_MUSIC_K2,SC_B,18,MUSIC_FEWER_THAN_TWO_PEAKS,NOT_A_STAGE,NOT_A_STAGE,18,18,0,0,18,0,0,0,0,0,0,NaN,NaN,NaN,NaN,NaN,NaN,NaN,NaN,0.730185986428571,0.0401877603571429,0.0419620803571429,351378,0,18,"{""reason"":""MUSIC_FEWER_THAN_TWO_PEAKS"",""count"":18}"
BEAMSPACE,BEAMSPACE_MUSIC_K2,SC_B,18,MUSIC_K2_VALID,NOT_A_STAGE,NOT_A_STAGE,2,2,2,0,0,1,0,0,0,0,0,0.129058137738224,0.145398470453895,0.253194715213935,0.273041101011341,3.43494882292228,3.43494882292637,0.438819660112503,0.438819660112503,0.0828671207142857,0.0414335603571429,0.0423605603571429,39042,0,2,"{""reason"":[],""count"":[]}"
BEAMSPACE,BEAMSPACE_MUSIC_K2,SC_B,22,MUSIC_FEWER_THAN_TWO_PEAKS,NOT_A_STAGE,NOT_A_STAGE,15,15,0,0,15,0,0,0,0,0,0,NaN,NaN,NaN,NaN,NaN,NaN,NaN,NaN,0.611655305357143,0.0405436603571429,0.0422462603571429,292815,0,15,"{""reason"":""MUSIC_FEWER_THAN_TWO_PEAKS"",""count"":15}"
BEAMSPACE,BEAMSPACE_MUSIC_K2,SC_B,22,MUSIC_K2_VALID,NOT_A_STAGE,NOT_A_STAGE,5,5,5,0,0,1,4,3,0,0.8,0.6,0.0552417511232426,0.123646302342987,0.103373454218795,0.244798780310453,0.751173663453779,3.43494882291819,0.172151120211005,0.438819660112502,0.211671901785714,0.0408528603571429,0.0451776603571429,97605,0,5,"{""reason"":[],""count"":[]}"
BEAMSPACE,FULL4D_BEAMSPACE_CML_MULTISTART,SC_A,-6,FULL4D_CML_VALID,NOT_A_STAGE,NOT_A_STAGE,20,20,20,0,0,1,5,2,0,0.25,0.1,0.172332654039073,0.287704187699844,0.35068321296358,0.586036238863643,28.553434022434,68.5858154822639,0.207985034246566,0.383874422710692,44.4032399,1.84622355,4.120274,48174,96348,0,"{""reason"":[],""count"":[]}"
BEAMSPACE,FULL4D_BEAMSPACE_CML_MULTISTART,SC_A,0,FULL4D_CML_VALID,NOT_A_STAGE,NOT_A_STAGE,20,20,20,0,0,1,5,2,0,0.25,0.1,0.119008799386882,0.28970984515438,0.248799268540724,0.608132142998658,23.8264020215279,64.3434727314636,0.208771947313941,0.384092827892034,46.4859929,2.0145321,4.1750589,55616,111232,0,"{""reason"":[],""count"":[]}"
BEAMSPACE,FULL4D_BEAMSPACE_CML_MULTISTART,SC_A,6,FULL4D_CML_VALID,NOT_A_STAGE,NOT_A_STAGE,20,20,20,0,0,1,11,7,0,0.55,0.35,0.0886990763980121,0.164422607037958,0.225425088588388,0.362068745309974,10.9834120757797,30.4974022341478,0.147635376296862,0.356294639053444,63.0121554,3.70666425,4.16015005,75759,151518,0,"{""reason"":[],""count"":[]}"
BEAMSPACE,FULL4D_BEAMSPACE_CML_MULTISTART,SC_A,10,FULL4D_CML_VALID,NOT_A_STAGE,NOT_A_STAGE,20,20,20,0,0,1,15,11,0,0.75,0.55,0.0639163801894062,0.146158816603169,0.141165733142754,0.275318535333178,5.73369959461773,15.6937107599459,0.168357553460585,0.328812487949422,69.1228256,3.86085965,4.1019793,83242,166484,0,"{""reason"":[],""count"":[]}"
BEAMSPACE,FULL4D_BEAMSPACE_CML_MULTISTART,SC_A,14,FULL4D_CML_VALID,NOT_A_STAGE,NOT_A_STAGE,20,20,20,0,0,1,19,16,0,0.95,0.8,0.0528581289826437,0.077435962788817,0.109512499625253,0.146829534812254,3.40549373614288,8.96867339929491,0.10805884277216,0.209895778866688,76.1095186,4.0012911,4.1065414,91423,182846,0,"{""reason"":[],""count"":[]}"
BEAMSPACE,FULL4D_BEAMSPACE_CML_MULTISTART,SC_A,18,FULL4D_CML_VALID,NOT_A_STAGE,NOT_A_STAGE,20,20,20,0,0,1,20,20,0,1,1,0.0352369217715515,0.0546246723090885,0.0705879042179465,0.114398227178624,2.05158294394034,5.08805658762764,0.0702683270033586,0.148663322515801,76.8251126,3.96939885,4.1160297,92395,184790,0,"{""reason"":[],""count"":[]}"
BEAMSPACE,FULL4D_BEAMSPACE_CML_MULTISTART,SC_A,22,FULL4D_CML_VALID,NOT_A_STAGE,NOT_A_STAGE,20,20,20,0,0,1,20,20,0,1,1,0.0217541094403307,0.0383005596626562,0.0430871780550912,0.0750363666896061,1.27983978001202,3.07739641939492,0.0523498005024411,0.0989111369659438,76.6235273,3.9397741,4.0539045,92976,185952,0,"{""reason"":[],""count"":[]}"
BEAMSPACE,FULL4D_BEAMSPACE_CML_MULTISTART,SC_B,-6,FULL4D_CML_VALID,NOT_A_STAGE,NOT_A_STAGE,20,20,20,0,0,1,1,0,0,0.05,0,0.184919132440906,0.25029472572595,0.433868374866122,0.563136366788139,52.887301002511,82.4044253040339,0.239173407615642,0.368690848084943,33.2643285,1.5079027,3.12659295,38925,77850,0,"{""reason"":[],""count"":[]}"
BEAMSPACE,FULL4D_BEAMSPACE_CML_MULTISTART,SC_B,0,FULL4D_CML_VALID,NOT_A_STAGE,NOT_A_STAGE,20,20,20,0,0,1,2,0,0,0.1,0,0.164349347492642,0.217331705288978,0.341495712656229,0.507779711861691,36.8936183010003,78.604884827623,0.253827662240862,0.458118377743591,48.3062759,2.24424075,3.8654335,56039,112078,0,"{""reason"":[],""count"":[]}"
BEAMSPACE,FULL4D_BEAMSPACE_CML_MULTISTART,SC_B,6,FULL4D_CML_VALID,NOT_A_STAGE,NOT_A_STAGE,20,20,20,0,0,1,8,1,0,0.4,0.05,0.104490598736696,0.163818491937361,0.234419882855734,0.292103661352196,13.7362959591452,46.1292042411444,0.238584328660572,0.393128422948097,69.8623034,3.6493214,4.3485546,84458,168916,0,"{""reason"":[],""count"":[]}"
BEAMSPACE,FULL4D_BEAMSPACE_CML_MULTISTART,SC_B,10,FULL4D_CML_VALID,NOT_A_STAGE,NOT_A_STAGE,20,20,20,0,0,1,16,10,0,0.8,0.5,0.0679143496285296,0.12294552460428,0.147907808205817,0.236091471603737,4.28025941714482,13.0953207011677,0.138699411556601,0.310119477460324,75.0860953,3.79005725,4.3381202,90492,180984,0,"{""reason"":[],""count"":[]}"
BEAMSPACE,FULL4D_BEAMSPACE_CML_MULTISTART,SC_B,14,FULL4D_CML_VALID,NOT_A_STAGE,NOT_A_STAGE,20,20,20,0,0,1,20,14,0,1,0.7,0.0464882394074473,0.0851823209801461,0.0968072891789526,0.175849490517997,3.08154439438232,8.23954145066331,0.0852804351883985,0.210954811937906,78.7568145,4.037017,4.28579905,93802,187604,0,"{""reason"":[],""count"":[]}"
BEAMSPACE,FULL4D_BEAMSPACE_CML_MULTISTART,SC_B,18,FULL4D_CML_VALID,NOT_A_STAGE,NOT_A_STAGE,20,20,20,0,0,1,20,19,0,1,0.95,0.0331393594793418,0.0650547559950639,0.0703104392449878,0.139727163971757,1.84222336776199,5.28610579233208,0.0613989091165427,0.159906242747611,76.9149399,4.00455735,4.07398005,92610,185220,0,"{""reason"":[],""count"":[]}"
BEAMSPACE,FULL4D_BEAMSPACE_CML_MULTISTART,SC_B,22,FULL4D_CML_VALID,NOT_A_STAGE,NOT_A_STAGE,20,20,20,0,0,1,20,20,0,1,1,0.0163681392317356,0.0482664170897783,0.0401472370318573,0.102107834625435,1.11230459174255,3.41049846498837,0.0430744891125239,0.121793002741212,77.6555371,3.995009,4.07493305,94272,188544,0,"{""reason"":[],""count"":[]}"
BEAMSPACE,TANGENT_PROFILE_CORE,SC_A,-6,RAW_TANGENT_CORE_VALID,NOT_A_STAGE,NOT_A_STAGE,5,5,5,0,0,1,1,0,2,0.2,0,0.143995047628909,0.185178367443296,0.284201281914408,0.360801405199474,29.6427827447169,45.1644081911459,0.448816242094968,0.449000000000002,0.6126905,0.1177227,0.1525384,953,1911,10,"{""reason"":[],""count"":[]}"
BEAMSPACE,TANGENT_PROFILE_CORE,SC_A,-6,TANGENT_PROFILE_NO_FEASIBLE_SCALE,NOT_A_STAGE,NOT_A_STAGE,15,15,0,0,15,0,0,0,0,0,0,NaN,NaN,NaN,NaN,NaN,NaN,NaN,NaN,1.2230949,0.0539315,0.0928384,1684,3383,30,"{""reason"":""TANGENT_PROFILE_NO_FEASIBLE_SCALE"",""count"":15}"
BEAMSPACE,TANGENT_PROFILE_CORE,SC_A,0,RAW_TANGENT_CORE_VALID,NOT_A_STAGE,NOT_A_STAGE,18,18,18,0,0,1,8,3,6,0.444444444444444,0.166666666666667,0.100405819391175,0.141606965870685,0.244236948517082,0.295453039838156,24.9197553853378,71.2711715696679,0.353548597941391,0.449000000000001,1.7546749,0.09704145,0.1080074,3352,6722,36,"{""reason"":[],""count"":[]}"
BEAMSPACE,TANGENT_PROFILE_CORE,SC_A,0,TANGENT_PROFILE_NO_FEASIBLE_SCALE,NOT_A_STAGE,NOT_A_STAGE,2,2,0,0,2,0,0,0,0,0,0,NaN,NaN,NaN,NaN,NaN,NaN,NaN,NaN,0.1056746,0.0528373,0.0532192,224,450,4,"{""reason"":""TANGENT_PROFILE_NO_FEASIBLE_SCALE"",""count"":2}"
BEAMSPACE,TANGENT_PROFILE_CORE,SC_A,6,RAW_TANGENT_CORE_VALID,NOT_A_STAGE,NOT_A_STAGE,20,20,20,0,0,1,14,8,8,0.7,0.4,0.085024214506433,0.118481615416416,0.21472807134576,0.254222863614259,10.0126178776935,32.7281870857598,0.313613543774769,0.449000000000002,1.9000692,0.0948859,0.10416895,3565,7150,40,"{""reason"":[],""count"":[]}"
BEAMSPACE,TANGENT_PROFILE_CORE,SC_A,10,RAW_TANGENT_CORE_VALID,NOT_A_STAGE,NOT_A_STAGE,20,20,20,0,0,1,18,12,5,0.9,0.6,0.0457661001366343,0.099519711973838,0.117882162109137,0.23056067543633,6.39814146115176,17.2682359191664,0.150072207709191,0.449000000000001,1.8836897,0.09489685,0.1000557,3581,7182,40,"{""reason"":[],""count"":[]}"
BEAMSPACE,TANGENT_PROFILE_CORE,SC_A,14,RAW_TANGENT_CORE_VALID,NOT_A_STAGE,NOT_A_STAGE,20,20,20,0,0,1,20,15,4,1,0.75,0.03324757553206,0.0940940660017268,0.0858133979214563,0.226950459569488,3.5155793994301,10.119262926384,0.143377361133045,0.449000000000001,1.8247995,0.09420615,0.09628215,3475,6970,40,"{""reason"":[],""count"":[]}"
BEAMSPACE,TANGENT_PROFILE_CORE,SC_A,18,RAW_TANGENT_CORE_VALID,NOT_A_STAGE,NOT_A_STAGE,20,20,20,0,0,1,20,19,0,1,0.95,0.0210472093425697,0.0554361381660212,0.053535832133266,0.138044394443459,2.0353500005903,5.61145063283313,0.0955635153938307,0.271341683707414,1.8576298,0.09377725,0.1015834,3478,6976,40,"{""reason"":[],""count"":[]}"
BEAMSPACE,TANGENT_PROFILE_CORE,SC_A,22,RAW_TANGENT_CORE_VALID,NOT_A_STAGE,NOT_A_STAGE,20,20,20,0,0,1,20,20,0,1,1,0.013331056753971,0.0295206465871717,0.034551993378872,0.0730173661512976,1.15262885635389,3.26319341209504,0.0632285518350919,0.142236547993119,1.8274395,0.09249105,0.1010535,3478,6976,40,"{""reason"":[],""count"":[]}"
BEAMSPACE,TANGENT_PROFILE_CORE,SC_B,-6,RAW_TANGENT_CORE_VALID,NOT_A_STAGE,NOT_A_STAGE,11,11,11,0,0,1,1,1,5,0.0909090909090909,0.0909090909090909,0.128159172398331,0.243224759098389,0.27668704200562,0.499262753610615,62.2064526797914,82.4528968883256,0.448821572809645,0.449000000000002,1.0821288,0.0993277,0.11382292,2029,4069,22,"{""reason"":[],""count"":[]}"
BEAMSPACE,TANGENT_PROFILE_CORE,SC_B,-6,TANGENT_PROFILE_NO_FEASIBLE_SCALE,NOT_A_STAGE,NOT_A_STAGE,9,9,0,0,9,0,0,0,0,0,0,NaN,NaN,NaN,NaN,NaN,NaN,NaN,NaN,0.4664914,0.0518008,0.05358528,1009,2027,18,"{""reason"":""TANGENT_PROFILE_NO_FEASIBLE_SCALE"",""count"":9}"
BEAMSPACE,TANGENT_PROFILE_CORE,SC_B,0,RAW_TANGENT_CORE_VALID,NOT_A_STAGE,NOT_A_STAGE,19,19,19,0,0,1,6,2,6,0.315789473684211,0.105263157894737,0.125370504160882,0.185060846623374,0.260543858896653,0.351915480137984,39.5897057030261,76.0718662621959,0.332146567705501,0.449000000000001,1.8890439,0.0992077,0.11175818,3512,7043,38,"{""reason"":[],""count"":[]}"
BEAMSPACE,TANGENT_PROFILE_CORE,SC_B,0,TANGENT_PROFILE_NO_FEASIBLE_SCALE,NOT_A_STAGE,NOT_A_STAGE,1,1,0,0,1,0,0,0,0,0,0,NaN,NaN,NaN,NaN,NaN,NaN,NaN,NaN,0.0812194,0.0812194,0.0812194,112,225,2,"{""reason"":""TANGENT_PROFILE_NO_FEASIBLE_SCALE"",""count"":1}"
BEAMSPACE,TANGENT_PROFILE_CORE,SC_B,6,RAW_TANGENT_CORE_VALID,NOT_A_STAGE,NOT_A_STAGE,20,20,20,0,0,1,11,1,8,0.55,0.05,0.0968434332438279,0.154354194126289,0.217650134546983,0.297242075722213,13.5447444918979,38.1253185332461,0.286832356391258,0.449000000000002,1.8600416,0.09409145,0.09892355,3590,7200,40,"{""reason"":[],""count"":[]}"
BEAMSPACE,TANGENT_PROFILE_CORE,SC_B,10,RAW_TANGENT_CORE_VALID,NOT_A_STAGE,NOT_A_STAGE,20,20,20,0,0,1,12,4,4,0.6,0.2,0.0905168873978687,0.151965866255497,0.199473991012536,0.292083497931586,4.79409459457274,13.2489566504844,0.192347623233457,0.449000000000001,1.9111108,0.09674155,0.0987704,3614,7248,40,"{""reason"":[],""count"":[]}"
BEAMSPACE,TANGENT_PROFILE_CORE,SC_B,14,RAW_TANGENT_CORE_VALID,NOT_A_STAGE,NOT_A_STAGE,20,20,20,0,0,1,13,9,1,0.65,0.45,0.0734757236434178,0.119740433425587,0.150815513002522,0.236779357755536,3.34360586734695,7.21438656643772,0.146954353935782,0.448583605095161,1.8740546,0.0939252,0.1012496,3558,7136,40,"{""reason"":[],""count"":[]}"
BEAMSPACE,TANGENT_PROFILE_CORE,SC_B,18,RAW_TANGENT_CORE_VALID,NOT_A_STAGE,NOT_A_STAGE,20,20,20,0,0,1,16,11,0,0.8,0.55,0.0564868301759549,0.123635294143715,0.10986079846229,0.240410669203681,2.31767491112491,4.35679063779235,0.0986665252217794,0.270265588182887,1.8699954,0.09271575,0.09628845,3611,7242,40,"{""reason"":[],""count"":[]}"
BEAMSPACE,TANGENT_PROFILE_CORE,SC_B,22,RAW_TANGENT_CORE_VALID,NOT_A_STAGE,NOT_A_STAGE,20,20,20,0,0,1,15,13,1,0.75,0.65,0.0466456655004007,0.129847114484487,0.0951174749561066,0.250118233496868,1.35908531463923,2.84457039726413,0.0756481504765858,0.266448056985933,1.8561429,0.09326635,0.0967375,3602,7224,40,"{""reason"":[],""count"":[]}"
ELEMENT,ELEMENT_VERTICAL_FBSS_ROOT_MUSIC_AZ_CML,SC_A,-6,ROOT_MUSIC_FEWER_THAN_TWO_DISTINCT_ELEVATIONS,ROOT_MUSIC_FEWER_THAN_TWO_DISTINCT_ELEVATIONS,NOT_RUN_INVALID_ELEVATION,20,20,0,0,20,0,0,0,0,0,0,NaN,NaN,NaN,NaN,NaN,NaN,NaN,NaN,0.1565401,0.00218265,0.00863985,1220,0,20,"{""reason"":""ROOT_MUSIC_FEWER_THAN_TWO_DISTINCT_ELEVATIONS"",""count"":20}"
ELEMENT,ELEMENT_VERTICAL_FBSS_ROOT_MUSIC_AZ_CML,SC_A,0,ROOT_MUSIC_FEWER_THAN_TWO_DISTINCT_ELEVATIONS,ROOT_MUSIC_FEWER_THAN_TWO_DISTINCT_ELEVATIONS,NOT_RUN_INVALID_ELEVATION,20,20,0,0,20,0,0,0,0,0,0,NaN,NaN,NaN,NaN,NaN,NaN,NaN,NaN,0.0401845,0.00196915,0.0022178,1220,0,20,"{""reason"":""ROOT_MUSIC_FEWER_THAN_TWO_DISTINCT_ELEVATIONS"",""count"":20}"
ELEMENT,ELEMENT_VERTICAL_FBSS_ROOT_MUSIC_AZ_CML,SC_A,6,CONDITIONAL_AZ_CML_VALID,ROOT_MUSIC_TWO_ELEVATIONS_VALID,CONDITIONAL_AZ_CML_VALID,8,8,8,0,0,1,8,1,0,1,0.125,0.0782181757084046,0.0870567276574282,0.160741787888493,0.216985262367527,0.951509414282874,2.74125423613809,0.218889329422726,0.43275919877137,14.6552503,1.7463578,2.24980905,34061,33573,8,"{""reason"":[],""count"":[]}"
ELEMENT,ELEMENT_VERTICAL_FBSS_ROOT_MUSIC_AZ_CML,SC_A,6,ROOT_MUSIC_FEWER_THAN_TWO_DISTINCT_ELEVATIONS,ROOT_MUSIC_FEWER_THAN_TWO_DISTINCT_ELEVATIONS,NOT_RUN_INVALID_ELEVATION,12,12,0,0,12,0,0,0,0,0,0,NaN,NaN,NaN,NaN,NaN,NaN,NaN,NaN,0.0246104,0.00196495,0.00237708,732,0,12,"{""reason"":""ROOT_MUSIC_FEWER_THAN_TWO_DISTINCT_ELEVATIONS"",""count"":12}"
ELEMENT,ELEMENT_VERTICAL_FBSS_ROOT_MUSIC_AZ_CML,SC_A,10,CONDITIONAL_AZ_CML_VALID,ROOT_MUSIC_TWO_ELEVATIONS_VALID,CONDITIONAL_AZ_CML_VALID,13,13,13,0,0,1,13,3,0,1,0.230769230769231,0.0769838342481806,0.0894839204301279,0.161905374550249,0.20942093456451,0.723165140902124,1.70037309425594,0.276981534541305,0.418513315967081,26.0444652,2.0820685,2.36173534,57896,57103,13,"{""reason"":[],""count"":[]}"
ELEMENT,ELEMENT_VERTICAL_FBSS_ROOT_MUSIC_AZ_CML,SC_A,10,ROOT_MUSIC_FEWER_THAN_TWO_DISTINCT_ELEVATIONS,ROOT_MUSIC_FEWER_THAN_TWO_DISTINCT_ELEVATIONS,NOT_RUN_INVALID_ELEVATION,7,7,0,0,7,0,0,0,0,0,0,NaN,NaN,NaN,NaN,NaN,NaN,NaN,NaN,0.0134403,0.0019108,0.00198244,427,0,7,"{""reason"":""ROOT_MUSIC_FEWER_THAN_TWO_DISTINCT_ELEVATIONS"",""count"":7}"
ELEMENT,ELEMENT_VERTICAL_FBSS_ROOT_MUSIC_AZ_CML,SC_A,14,CONDITIONAL_AZ_CML_VALID,ROOT_MUSIC_TWO_ELEVATIONS_VALID,CONDITIONAL_AZ_CML_VALID,18,18,18,0,0,1,18,13,0,1,0.722222222222222,0.0490766351593903,0.0826926315874976,0.1134175288136,0.189611063738102,0.493232470190034,1.13424163617628,0.0648560212551438,0.375644685452856,33.2828043,1.6424669,2.51517543,77370,76272,18,"{""reason"":[],""count"":[]}"
ELEMENT,ELEMENT_VERTICAL_FBSS_ROOT_MUSIC_AZ_CML,SC_A,14,ROOT_MUSIC_FEWER_THAN_TWO_DISTINCT_ELEVATIONS,ROOT_MUSIC_FEWER_THAN_TWO_DISTINCT_ELEVATIONS,NOT_RUN_INVALID_ELEVATION,2,2,0,0,2,0,0,0,0,0,0,NaN,NaN,NaN,NaN,NaN,NaN,NaN,NaN,0.0042081,0.00210405,0.0022924,122,0,2,"{""reason"":""ROOT_MUSIC_FEWER_THAN_TWO_DISTINCT_ELEVATIONS"",""count"":2}"
ELEMENT,ELEMENT_VERTICAL_FBSS_ROOT_MUSIC_AZ_CML,SC_A,18,CONDITIONAL_AZ_CML_VALID,ROOT_MUSIC_TWO_ELEVATIONS_VALID,CONDITIONAL_AZ_CML_VALID,20,20,20,0,0,1,20,20,0,1,1,0.025128956998894,0.0420869185491788,0.0553320538268666,0.08632459024754,0.531154287191497,1.50987895133389,0.0494553892718926,0.122084701347539,31.264629,1.55872165,1.62408885,79179,77959,20,"{""reason"":[],""count"":[]}"
ELEMENT,ELEMENT_VERTICAL_FBSS_ROOT_MUSIC_AZ_CML,SC_A,22,CONDITIONAL_AZ_CML_VALID,ROOT_MUSIC_TWO_ELEVATIONS_VALID,CONDITIONAL_AZ_CML_VALID,20,20,20,0,0,1,20,20,0,1,1,0.0138598273936727,0.031060839255336,0.0306951102517518,0.0638588634022568,0.364693806242132,0.983485194742704,0.0367857939707175,0.0713188116695421,30.9676409,1.54476925,1.5975188,79056,77836,20,"{""reason"":[],""count"":[]}"
ELEMENT,ELEMENT_VERTICAL_FBSS_ROOT_MUSIC_AZ_CML,SC_B,-6,ROOT_MUSIC_FEWER_THAN_TWO_DISTINCT_ELEVATIONS,ROOT_MUSIC_FEWER_THAN_TWO_DISTINCT_ELEVATIONS,NOT_RUN_INVALID_ELEVATION,20,20,0,0,20,0,0,0,0,0,0,NaN,NaN,NaN,NaN,NaN,NaN,NaN,NaN,0.0386084,0.0018848,0.00212045,1220,0,20,"{""reason"":""ROOT_MUSIC_FEWER_THAN_TWO_DISTINCT_ELEVATIONS"",""count"":20}"
ELEMENT,ELEMENT_VERTICAL_FBSS_ROOT_MUSIC_AZ_CML,SC_B,0,CONDITIONAL_AZ_CML_VALID,ROOT_MUSIC_TWO_ELEVATIONS_VALID,CONDITIONAL_AZ_CML_VALID,1,1,1,0,0,1,0,0,0,0,0,0.111472791516063,0.111472791516063,0.225204486087907,0.225204486087907,1.12384577557828,1.12384577557828,0.411861981634655,0.411861981634655,2.6207454,2.6207454,2.6207454,5157,5096,1,"{""reason"":[],""count"":[]}"
ELEMENT,ELEMENT_VERTICAL_FBSS_ROOT_MUSIC_AZ_CML,SC_B,0,ROOT_MUSIC_FEWER_THAN_TWO_DISTINCT_ELEVATIONS,ROOT_MUSIC_FEWER_THAN_TWO_DISTINCT_ELEVATIONS,NOT_RUN_INVALID_ELEVATION,19,19,0,0,19,0,0,0,0,0,0,NaN,NaN,NaN,NaN,NaN,NaN,NaN,NaN,0.0374805,0.0019066,0.00215892,1159,0,19,"{""reason"":""ROOT_MUSIC_FEWER_THAN_TWO_DISTINCT_ELEVATIONS"",""count"":19}"
ELEMENT,ELEMENT_VERTICAL_FBSS_ROOT_MUSIC_AZ_CML,SC_B,6,CONDITIONAL_AZ_CML_VALID,ROOT_MUSIC_TWO_ELEVATIONS_VALID,CONDITIONAL_AZ_CML_VALID,8,8,8,0,0,1,8,7,0,1,0.875,0.0505020726309255,0.0819226572465224,0.105192549973272,0.171232637489813,0.627988135389112,1.51646491052925,0.181295516625317,0.304967153676023,15.2892203,1.94133545,2.18112441,34864,34376,8,"{""reason"":[],""count"":[]}"
ELEMENT,ELEMENT_VERTICAL_FBSS_ROOT_MUSIC_AZ_CML,SC_B,6,ROOT_MUSIC_FEWER_THAN_TWO_DISTINCT_ELEVATIONS,ROOT_MUSIC_FEWER_THAN_TWO_DISTINCT_ELEVATIONS,NOT_RUN_INVALID_ELEVATION,12,12,0,0,12,0,0,0,0,0,0,NaN,NaN,NaN,NaN,NaN,NaN,NaN,NaN,0.0234789,0.0019353,0.00204791,732,0,12,"{""reason"":""ROOT_MUSIC_FEWER_THAN_TWO_DISTINCT_ELEVATIONS"",""count"":12}"
ELEMENT,ELEMENT_VERTICAL_FBSS_ROOT_MUSIC_AZ_CML,SC_B,10,CONDITIONAL_AZ_CML_VALID,ROOT_MUSIC_TWO_ELEVATIONS_VALID,CONDITIONAL_AZ_CML_VALID,14,14,14,0,0,1,11,10,0,0.785714285714286,0.714285714285714,0.0485995548401865,0.101760046836147,0.112142954204267,0.211136394147957,1.00341479660677,1.83288786649092,0.200049067470518,0.353347211859591,25.9551347,1.7347847,2.31573775,60049,59195,14,"{""reason"":[],""count"":[]}"
ELEMENT,ELEMENT_VERTICAL_FBSS_ROOT_MUSIC_AZ_CML,SC_B,10,ROOT_MUSIC_FEWER_THAN_TWO_DISTINCT_ELEVATIONS,ROOT_MUSIC_FEWER_THAN_TWO_DISTINCT_ELEVATIONS,NOT_RUN_INVALID_ELEVATION,6,6,0,0,6,0,0,0,0,0,0,NaN,NaN,NaN,NaN,NaN,NaN,NaN,NaN,0.0119799,0.00191815,0.0022482,366,0,6,"{""reason"":""ROOT_MUSIC_FEWER_THAN_TWO_DISTINCT_ELEVATIONS"",""count"":6}"
ELEMENT,ELEMENT_VERTICAL_FBSS_ROOT_MUSIC_AZ_CML,SC_B,14,CONDITIONAL_AZ_CML_VALID,ROOT_MUSIC_TWO_ELEVATIONS_VALID,CONDITIONAL_AZ_CML_VALID,17,17,17,0,0,1,15,12,0,0.882352941176471,0.705882352941177,0.0337455189017097,0.101666314913089,0.0788042777779139,0.202051554876735,0.556608324866427,1.3883201657091,0.153841041465015,0.388403749816244,29.9205099,1.7119976,1.93048844,71281,70244,17,"{""reason"":[],""count"":[]}"
ELEMENT,ELEMENT_VERTICAL_FBSS_ROOT_MUSIC_AZ_CML,SC_B,14,ROOT_MUSIC_FEWER_THAN_TWO_DISTINCT_ELEVATIONS,ROOT_MUSIC_FEWER_THAN_TWO_DISTINCT_ELEVATIONS,NOT_RUN_INVALID_ELEVATION,3,3,0,0,3,0,0,0,0,0,0,NaN,NaN,NaN,NaN,NaN,NaN,NaN,NaN,0.0057787,0.0019228,0.0019945,183,0,3,"{""reason"":""ROOT_MUSIC_FEWER_THAN_TWO_DISTINCT_ELEVATIONS"",""count"":3}"
ELEMENT,ELEMENT_VERTICAL_FBSS_ROOT_MUSIC_AZ_CML,SC_B,18,CONDITIONAL_AZ_CML_VALID,ROOT_MUSIC_TWO_ELEVATIONS_VALID,CONDITIONAL_AZ_CML_VALID,20,20,20,0,0,1,18,15,0,0.9,0.75,0.0305297993689152,0.0971372807784851,0.0701899220483808,0.195142927208314,0.419610337320203,0.919733150811303,0.104422872464113,0.363247137626861,35.7910572,1.73076285,2.2133089,84946,83726,20,"{""reason"":[],""count"":[]}"
ELEMENT,ELEMENT_VERTICAL_FBSS_ROOT_MUSIC_AZ_CML,SC_B,22,CONDITIONAL_AZ_CML_VALID,ROOT_MUSIC_TWO_ELEVATIONS_VALID,CONDITIONAL_AZ_CML_VALID,20,20,20,0,0,1,19,18,0,0.95,0.9,0.0181749022076582,0.0752235544738551,0.0399772468456731,0.169929668876963,0.278318069502678,0.807778908404535,0.066185770409962,0.326885425376548,34.8729586,1.67799895,1.9090645,83356,82136,20,"{""reason"":[],""count"":[]}"
ELEMENT,FULL4D_ELEMENT_CML_MULTISTART,SC_A,-6,FULL4D_CML_VALID,NOT_A_STAGE,NOT_A_STAGE,20,20,20,0,0,1,19,15,0,0.95,0.75,0.0503897343713762,0.0742961951110917,0.115170192739023,0.17072057165125,4.46291136947064,10.4019134702711,0.16663368882157,0.254921699653846,71.2894834,3.5975855,4.1462427,82656,82656,0,"{""reason"":[],""count"":[]}"
ELEMENT,FULL4D_ELEMENT_CML_MULTISTART,SC_A,0,FULL4D_CML_VALID,NOT_A_STAGE,NOT_A_STAGE,20,20,20,0,0,1,20,20,0,1,1,0.0231943504663081,0.0378529572359333,0.0521011380415091,0.0872730095890696,2.07017783918031,5.24654943950209,0.0829278212084537,0.128491375259127,77.9796298,4.0315104,4.1101027,92398,92398,0,"{""reason"":[],""count"":[]}"
ELEMENT,FULL4D_ELEMENT_CML_MULTISTART,SC_A,6,FULL4D_CML_VALID,NOT_A_STAGE,NOT_A_STAGE,20,20,20,0,0,1,20,20,0,1,1,0.0121170445165286,0.019502704079881,0.0266919544306194,0.0436042106890602,0.950793681261021,2.6066371201226,0.0409740578142126,0.068761303596296,78.0544363,4.0156475,4.09239085,92518,92518,0,"{""reason"":[],""count"":[]}"
ELEMENT,FULL4D_ELEMENT_CML_MULTISTART,SC_A,10,FULL4D_CML_VALID,NOT_A_STAGE,NOT_A_STAGE,20,20,20,0,0,1,20,20,0,1,1,0.00791296983750217,0.0129149855100683,0.0178011855834231,0.0278745391799433,0.57441002982031,1.61040145717498,0.0257529689175532,0.0461298555983196,78.1290219,4.03210775,4.08626465,91900,91900,0,"{""reason"":[],""count"":[]}"
ELEMENT,FULL4D_ELEMENT_CML_MULTISTART,SC_A,14,FULL4D_CML_VALID,NOT_A_STAGE,NOT_A_STAGE,20,20,20,0,0,1,20,20,0,1,1,0.00525755915134732,0.00872298995946539,0.0121752579619848,0.0183542988971722,0.347610960496394,1.0018157811136,0.013797286287576,0.0318295526622737,75.7563727,3.99412915,4.0723923,89627,89627,0,"{""reason"":[],""count"":[]}"
ELEMENT,FULL4D_ELEMENT_CML_MULTISTART,SC_A,18,FULL4D_CML_VALID,NOT_A_STAGE,NOT_A_STAGE,20,20,20,0,0,1,20,20,0,1,1,0.00371785320048731,0.00606832144122447,0.00901497412986682,0.012364507503301,0.209892160825246,0.628548270398361,0.00979930019430322,0.0228334741585837,77.4520471,3.97276435,4.04873715,92536,92536,0,"{""reason"":[],""count"":[]}"
ELEMENT,FULL4D_ELEMENT_CML_MULTISTART,SC_A,22,FULL4D_CML_VALID,NOT_A_STAGE,NOT_A_STAGE,20,20,20,0,0,1,20,20,0,1,1,0.00283269702026939,0.004325376264764,0.00639260276410965,0.00887170483741511,0.129898946492522,0.398007332647104,0.00894533698340674,0.0171818142713202,76.5809685,3.94871355,4.02953805,91925,91925,0,"{""reason"":[],""count"":[]}"
ELEMENT,FULL4D_ELEMENT_CML_MULTISTART,SC_B,-6,FULL4D_CML_VALID,NOT_A_STAGE,NOT_A_STAGE,20,20,20,0,0,1,20,18,0,1,0.9,0.0382091016781327,0.0704397683512041,0.0818112820678176,0.138368055271223,2.56820031332484,8.02303958875314,0.0951254347442445,0.211234116216357,76.7687291,4.10514865,4.21562815,90530,90530,0,"{""reason"":[],""count"":[]}"
ELEMENT,FULL4D_ELEMENT_CML_MULTISTART,SC_B,0,FULL4D_CML_VALID,NOT_A_STAGE,NOT_A_STAGE,20,20,20,0,0,1,20,20,0,1,1,0.0200859561328581,0.0406843211460747,0.0449305541311202,0.0925311128970699,1.26194542537203,4.17075576427684,0.0632485857248323,0.146983492866648,78.0954485,4.0459366,4.15698715,92476,92476,0,"{""reason"":[],""count"":[]}"
ELEMENT,FULL4D_ELEMENT_CML_MULTISTART,SC_B,6,FULL4D_CML_VALID,NOT_A_STAGE,NOT_A_STAGE,20,20,20,0,0,1,20,20,0,1,1,0.0106162481690027,0.0244711932926176,0.0227150456708375,0.0510934827781665,0.717092090114612,2.01527472776232,0.0330750318908379,0.0807432019702932,77.7659398,4.06325625,4.1952636,91362,91362,0,"{""reason"":[],""count"":[]}"
ELEMENT,FULL4D_ELEMENT_CML_MULTISTART,SC_B,10,FULL4D_CML_VALID,NOT_A_STAGE,NOT_A_STAGE,20,20,20,0,0,1,20,20,0,1,1,0.00736916465309351,0.0152243408112109,0.0157358083985236,0.0316034305040246,0.473804084743808,1.28105870657799,0.0215774492567691,0.0603449835910402,78.6036127,4.0891479,4.1446046,92707,92707,0,"{""reason"":[],""count"":[]}"
ELEMENT,FULL4D_ELEMENT_CML_MULTISTART,SC_B,14,FULL4D_CML_VALID,NOT_A_STAGE,NOT_A_STAGE,20,20,20,0,0,1,20,20,0,1,1,0.00555826401379772,0.0119471800304968,0.0117360390158468,0.0262376251144412,0.285100321529105,0.809023529117475,0.0154477003714639,0.0475687237188467,75.9609992,4.03536455,4.0802094,90008,90008,0,"{""reason"":[],""count"":[]}"
ELEMENT,FULL4D_ELEMENT_CML_MULTISTART,SC_B,18,FULL4D_CML_VALID,NOT_A_STAGE,NOT_A_STAGE,20,20,20,0,0,1,20,20,0,1,1,0.00429019985629176,0.0110583114997528,0.00984165580172412,0.0242860703926843,0.171718037895143,0.509638853195705,0.0127440684882921,0.0454288175056487,77.6945646,4.0267654,4.08070875,93058,93058,0,"{""reason"":[],""count"":[]}"
ELEMENT,FULL4D_ELEMENT_CML_MULTISTART,SC_B,22,FULL4D_CML_VALID,NOT_A_STAGE,NOT_A_STAGE,20,20,20,0,0,1,20,20,0,1,1,0.00376656190068035,0.00842538745479937,0.00811392917542469,0.019257931047758,0.100991934648991,0.31819906101415,0.00954952889773167,0.0371070074374936,80.5055722,4.0567984,4.25599305,94885,94885,0,"{""reason"":[],""count"":[]}"
