domain,method_id,nominal_snr_db,total,applicable,valid,structural_na,algorithmic_invalid,valid_rate,localization_success_count,resolution_success_count,rho_lower_bound_hit_count,localization_success_rate,resolution_success_rate,median_d_max_bw,P90_d_max_bw,median_joint_RMSE_deg,P90_joint_RMSE_deg,median_axis_error_deg,P90_axis_error_deg,median_rho_error_deg,P90_rho_error_deg,runtime_total_sec,runtime_median_sec,runtime_P90_sec,score_call_count,SVD_call_count,eig_call_count,failure_reasons
BEAMSPACE,BEAMSPACE_MUSIC_K2,-6,40,40,0,0,40,0,0,0,0,0,0,NaN,NaN,NaN,NaN,NaN,NaN,NaN,NaN,1.66748731428571,0.0409936603571429,0.0430811103571429,780840,0,40,"{""reason"":""MUSIC_FEWER_THAN_TWO_PEAKS"",""count"":40}"
BEAMSPACE,BEAMSPACE_MUSIC_K2,0,40,40,0,0,40,0,0,0,0,0,0,NaN,NaN,NaN,NaN,NaN,NaN,NaN,NaN,1.65406721428571,0.0405873103571429,0.0418763103571429,780840,0,40,"{""reason"":""MUSIC_FEWER_THAN_TWO_PEAKS"",""count"":40}"
BEAMSPACE,BEAMSPACE_MUSIC_K2,6,40,40,0,0,40,0,0,0,0,0,0,NaN,NaN,NaN,NaN,NaN,NaN,NaN,NaN,1.63391931428571,0.0406516603571429,0.0414125603571429,780840,0,40,"{""reason"":""MUSIC_FEWER_THAN_TWO_PEAKS"",""count"":40}"
BEAMSPACE,BEAMSPACE_MUSIC_K2,10,40,40,0,0,40,0,0,0,0,0,0,NaN,NaN,NaN,NaN,NaN,NaN,NaN,NaN,1.62402001428571,0.0404874603571429,0.0413408103571429,780840,0,40,"{""reason"":""MUSIC_FEWER_THAN_TWO_PEAKS"",""count"":40}"
BEAMSPACE,BEAMSPACE_MUSIC_K2,14,40,40,1,0,39,0.025,0,0,0,0,0,0.12461430645746,0.12461430645746,0.244287623185223,0.244287623185223,3.43494882292637,3.43494882292637,0.438819660112503,0.438819660112503,1.63100311428571,0.0404369603571429,0.0415910103571429,780840,0,40,"{""reason"":""MUSIC_FEWER_THAN_TWO_PEAKS"",""count"":39}"
BEAMSPACE,BEAMSPACE_MUSIC_K2,18,40,40,2,0,38,0.05,0,0,0,0,0,0.129058137738224,0.145398470453895,0.253194715213935,0.273041101011341,3.43494882292228,3.43494882292637,0.438819660112503,0.438819660112503,1.63300641428571,0.0405514103571429,0.0426164103571429,780840,0,40,"{""reason"":""MUSIC_FEWER_THAN_TWO_PEAKS"",""count"":38}"
BEAMSPACE,BEAMSPACE_MUSIC_K2,22,40,40,17,0,23,0.425,9,3,0,0.225,0.075,0.0975220041087887,0.13346409574218,0.222882127685208,0.257878398615693,3.43494882291819,3.43494882292637,0.438819660112502,0.438819660112503,1.64112311428571,0.0406084103571429,0.0430229603571429,780840,0,40,"{""reason"":""MUSIC_FEWER_THAN_TWO_PEAKS"",""count"":23}"
BEAMSPACE,FULL4D_BEAMSPACE_CML_MULTISTART,-6,40,40,40,0,0,1,6,2,0,0.15,0.05,0.175154038120667,0.252895049841037,0.354565643220606,0.563136366788139,43.8845393715139,76.8732572458146,0.231569766581954,0.368690848084943,77.6675684,1.57867405,3.74912055,87099,174198,0,"{""reason"":[],""count"":[]}"
BEAMSPACE,FULL4D_BEAMSPACE_CML_MULTISTART,0,40,40,40,0,0,1,7,2,0,0.175,0.05,0.15868070726986,0.253352048677476,0.307059061796925,0.539819900324283,30.0000000000001,76.7446699093805,0.236664621427086,0.448569500950266,94.7922688,2.2441098,3.88949175,111655,223310,0,"{""reason"":[],""count"":[]}"
BEAMSPACE,FULL4D_BEAMSPACE_CML_MULTISTART,6,40,40,40,0,0,1,19,8,0,0.475,0.2,0.103199681972652,0.164218955597467,0.234419882855734,0.321234297508397,12.1688080858525,37.8735719520832,0.198083124993443,0.383895311639354,132.8744588,3.70666425,4.30056465,160217,320434,0,"{""reason"":[],""count"":[]}"
BEAMSPACE,FULL4D_BEAMSPACE_CML_MULTISTART,10,40,40,40,0,0,1,31,21,0,0.775,0.525,0.0657608874424711,0.130343715748589,0.145274240818964,0.249207000301674,5.19398045794802,13.0953207011677,0.150820205766315,0.328812487949422,144.2089209,3.7967998,4.1489022,173734,347468,0,"{""reason"":[],""count"":[]}"
BEAMSPACE,FULL4D_BEAMSPACE_CML_MULTISTART,14,40,40,40,0,0,1,39,30,0,0.975,0.75,0.0495563398834103,0.0801006637750542,0.108530694168559,0.166615029906822,3.40549373614288,8.23954145066331,0.096084289022461,0.209895778866688,154.8663331,4.0253533,4.2213188,185225,370450,0,"{""reason"":[],""count"":[]}"
BEAMSPACE,FULL4D_BEAMSPACE_CML_MULTISTART,18,40,40,40,0,0,1,40,39,0,1,0.975,0.0348629718090428,0.0607747652176329,0.0705879042179465,0.131726520065932,1.95157933920386,5.28610579233208,0.0702683270033586,0.148663322515801,153.7400525,3.9917946,4.0776397,185005,370010,0,"{""reason"":[],""count"":[]}"
BEAMSPACE,FULL4D_BEAMSPACE_CML_MULTISTART,22,40,40,40,0,0,1,40,40,0,1,1,0.0204275723563544,0.0409319570521342,0.0430871780550912,0.0805649565728018,1.14796250538078,3.24317803740665,0.044814969410409,0.103693898514294,154.2790644,3.9530308,4.0643142,187248,374496,0,"{""reason"":[],""count"":[]}"
BEAMSPACE,TANGENT_PROFILE_CORE,-6,40,40,16,0,24,0.4,2,1,7,0.05,0.025,0.137830227350117,0.229378145390372,0.280444161960014,0.477650801933703,54.8567081249025,79.0303268728424,0.448818907452307,0.449000000000001,3.3844056,0.0627933,0.1159784,5675,11390,80,"{""reason"":""TANGENT_PROFILE_NO_FEASIBLE_SCALE"",""count"":24}"
BEAMSPACE,TANGENT_PROFILE_CORE,0,40,40,37,0,3,0.925,14,5,12,0.35,0.125,0.114451838876457,0.153029364251897,0.254325428340043,0.30576964772517,29.2563907861485,76.3602602843349,0.349228227977346,0.449000000000001,3.8306128,0.09748315,0.10966175,7200,14440,80,"{""reason"":""TANGENT_PROFILE_NO_FEASIBLE_SCALE"",""count"":3}"
BEAMSPACE,TANGENT_PROFILE_CORE,6,40,40,40,0,0,1,25,9,16,0.625,0.225,0.0871308799210482,0.127176727551075,0.217650134546983,0.272532062575872,11.610061287859,35.362006983706,0.286832356391258,0.449000000000002,3.7601108,0.0942253,0.1009418,7155,14350,80,"{""reason"":[],""count"":[]}"
BEAMSPACE,TANGENT_PROFILE_CORE,10,40,40,40,0,0,1,30,16,9,0.75,0.4,0.0805213986303203,0.110960316734269,0.171043145378766,0.243309990574334,5.39789971244664,13.2489566504844,0.189946007562907,0.449000000000001,3.7948005,0.0959343,0.0996852,7195,14430,80,"{""reason"":[],""count"":[]}"
BEAMSPACE,TANGENT_PROFILE_CORE,14,40,40,40,0,0,1,33,24,5,0.825,0.6,0.054865760995328,0.11141419165795,0.110037896324305,0.234490304656188,3.3650816710327,7.89760345227707,0.143915469140009,0.448969100918479,3.6988541,0.0939252,0.09889765,7033,14106,80,"{""reason"":[],""count"":[]}"
BEAMSPACE,TANGENT_PROFILE_CORE,18,40,40,40,0,0,1,36,30,0,0.9,0.75,0.0398740017049153,0.103590404717958,0.0851248678844434,0.215201260531287,2.17672442214639,4.85324031072141,0.0971291507324464,0.271341683707414,3.7276252,0.09321955,0.0969158,7089,14218,80,"{""reason"":[],""count"":[]}"
BEAMSPACE,TANGENT_PROFILE_CORE,22,40,40,40,0,0,1,35,33,1,0.875,0.825,0.0297497901766175,0.105954624168303,0.0662650442333909,0.215059271726813,1.23739699550457,2.94903209912312,0.0678587776611804,0.176290122716843,3.6835824,0.09280525,0.097338,7080,14200,80,"{""reason"":[],""count"":[]}"
ELEMENT,ELEMENT_VERTICAL_FBSS_ROOT_MUSIC_AZ_CML,-6,40,40,0,0,40,0,0,0,0,0,0,NaN,NaN,NaN,NaN,NaN,NaN,NaN,NaN,0.1951485,0.0019497,0.0040342,2440,0,40,"{""reason"":""ROOT_MUSIC_FEWER_THAN_TWO_DISTINCT_ELEVATIONS"",""count"":40}"
ELEMENT,ELEMENT_VERTICAL_FBSS_ROOT_MUSIC_AZ_CML,0,40,40,1,0,39,0.025,0,0,0,0,0,0.111472791516063,0.111472791516063,0.225204486087907,0.225204486087907,1.12384577557828,1.12384577557828,0.411861981634655,0.411861981634655,2.6984104,0.00193445,0.0022351,7536,5096,40,"{""reason"":""ROOT_MUSIC_FEWER_THAN_TWO_DISTINCT_ELEVATIONS"",""count"":39}"
ELEMENT,ELEMENT_VERTICAL_FBSS_ROOT_MUSIC_AZ_CML,6,40,40,16,0,24,0.4,16,8,0,0.4,0.2,0.0665002210654179,0.0871549402587497,0.149835122541766,0.196269532183046,0.804260956033845,1.83834719946883,0.217582843183339,0.391479446078072,29.9925599,0.00205785,2.0238497,70389,67949,40,"{""reason"":""ROOT_MUSIC_FEWER_THAN_TWO_DISTINCT_ELEVATIONS"",""count"":24}"
ELEMENT,ELEMENT_VERTICAL_FBSS_ROOT_MUSIC_AZ_CML,10,40,40,27,0,13,0.675,24,13,0,0.6,0.325,0.071219880535735,0.0991847049456204,0.153139886192599,0.20972370612498,0.924050199091856,1.81148908551498,0.23973939183723,0.404131442579518,52.0250201,1.69214415,2.2765051,118738,116298,40,"{""reason"":""ROOT_MUSIC_FEWER_THAN_TWO_DISTINCT_ELEVATIONS"",""count"":13}"
ELEMENT,ELEMENT_VERTICAL_FBSS_ROOT_MUSIC_AZ_CML,14,40,40,35,0,5,0.875,33,25,0,0.825,0.625,0.0415066548131491,0.0889322820353695,0.0934145171420993,0.200286571318865,0.531385613765255,1.26092430790451,0.125862553885351,0.383077152129714,63.213301,1.6481366,2.4859283,148956,146516,40,"{""reason"":""ROOT_MUSIC_FEWER_THAN_TWO_DISTINCT_ELEVATIONS"",""count"":5}"
ELEMENT,ELEMENT_VERTICAL_FBSS_ROOT_MUSIC_AZ_CML,18,40,40,40,0,0,1,38,35,0,0.95,0.875,0.0271620367672703,0.0803270719912546,0.0624055652428517,0.168494325376578,0.457276781822346,1.23325518457813,0.0732168231397738,0.289150196486865,67.0556862,1.60784045,1.91498985,164125,161685,40,"{""reason"":[],""count"":[]}"
ELEMENT,ELEMENT_VERTICAL_FBSS_ROOT_MUSIC_AZ_CML,22,40,40,40,0,0,1,39,38,0,0.975,0.95,0.0161655669485853,0.0419815289710916,0.0360809959558848,0.0863502206752925,0.333478501902166,0.879664212734025,0.0415514847958442,0.137368404094728,65.8405995,1.57979145,1.8589801,162412,159972,40,"{""reason"":[],""count"":[]}"
ELEMENT,FULL4D_ELEMENT_CML_MULTISTART,-6,40,40,40,0,0,1,39,33,0,0.975,0.825,0.0460171038516837,0.0742961951110917,0.104460793680951,0.149142949788018,3.40977679391048,9.86388301914376,0.115397130186609,0.239439828817444,148.0582125,3.84056185,4.1966126,173186,173186,0,"{""reason"":[],""count"":[]}"
ELEMENT,FULL4D_ELEMENT_CML_MULTISTART,0,40,40,40,0,0,1,40,40,0,1,1,0.0227018613627081,0.0391265276658006,0.0495151043613307,0.0888383691003378,1.49759771190552,4.96081340930255,0.0697905879008098,0.131412089368168,156.0750783,4.04159665,4.1331658,184874,184874,0,"{""reason"":[],""count"":[]}"
ELEMENT,FULL4D_ELEMENT_CML_MULTISTART,6,40,40,40,0,0,1,40,40,0,1,1,0.0116933026453713,0.0200803890404271,0.0261206092440475,0.0464251953290423,0.758989294959387,2.46937737420441,0.0392056596164373,0.0717596897468304,155.8203761,4.02091825,4.15995715,183880,183880,0,"{""reason"":[],""count"":[]}"
ELEMENT,FULL4D_ELEMENT_CML_MULTISTART,10,40,40,40,0,0,1,40,40,0,1,1,0.00769203417477005,0.0134693615965486,0.0165492817909406,0.0310448651208404,0.486626159287648,1.53240112932044,0.0244907083143613,0.0526116035582056,156.7326346,4.04265,4.1376702,184607,184607,0,"{""reason"":[],""count"":[]}"
ELEMENT,FULL4D_ELEMENT_CML_MULTISTART,14,40,40,40,0,0,1,40,40,0,1,1,0.00547920900160894,0.0102497131193756,0.0121140811113977,0.0205812823755355,0.304201548965642,0.956319982741661,0.0145787243466013,0.0365185680704204,151.7173719,4.00336375,4.0759079,179635,179635,0,"{""reason"":[],""count"":[]}"
ELEMENT,FULL4D_ELEMENT_CML_MULTISTART,18,40,40,40,0,0,1,40,40,0,1,1,0.00383970897918945,0.00700189662806794,0.00937027727538587,0.0148187640297968,0.192391780800626,0.597273804207987,0.0112048455253096,0.0274152605801186,155.1466117,3.9826306,4.0701861,185594,185594,0,"{""reason"":[],""count"":[]}"
ELEMENT,FULL4D_ELEMENT_CML_MULTISTART,22,40,40,40,0,0,1,40,40,0,1,1,0.00322545430637085,0.00565156777937513,0.00725128053373424,0.0125399973835734,0.120665824183928,0.375883190403367,0.00954952889773167,0.0241745607374531,157.0865407,3.9876305,4.1884267,186810,186810,0,"{""reason"":[],""count"":[]}"
