az_center_grid,el_center_grid,score_grid,score_grid_norm,truth_center_az,truth_center_el,fixed_est_center_az,fixed_est_center_el,c05_est_center_az,c05_est_center_el
-0.806,9.511,87812.3384227202,0.291610073909799,0,10.31,0.02,10.36,-0.012,10.312
-0.806,9.571,89240.4083953115,0.299464286236582,0,10.31,0.02,10.36,-0.012,10.312
-0.806,9.631,90437.4047437359,0.30604762154602,0,10.31,0.02,10.36,-0.012,10.312
-0.806,9.691,91446.9263104498,0.311599868204529,0,10.31,0.02,10.36,-0.012,10.312
-0.806,9.751,92304.3928715948,0.31631583070189,0,10.31,0.02,10.36,-0.012,10.312
-0.806,9.811,93035.9004739635,0.320339034142849,0,10.31,0.02,10.36,-0.012,10.312
-0.806,9.871,93657.7936489114,0.323759371475308,0,10.31,0.02,10.36,-0.012,10.312
-0.806,9.931,94176.9097506447,0.326614447321393,0,10.31,0.02,10.36,-0.012,10.312
-0.806,9.991,94591.5137876696,0.32889471943749,0,10.31,0.02,10.36,-0.012,10.312
-0.806,10.051,94892.9568130766,0.330552619660459,0,10.31,0.02,10.36,-0.012,10.312
-0.806,10.111,95068.035648459,0.331515532104114,0,10.31,0.02,10.36,-0.012,10.312
-0.806,10.171,95101.906306931,0.331701816633859,0,10.31,0.02,10.36,-0.012,10.312
-0.806,10.231,94981.2397271025,0.331038165022307,0,10.31,0.02,10.36,-0.012,10.312
-0.806,10.291,94697.1692872516,0.329475811921147,0,10.31,0.02,10.36,-0.012,10.312
-0.806,10.351,94247.5380649146,0.327002894517403,0,10.31,0.02,10.36,-0.012,10.312
-0.806,10.411,93638.055480262,0.323650813932268,0,10.31,0.02,10.36,-0.012,10.312
-0.806,10.471,92882.2032299996,0.319493717868925,0,10.31,0.02,10.36,-0.012,10.312
-0.806,10.531,92000.0128839396,0.314641777541365,0,10.31,0.02,10.36,-0.012,10.312
-0.806,10.591,91016.0703881381,0.309230212682715,0,10.31,0.02,10.36,-0.012,10.312
-0.806,10.651,89957.21106192,0.303406614307335,0,10.31,0.02,10.36,-0.012,10.312
-0.806,10.711,88850.3375739489,0.297318943842816,0,10.31,0.02,10.36,-0.012,10.312
-0.806,10.771,87720.6636201726,0.29110587357085,0,10.31,0.02,10.36,-0.012,10.312
-0.806,10.831,86590.5225687322,0.28489023431816,0,10.31,0.02,10.36,-0.012,10.312
-0.806,10.891,85478.7386797245,0.278775557241156,0,10.31,0.02,10.36,-0.012,10.312
-0.806,10.951,84400.4671589509,0.272845194140872,0,10.31,0.02,10.36,-0.012,10.312
-0.806,11.011,83367.3705746031,0.26716328773343,0,10.31,0.02,10.36,-0.012,10.312
-0.806,11.071,82387.9998533626,0.261776867082558,0,10.31,0.02,10.36,-0.012,10.312
-0.766,9.511,87032.9058681664,0.287323289021547,0,10.31,0.02,10.36,-0.012,10.312
-0.766,9.571,88714.2392424913,0.296570419461585,0,10.31,0.02,10.36,-0.012,10.312
-0.766,9.631,90173.4748473948,0.304596039001022,0,10.31,0.02,10.36,-0.012,10.312
-0.766,9.691,91453.1106904414,0.311633881547359,0,10.31,0.02,10.36,-0.012,10.312
-0.766,9.751,92587.6938479199,0.317873951846616,0,10.31,0.02,10.36,-0.012,10.312
-0.766,9.811,93602.4113048055,0.323454775273363,0,10.31,0.02,10.36,-0.012,10.312
-0.766,9.871,94512.3942734494,0.32845957166756,0,10.31,0.02,10.36,-0.012,10.312
-0.766,9.931,95322.7114110223,0.332916218031309,0,10.31,0.02,10.36,-0.012,10.312
-0.766,9.991,96029.0973229312,0.336801255209643,0,10.31,0.02,10.36,-0.012,10.312
-0.766,10.051,96619.4868002067,0.340048326010806,0,10.31,0.02,10.36,-0.012,10.312
-0.766,10.111,97076.3750159107,0.342561156001365,0,10.31,0.02,10.36,-0.012,10.312
-0.766,10.171,97379.892041634,0.344230462975518,0,10.31,0.02,10.36,-0.012,10.312
-0.766,10.231,97511.2927779219,0.344953151150824,0,10.31,0.02,10.36,-0.012,10.312
-0.766,10.291,97456.3844774337,0.344651162131508,0,10.31,0.02,10.36,-0.012,10.312
-0.766,10.351,97208.3270001162,0.343286875973623,0,10.31,0.02,10.36,-0.012,10.312
-0.766,10.411,96769.3095905912,0.34087233325811,0,10.31,0.02,10.36,-0.012,10.312
-0.766,10.471,96150.8351700592,0.337470798661925,0,10.31,0.02,10.36,-0.012,10.312
-0.766,10.531,95372.6581400933,0.333190919007228,0,10.31,0.02,10.36,-0.012,10.312
-0.766,10.591,94460.7114419917,0.328175322338249,0,10.31,0.02,10.36,-0.012,10.312
-0.766,10.651,93444.525549308,0.322586422692011,0,10.31,0.02,10.36,-0.012,10.312
-0.766,10.711,92354.6499286631,0.316592238444305,0,10.31,0.02,10.36,-0.012,10.312
-0.766,10.771,91220.4674945162,0.310354372074961,0,10.31,0.02,10.36,-0.012,10.312
-0.766,10.831,90068.6137998985,0.30401931590786,0,10.31,0.02,10.36,-0.012,10.312
-0.766,10.891,88922.0427647978,0.297713313729914,0,10.31,0.02,10.36,-0.012,10.312
-0.766,10.951,87799.6605595276,0.291540347193829,0,10.31,0.02,10.36,-0.012,10.312
-0.766,11.011,86716.3889480419,0.28558248419868,0,10.31,0.02,10.36,-0.012,10.312
-0.766,11.071,85683.5081177301,0.279901764412372,0,10.31,0.02,10.36,-0.012,10.312
-0.726,9.511,86620.8359947998,0.285056954499423,0,10.31,0.02,10.36,-0.012,10.312
-0.726,9.571,88599.8296620147,0.295941180590571,0,10.31,0.02,10.36,-0.012,10.312
-0.726,9.631,90365.6962478799,0.305653233481781,0,10.31,0.02,10.36,-0.012,10.312
-0.726,9.691,91959.7923486804,0.314420569456408,0,10.31,0.02,10.36,-0.012,10.312
-0.726,9.751,93415.7472772649,0.322428145672423,0,10.31,0.02,10.36,-0.012,10.312
-0.726,9.811,94757.7438400249,0.329808964643502,0,10.31,0.02,10.36,-0.012,10.312
-0.726,9.871,95999.5196378982,0.336638581515187,0,10.31,0.02,10.36,-0.012,10.312
-0.726,9.931,97144.0865183768,0.342933561084829,0,10.31,0.02,10.36,-0.012,10.312
-0.726,9.991,98184.2435824012,0.348654299277528,0,10.31,0.02,10.36,-0.012,10.312
-0.726,10.051,99103.9915502597,0.353712801987714,0,10.31,0.02,10.36,-0.012,10.312
-0.726,10.111,99880.9101785364,0.357985760585145,0,10.31,0.02,10.36,-0.012,10.312
-0.726,10.171,100489.421515891,0.361332499427474,0,10.31,0.02,10.36,-0.012,10.312
-0.726,10.231,100904.650999539,0.36361621142444,0,10.31,0.02,10.36,-0.012,10.312
-0.726,10.291,101106.37996229,0.364725696349071,0,10.31,0.02,10.36,-0.012,10.312
-0.726,10.351,101082.450162094,0.364594085338906,0,10.31,0.02,10.36,-0.012,10.312
-0.726,10.411,100831.014752787,0.363211220963162,0,10.31,0.02,10.36,-0.012,10.312
-0.726,10.471,100361.251305915,0.360627578756609,0,10.31,0.02,10.36,-0.012,10.312
-0.726,10.531,99692.4977108037,0.356949514774374,0,10.31,0.02,10.36,-0.012,10.312
-0.726,10.591,98852.1187913206,0.352327532241827,0,10.31,0.02,10.36,-0.012,10.312
-0.726,10.651,97872.640868982,0.346940521997865,0,10.31,0.02,10.36,-0.012,10.312
-0.726,10.711,96788.7443006046,0.340979221815312,0,10.31,0.02,10.36,-0.012,10.312
-0.726,10.771,95634.5992586641,0.334631563514749,0,10.31,0.02,10.36,-0.012,10.312
-0.726,10.831,94441.8387885152,0.328071525024098,0,10.31,0.02,10.36,-0.012,10.312
-0.726,10.891,93238.2646366995,0.32145201259066,0,10.31,0.02,10.36,-0.012,10.312
-0.726,10.951,92047.2297011653,0.314901464331931,0,10.31,0.02,10.36,-0.012,10.312
-0.726,11.011,90887.5556059018,0.308523396906046,0,10.31,0.02,10.36,-0.012,10.312
-0.726,11.071,89773.8176088692,0.302397972470977,0,10.31,0.02,10.36,-0.012,10.312
-0.686,9.511,86629.5198048565,0.28510471440566,0,10.31,0.02,10.36,-0.012,10.312
-0.686,9.571,88953.0235974168,0.297883704566582,0,10.31,0.02,10.36,-0.012,10.312
-0.686,9.631,91072.6138537738,0.3095411949128,0,10.31,0.02,10.36,-0.012,10.312
-0.686,9.691,93028.3877318228,0.320297714968676,0,10.31,0.02,10.36,-0.012,10.312
-0.686,9.751,94852.9153786689,0.330332396608547,0,10.31,0.02,10.36,-0.012,10.312
-0.686,9.811,96569.1661028058,0.339771568254251,0,10.31,0.02,10.36,-0.012,10.312
-0.686,9.871,98189.1746051393,0.34868141930688,0,10.31,0.02,10.36,-0.012,10.312
-0.686,9.931,99713.4703425622,0.357064861715381,0,10.31,0.02,10.36,-0.012,10.312
-0.686,9.991,101131.376026232,0.364863171681026,0,10.31,0.02,10.36,-0.012,10.312
-0.686,10.051,102422.31989902,0.371963207024838,0,10.31,0.02,10.36,-0.012,10.312
-0.686,10.111,103558.262033286,0.378210751532247,0,10.31,0.02,10.36,-0.012,10.312
-0.686,10.171,104507.186930186,0.383429723827355,0,10.31,0.02,10.36,-0.012,10.312
-0.686,10.231,105237.379689371,0.387445695789645,0,10.31,0.02,10.36,-0.012,10.312
-0.686,10.291,105721.946108384,0.390110752554652,0,10.31,0.02,10.36,-0.012,10.312
-0.686,10.351,105942.860329938,0.391325754084963,0,10.31,0.02,10.36,-0.012,10.312
-0.686,10.411,105893.824295066,0.39105606181712,0,10.31,0.02,10.36,-0.012,10.312
-0.686,10.471,105581.438350995,0.38933797686349,0,10.31,0.02,10.36,-0.012,10.312
-0.686,10.531,105024.556101131,0.386275191765144,0,10.31,0.02,10.36,-0.012,10.312
-0.686,10.591,104252.09926152,0.382026772466352,0,10.31,0.02,10.36,-0.012,10.312
-0.686,10.651,103299.900488998,0.376789794250841,0,10.31,0.02,10.36,-0.012,10.312
-0.686,10.711,102207.242659833,0.370780308192389,0,10.31,0.02,10.36,-0.012,10.312
-0.686,10.771,101013.67751172,0.364215844070148,0,10.31,0.02,10.36,-0.012,10.312
-0.686,10.831,99756.5060582134,0.357301552952398,0,10.31,0.02,10.36,-0.012,10.312
-0.686,10.891,98469.0771728276,0.350220849614658,0,10.31,0.02,10.36,-0.012,10.312
-0.686,10.951,97179.876645817,0.343130402462011,0,10.31,0.02,10.36,-0.012,10.312
-0.686,11.011,95912.2663552613,0.33615869900159,0,10.31,0.02,10.36,-0.012,10.312
-0.686,11.071,94684.6893702474,0.329407173885299,0,10.31,0.02,10.36,-0.012,10.312
-0.646,9.511,87105.9202335112,0.287724859210214,0,10.31,0.02,10.36,-0.012,10.312
-0.646,9.571,89822.80788556,0.302667413074352,0,10.31,0.02,10.36,-0.012,10.312
-0.646,9.631,92345.3027887784,0.316540830304149,0,10.31,0.02,10.36,-0.012,10.312
-0.646,9.691,94711.9973314441,0.329557364372857,0,10.31,0.02,10.36,-0.012,10.312
-0.646,9.751,96954.1158717134,0.34188874547818,0,10.31,0.02,10.36,-0.012,10.312
-0.646,9.811,99093.0460890021,0.353652603273097,0,10.31,0.02,10.36,-0.012,10.312
-0.646,9.871,101138.645949469,0.364903155380561,0,10.31,0.02,10.36,-0.012,10.312
-0.646,9.931,103088.379201078,0.375626452720773,0,10.31,0.02,10.36,-0.012,10.312
-0.646,9.991,104927.4176157,0.385740941830392,0,10.31,0.02,10.36,-0.012,10.312
-0.646,10.051,106629.889343903,0.395104330663078,0,10.31,0.02,10.36,-0.012,10.312
-0.646,10.111,108161.405719227,0.40352748570772,0,10.31,0.02,10.36,-0.012,10.312
-0.646,10.171,109482.838185229,0.410795204630941,0,10.31,0.02,10.36,-0.012,10.312
-0.646,10.231,110555.056650357,0.416692276656431,0,10.31,0.02,10.36,-0.012,10.312
-0.646,10.291,111344.047868374,0.421031633038967,0,10.31,0.02,10.36,-0.012,10.312
-0.646,10.351,111825.617902006,0.423680210046366,0,10.31,0.02,10.36,-0.012,10.312
-0.646,10.411,111988.856856758,0.424578004576907,0,10.31,0.02,10.36,-0.012,10.312
-0.646,10.471,111837.756960265,0.423746973400292,0,10.31,0.02,10.36,-0.012,10.312
-0.646,10.531,111390.776552675,0.421288635157417,0,10.31,0.02,10.36,-0.012,10.312
-0.646,10.591,110678.596495852,0.417371730882035,0,10.31,0.02,10.36,-0.012,10.312
-0.646,10.651,109740.665658797,0.412213224587908,0,10.31,0.02,10.36,-0.012,10.312
-0.646,10.711,108621.277979484,0.406056727582826,0,10.31,0.02,10.36,-0.012,10.312
-0.646,10.771,107365.858157071,0.399152070224483,0,10.31,0.02,10.36,-0.012,10.312
-0.646,10.831,106017.926209769,0.391738607355464,0,10.31,0.02,10.36,-0.012,10.312
-0.646,10.891,104616.960606904,0.384033465787746,0,10.31,0.02,10.36,-0.012,10.312
-0.646,10.951,103197.164706435,0.376224759858065,0,10.31,0.02,10.36,-0.012,10.312
-0.646,11.011,101787.001169912,0.368469030766415,0,10.31,0.02,10.36,-0.012,10.312
-0.646,11.071,100409.296476598,0.360891821391119,0,10.31,0.02,10.36,-0.012,10.312
-0.606,9.511,88088.2026847392,0.293127294024257,0,10.31,0.02,10.36,-0.012,10.312
-0.606,9.571,91248.6011154106,0.31050910359111,0,10.31,0.02,10.36,-0.012,10.312
-0.606,9.631,94224.2394292949,0.326874754836159,0,10.31,0.02,10.36,-0.012,10.312
-0.606,9.691,97051.773825546,0.342425852426383,0,10.31,0.02,10.36,-0.012,10.312
-0.606,9.751,99760.5947871292,0.357324040467483,0,10.31,0.02,10.36,-0.012,10.312
-0.606,9.811,102369.932741438,0.371675083986929,0,10.31,0.02,10.36,-0.012,10.312
-0.606,9.871,104886.796166795,0.385517528768817,0,10.31,0.02,10.36,-0.012,10.312
-0.606,9.931,107304.830128283,0.398816423438828,0,10.31,0.02,10.36,-0.012,10.312
-0.606,9.991,109604.266369688,0.411463044975951,0,10.31,0.02,10.36,-0.012,10.312
-0.606,10.051,111753.173730512,0.423281775854995,0,10.31,0.02,10.36,-0.012,10.312
-0.606,10.111,113710.161323807,0.434044971198097,0,10.31,0.02,10.36,-0.012,10.312
-0.606,10.171,115428.508329551,0.443495672139393,0,10.31,0.02,10.36,-0.012,10.312
-0.606,10.231,116861.407680776,0.45137644546523,0,10.31,0.02,10.36,-0.012,10.312
-0.606,10.291,117967.687994157,0.457460853541165,0,10.31,0.02,10.36,-0.012,10.312
-0.606,10.351,118717.137091784,0.461582733038568,0,10.31,0.02,10.36,-0.012,10.312
-0.606,10.411,119094.511004474,0.463658243968522,0,10.31,0.02,10.36,-0.012,10.312
-0.606,10.471,119101.531595023,0.4636968563684,0,10.31,0.02,10.36,-0.012,10.312
-0.606,10.531,118756.605177188,0.461799802740225,0,10.31,0.02,10.36,-0.012,10.312
-0.606,10.591,118092.491532275,0.458147257923535,0,10.31,0.02,10.36,-0.012,10.312
-0.606,10.651,117152.549186276,0.45297768857322,0,10.31,0.02,10.36,-0.012,10.312
-0.606,10.711,115986.364732231,0.44656381496054,0,10.31,0.02,10.36,-0.012,10.312
-0.606,10.771,114645.525230496,0.439189359685318,0,10.31,0.02,10.36,-0.012,10.312
-0.606,10.831,113180.081727325,0.431129597455371,0,10.31,0.02,10.36,-0.012,10.312
-0.606,10.891,111635.981895786,0.422637234921729,0,10.31,0.02,10.36,-0.012,10.312
-0.606,10.951,110053.508857115,0.413933824384652,0,10.31,0.02,10.36,-0.012,10.312
-0.606,11.011,108466.598871069,0.40520601117304,0,10.31,0.02,10.36,-0.012,10.312
-0.606,11.071,106902.830280411,0.396605472840387,0,10.31,0.02,10.36,-0.012,10.312
-0.566,9.511,89603.1878660203,0.301459529498769,0,10.31,0.02,10.36,-0.012,10.312
-0.566,9.571,93257.3230970452,0.321556831820144,0,10.31,0.02,10.36,-0.012,10.312
-0.566,9.631,96735.9162284638,0.340688673800599,0,10.31,0.02,10.36,-0.012,10.312
-0.566,9.691,100073.006568876,0.359042267525206,0,10.31,0.02,10.36,-0.012,10.312
-0.566,9.751,103295.404422827,0.376765066430063,0,10.31,0.02,10.36,-0.012,10.312
-0.566,9.811,106419.356585374,0.393946425925238,0,10.31,0.02,10.36,-0.012,10.312
-0.566,9.871,109448.129189463,0.410604309347357,0,10.31,0.02,10.36,-0.012,10.312
-0.566,9.931,112370.636172636,0.426677744692193,0,10.31,0.02,10.36,-0.012,10.312
-0.566,9.991,115161.315604736,0.442026144431964,0,10.31,0.02,10.36,-0.012,10.312
-0.566,10.051,117781.481429464,0.456436739930623,0,10.31,0.02,10.36,-0.012,10.312
-0.566,10.111,120182.303477935,0.469640971158379,0,10.31,0.02,10.36,-0.012,10.312
-0.566,10.171,122309.366038204,0.4813395582734,0,10.31,0.02,10.36,-0.012,10.312
-0.566,10.231,124108.443301122,0.491234265876278,0,10.31,0.02,10.36,-0.012,10.312
-0.566,10.291,125531.787008751,0.499062484316737,0,10.31,0.02,10.36,-0.012,10.312
-0.566,10.351,126543.972125518,0.504629380178762,0,10.31,0.02,10.36,-0.012,10.312
-0.566,10.411,127126.312874139,0.507832183944678,0,10.31,0.02,10.36,-0.012,10.312
-0.566,10.471,127279.099731704,0.50867249320339,0,10.31,0.02,10.36,-0.012,10.312
-0.566,10.531,127021.364619421,0.50725498122233,0,10.31,0.02,10.36,-0.012,10.312
-0.566,10.591,126388.408555726,0.503773799338248,0,10.31,0.02,10.36,-0.012,10.312
-0.566,10.651,125427.749552626,0.498490290876625,0,10.31,0.02,10.36,-0.012,10.312
-0.566,10.711,124194.349808394,0.491706741288069,0,10.31,0.02,10.36,-0.012,10.312
-0.566,10.771,122745.94094826,0.483740667536907,0,10.31,0.02,10.36,-0.012,10.312
-0.566,10.831,121139.05193108,0.474902972067677,0,10.31,0.02,10.36,-0.012,10.312
-0.566,10.891,119426.06173055,0.465481732907915,0,10.31,0.02,10.36,-0.012,10.312
-0.566,10.951,117653.340553128,0.455731980591236,0,10.31,0.02,10.36,-0.012,10.312
-0.566,11.011,115860.361476549,0.445870812276507,0,10.31,0.02,10.36,-0.012,10.312
-0.566,11.071,114079.570079817,0.436076674728568,0,10.31,0.02,10.36,-0.012,10.312
-0.526,9.511,91663.7582772539,0.312792417826886,0,10.31,0.02,10.36,-0.012,10.312
-0.526,9.571,95860.4071074905,0.33587347940387,0,10.31,0.02,10.36,-0.012,10.312
-0.526,9.631,99889.4060274703,0.358032486727914,0,10.31,0.02,10.36,-0.012,10.312
-0.526,9.691,103781.188574397,0.379436820577021,0,10.31,0.02,10.36,-0.012,10.312
-0.526,9.751,107558.934840601,0.400213968658661,0,10.31,0.02,10.36,-0.012,10.312
-0.526,9.811,111234.807774183,0.420430825718011,0,10.31,0.02,10.36,-0.012,10.312
-0.526,9.871,114807.227243537,0.440078701222126,0,10.31,0.02,10.36,-0.012,10.312
-0.526,9.931,118259.353992268,0.459064981295153,0,10.31,0.02,10.36,-0.012,10.312
-0.526,9.991,121559.010271703,0.477212692206725,0,10.31,0.02,10.36,-0.012,10.312
-0.526,10.051,124660.265153959,0.494269219402313,0,10.31,0.02,10.36,-0.012,10.312
-0.526,10.111,127506.808806541,0.509924865605882,0,10.31,0.02,10.36,-0.012,10.312
-0.526,10.171,130037.008244079,0.52384065684367,0,10.31,0.02,10.36,-0.012,10.312
-0.526,10.231,132190.20447631,0.535682975997317,0,10.31,0.02,10.36,-0.012,10.312
-0.526,10.291,133913.464441699,0.545160697623135,0,10.31,0.02,10.36,-0.012,10.312
-0.526,10.351,135167.76806938,0.552059216045302,0,10.31,0.02,10.36,-0.012,10.312
-0.526,10.411,135932.60806914,0.556265743645088,0,10.31,0.02,10.36,-0.012,10.312
-0.526,10.471,136208.251453114,0.55778174895698,0,10.31,0.02,10.36,-0.012,10.312
-0.526,10.531,136015.392790225,0.556721049609984,0,10.31,0.02,10.36,-0.012,10.312
-0.526,10.591,135392.467296031,0.553295034646388,0,10.31,0.02,10.36,-0.012,10.312
-0.526,10.651,134391.316091684,0.547788823969687,0,10.31,0.02,10.36,-0.012,10.312
-0.526,10.711,133072.093713519,0.540533260262573,0,10.31,0.02,10.36,-0.012,10.312
-0.526,10.771,131498.264147459,0.531877387780658,0,10.31,0.02,10.36,-0.012,10.312
-0.526,10.831,129732.314670956,0.522164879000953,0,10.31,0.02,10.36,-0.012,10.312
-0.526,10.891,127832.530594669,0.511716296090748,0,10.31,0.02,10.36,-0.012,10.312
-0.526,10.951,125850.909988886,0.500817622154831,0,10.31,0.02,10.36,-0.012,10.312
-0.526,11.011,123832.108290659,0.489714456702249,0,10.31,0.02,10.36,-0.012,10.312
-0.526,11.071,121813.200855806,0.478610709710998,0,10.31,0.02,10.36,-0.012,10.312
-0.486,9.511,94266.3863132989,0.327106557606495,0,10.31,0.02,10.36,-0.012,10.312
-0.486,9.571,99050.9654645642,0.353421164922371,0,10.31,0.02,10.36,-0.012,10.312
-0.486,9.631,103673.144725469,0.378842592460491,0,10.31,0.02,10.36,-0.012,10.312
-0.486,9.691,108158.413202938,0.403511027229652,0,10.31,0.02,10.36,-0.012,10.312
-0.486,9.751,112524.94890323,0.427526446068226,0,10.31,0.02,10.36,-0.012,10.312
-0.486,9.811,116779.472587025,0.450925812348029,0,10.31,0.02,10.36,-0.012,10.312
-0.486,9.871,120914.30140065,0.473666871302009,0,10.31,0.02,10.36,-0.012,10.312
-0.486,9.931,124905.817646137,0.495619728444553,0,10.31,0.02,10.36,-0.012,10.312
-0.486,9.991,128714.589843339,0.516567515398498,0,10.31,0.02,10.36,-0.012,10.312
-0.486,10.051,132287.346397282,0.536217244827132,0,10.31,0.02,10.36,-0.012,10.312
-0.486,10.111,135560.85917858,0.554221169657296,0,10.31,0.02,10.36,-0.012,10.312
-0.486,10.171,138467.532007326,0.570207519065675,0,10.31,0.02,10.36,-0.012,10.312
-0.486,10.231,140942.147307028,0.58381760426038,0,10.31,0.02,10.36,-0.012,10.312
-0.486,10.291,142928.898236425,0.594744494356389,0,10.31,0.02,10.36,-0.012,10.312
-0.486,10.351,144387.647463997,0.602767438879261,0,10.31,0.02,10.36,-0.012,10.312
-0.486,10.411,145298.407712596,0.60777651021931,0,10.31,0.02,10.36,-0.012,10.312
-0.486,10.471,145663.354666286,0.60978367437604,0,10.31,0.02,10.36,-0.012,10.312
-0.486,10.531,145506.179261452,0.608919228637523,0,10.31,0.02,10.36,-0.012,10.312
-0.486,10.591,144869.110547901,0.605415427676077,0,10.31,0.02,10.36,-0.012,10.312
-0.486,10.651,143808.334416422,0.599581287103327,0,10.31,0.02,10.36,-0.012,10.312
-0.486,10.711,142388.702328524,0.591773482122993,0,10.31,0.02,10.36,-0.012,10.312
-0.486,10.771,140678.56407592,0.582367928332282,0,10.31,0.02,10.36,-0.012,10.312
-0.486,10.831,138745.339387842,0.57173542609712,0,10.31,0.02,10.36,-0.012,10.312
-0.486,10.891,136652.163341074,0.560223210712591,0,10.31,0.02,10.36,-0.012,10.312
-0.486,10.951,134455.684395289,0.548142841863302,0,10.31,0.02,10.36,-0.012,10.312
-0.486,11.011,132204.909599201,0.535763852396722,0,10.31,0.02,10.36,-0.012,10.312
-0.486,11.071,129940.890518065,0.523312020962393,0,10.31,0.02,10.36,-0.012,10.312
-0.446,9.511,97388.979596716,0.344280443430618,0,10.31,0.02,10.36,-0.012,10.312
-0.446,9.571,102801.355186864,0.374047855317432,0,10.31,0.02,10.36,-0.012,10.312
-0.446,9.631,108052.2466863,0.402927124213921,0,10.31,0.02,10.36,-0.012,10.312
-0.446,9.691,113160.502091988,0.4310219118264,0,10.31,0.02,10.36,-0.012,10.312
-0.446,9.751,118137.631055488,0.458395519847981,0,10.31,0.02,10.36,-0.012,10.312
-0.446,9.811,122983.368585366,0.485046490857797,0,10.31,0.02,10.36,-0.012,10.312
-0.446,9.871,127682.643719856,0.510891936386827,0,10.31,0.02,10.36,-0.012,10.312
-0.446,9.931,132204.203640408,0.535759969708643,0,10.31,0.02,10.36,-0.012,10.312
-0.446,9.991,136501.116276943,0.559392470107586,0,10.31,0.02,10.36,-0.012,10.312
-0.446,10.051,140513.285519727,0.581458916240217,0,10.31,0.02,10.36,-0.012,10.312
-0.446,10.111,144171.924489526,0.601580988580762,0,10.31,0.02,10.36,-0.012,10.312
-0.446,10.171,147405.645728431,0.619366064734905,0,10.31,0.02,10.36,-0.012,10.312
-0.446,10.231,150147.496964461,0.634445915295137,0,10.31,0.02,10.36,-0.012,10.312
-0.446,10.291,152341.996682084,0.646515398628646,0,10.31,0.02,10.36,-0.012,10.312
-0.446,10.351,153951.116137259,0.655365361237387,0,10.31,0.02,10.36,-0.012,10.312
-0.446,10.411,154958.285848405,0.660904672974399,0,10.31,0.02,10.36,-0.012,10.312
-0.446,10.471,155369.865925106,0.663168313674029,0,10.31,0.02,10.36,-0.012,10.312
-0.446,10.531,155214.013993129,0.662311146876341,0,10.31,0.02,10.36,-0.012,10.312
-0.446,10.591,154537.365183833,0.65858966016989,0,10.31,0.02,10.36,-0.012,10.312
-0.446,10.651,153400.271936567,0.652335784680044,0,10.31,0.02,10.36,-0.012,10.312
-0.446,10.711,151871.468794469,0.643927552090361,0,10.31,0.02,10.36,-0.012,10.312
-0.446,10.771,150022.941269621,0.633760874020856,0,10.31,0.02,10.36,-0.012,10.312
-0.446,10.831,147925.558862267,0.622225524161268,0,10.31,0.02,10.36,-0.012,10.312
-0.446,10.891,145645.769202981,0.609686956452332,0,10.31,0.02,10.36,-0.012,10.312
-0.446,10.951,143243.415324799,0.596474300346224,0,10.31,0.02,10.36,-0.012,10.312
-0.446,11.011,140770.570772751,0.582873954049693,0,10.31,0.02,10.36,-0.012,10.312
-0.446,11.071,138271.195697137,0.569127693078662,0,10.31,0.02,10.36,-0.012,10.312
-0.406,9.511,100989.252393326,0.364081508869733,0,10.31,0.02,10.36,-0.012,10.312
-0.406,9.571,107061.406148483,0.397477620957525,0,10.31,0.02,10.36,-0.012,10.312
-0.406,9.631,112966.68251406,0.429955927562774,0,10.31,0.02,10.36,-0.012,10.312
-0.406,9.691,118715.274940563,0.461572491431814,0,10.31,0.02,10.36,-0.012,10.312
-0.406,9.751,124310.152599773,0.492343642650732,0,10.31,0.02,10.36,-0.012,10.312
-0.406,9.811,129742.477820267,0.522220775094372,0,10.31,0.02,10.36,-0.012,10.312
-0.406,9.871,134988.669762497,0.551074196993974,0,10.31,0.02,10.36,-0.012,10.312
-0.406,9.931,140009.38102853,0.578687502414396,0,10.31,0.02,10.36,-0.012,10.312
-0.406,9.991,144750.56025181,0.604763415369413,0,10.31,0.02,10.36,-0.012,10.312
-0.406,10.051,149146.622312576,0.628941225623571,0,10.31,0.02,10.36,-0.012,10.312
-0.406,10.111,153125.515510289,0.650824657528325,0,10.31,0.02,10.36,-0.012,10.312
-0.406,10.171,156615.181488671,0.670017398829388,0,10.31,0.02,10.36,-0.012,10.312
-0.406,10.231,159550.61503754,0.686161928723915,0,10.31,0.02,10.36,-0.012,10.312
-0.406,10.291,161880.541897048,0.69897624497709,0,10.31,0.02,10.36,-0.012,10.312
-0.406,10.351,163572.729352485,0.708283071551983,0,10.31,0.02,10.36,-0.012,10.312
-0.406,10.411,164617.161186631,0.714027320463927,0,10.31,0.02,10.36,-0.012,10.312
-0.406,10.471,165026.703722082,0.716279754932838,0,10.31,0.02,10.36,-0.012,10.312
-0.406,10.531,164835.355873056,0.715227364879573,0,10.31,0.02,10.36,-0.012,10.312
-0.406,10.591,164094.583288223,0.711153205154344,0,10.31,0.02,10.36,-0.012,10.312
-0.406,10.651,162868.484485515,0.704409809862157,0,10.31,0.02,10.36,-0.012,10.312
-0.406,10.711,161228.588831819,0.695390581879564,0,10.31,0.02,10.36,-0.012,10.312
-0.406,10.771,159248.971019925,0.684502923068087,0,10.31,0.02,10.36,-0.012,10.312
-0.406,10.831,157002.153136319,0.672145696142131,0,10.31,0.02,10.36,-0.012,10.312
-0.406,10.891,154556.028824632,0.658692307939567,0,10.31,0.02,10.36,-0.012,10.312
-0.406,10.951,151971.841165801,0.644479588006885,0,10.31,0.02,10.36,-0.012,10.312
-0.406,11.011,149303.105166173,0.629801862413953,0,10.31,0.02,10.36,-0.012,10.312
-0.406,11.071,146595.290604949,0.614909209453249,0,10.31,0.02,10.36,-0.012,10.312
-0.366,9.511,105003.826387107,0.386161180842332,0,10.31,0.02,10.36,-0.012,10.312
-0.366,9.571,111757.562383102,0.423305912914056,0,10.31,0.02,10.36,-0.012,10.312
-0.366,9.631,118330.623718982,0.459456956182115,0,10.31,0.02,10.36,-0.012,10.312
-0.366,9.691,124722.321594113,0.494610522326238,0,10.31,0.02,10.36,-0.012,10.312
-0.366,9.751,130925.163127028,0.528725401403553,0,10.31,0.02,10.36,-0.012,10.312
-0.366,9.811,136920.316155189,0.561698018795183,0,10.31,0.02,10.36,-0.012,10.312
-0.366,9.871,142674.977578624,0.593347961414162,0,10.31,0.02,10.36,-0.012,10.312
-0.366,9.931,148141.896833817,0.623415356869405,0,10.31,0.02,10.36,-0.012,10.312
-0.366,9.991,153261.132430799,0.651570534207504,0,10.31,0.02,10.36,-0.012,10.312
-0.366,10.051,157963.903899561,0.677435209152647,0,10.31,0.02,10.36,-0.012,10.312
-0.366,10.111,162178.140059682,0.700612998919298,0,10.31,0.02,10.36,-0.012,10.312
-0.366,10.171,165835.053390328,0.720725580452974,0,10.31,0.02,10.36,-0.012,10.312
-0.366,10.231,168875.858901196,0.737449643408705,0,10.31,0.02,10.36,-0.012,10.312
-0.366,10.291,171257.681575891,0.750549380375975,0,10.31,0.02,10.36,-0.012,10.312
-0.366,10.351,172957.808636377,0.75989987381947,0,10.31,0.02,10.36,-0.012,10.312
-0.366,10.411,173975.734436883,0.765498342748531,0,10.31,0.02,10.36,-0.012,10.312
-0.366,10.471,174332.848072311,0.767462424601156,0,10.31,0.02,10.36,-0.012,10.312
-0.366,10.531,174070.020569217,0.766016905085837,0,10.31,0.02,10.36,-0.012,10.312
-0.366,10.591,173243.657380483,0.761472007379195,0,10.31,0.02,10.36,-0.012,10.312
-0.366,10.651,171920.931247133,0.754197173441849,0,10.31,0.02,10.36,-0.012,10.312
-0.366,10.711,170174.894947444,0.744594184728947,0,10.31,0.02,10.36,-0.012,10.312
-0.366,10.771,168080.034123443,0.733072703273172,0,10.31,0.02,10.36,-0.012,10.312
-0.366,10.831,165708.620050519,0.720030212358203,0,10.31,0.02,10.36,-0.012,10.312
-0.366,10.891,163128.020110284,0.705837224444372,0,10.31,0.02,10.36,-0.012,10.312
-0.366,10.951,160398.959824698,0.690827722566335,0,10.31,0.02,10.36,-0.012,10.312
-0.366,11.011,157574.621626739,0.675294203680587,0,10.31,0.02,10.36,-0.012,10.312
-0.366,11.071,154700.4108125,0.659486391430324,0,10.31,0.02,10.36,-0.012,10.312
-0.326,9.511,109348.237433845,0.410054916759193,0,10.31,0.02,10.36,-0.012,10.312
-0.326,9.571,116793.144590483,0.451001006715358,0,10.31,0.02,10.36,-0.012,10.312
-0.326,9.631,124033.188918087,0.490820375860926,0,10.31,0.02,10.36,-0.012,10.312
-0.326,9.691,131054.523194311,0.529436866145863,0,10.31,0.02,10.36,-0.012,10.312
-0.326,9.751,137837.437756682,0.566742076807643,0,10.31,0.02,10.36,-0.012,10.312
-0.326,9.811,144352.102204922,0.602571944248504,0,10.31,0.02,10.36,-0.012,10.312
-0.326,9.871,150556.44835025,0.636695098512322,0,10.31,0.02,10.36,-0.012,10.312
-0.326,9.931,156396.388919325,0.668814066129905,0,10.31,0.02,10.36,-0.012,10.312
-0.326,9.991,161808.307703812,0.698578965640772,0,10.31,0.02,10.36,-0.012,10.312
-0.326,10.051,166723.488744083,0.725611867568406,0,10.31,0.02,10.36,-0.012,10.312
-0.326,10.111,171073.890201251,0.749538550018945,0,10.31,0.02,10.36,-0.012,10.312
-0.326,10.171,174798.457702492,0.770023221317718,0,10.31,0.02,10.36,-0.012,10.312
-0.326,10.231,177849.071228366,0.786801227171096,0,10.31,0.02,10.36,-0.012,10.312
-0.326,10.291,180195.274947177,0.799705064184061,0,10.31,0.02,10.36,-0.012,10.312
-0.326,10.351,181827.15716824,0.808680219255264,0,10.31,0.02,10.36,-0.012,10.312
-0.326,10.411,182756.083850682,0.81378920378679,0,10.31,0.02,10.36,-0.012,10.312
-0.326,10.471,183013.361709225,0.81520420092752,0,10.31,0.02,10.36,-0.012,10.312
-0.326,10.531,182647.225261994,0.813190494700011,0,10.31,0.02,10.36,-0.012,10.312
-0.326,10.591,181718.739364657,0.808083934433308,0,10.31,0.02,10.36,-0.012,10.312
-0.326,10.651,180297.261311391,0.800265976866456,0,10.31,0.02,10.36,-0.012,10.312
-0.326,10.711,178456.033804912,0.790139448016082,0,10.31,0.02,10.36,-0.012,10.312
-0.326,10.771,176268.328388383,0.778107332517784,0,10.31,0.02,10.36,-0.012,10.312
-0.326,10.831,173804.380749626,0.764555918169539,0,10.31,0.02,10.36,-0.012,10.312
-0.326,10.891,171129.196754433,0.749842729379967,0,10.31,0.02,10.36,-0.012,10.312
-0.326,10.951,168301.185401055,0.734289008583164,0,10.31,0.02,10.36,-0.012,10.312
-0.326,11.011,165371.499159381,0.718176088183889,0,10.31,0.02,10.36,-0.012,10.312
-0.326,11.071,162383.928389015,0.701744809869729,0,10.31,0.02,10.36,-0.012,10.312
-0.286,9.511,113917.97774469,0.435187936407037,0,10.31,0.02,10.36,-0.012,10.312
-0.286,9.571,122049.869836751,0.479912360514656,0,10.31,0.02,10.36,-0.012,10.312
-0.286,9.631,129940.715359354,0.523311057610645,0,10.31,0.02,10.36,-0.012,10.312
-0.286,9.691,137561.401356946,0.565223909956537,0,10.31,0.02,10.36,-0.012,10.312
-0.286,9.751,144878.663569277,0.605467968139563,0,10.31,0.02,10.36,-0.012,10.312
-0.286,9.811,151851.342481791,0.643816859802054,0,10.31,0.02,10.36,-0.012,10.312
-0.286,9.871,158428.948462359,0.679992898066868,0,10.31,0.02,10.36,-0.012,10.312
-0.286,9.931,164552.627740867,0.713672394308391,0,10.31,0.02,10.36,-0.012,10.312
-0.286,9.991,170158.285819576,0.744502836532192,0,10.31,0.02,10.36,-0.012,10.312
-0.286,10.051,175181.331529287,0.772128981110821,0,10.31,0.02,10.36,-0.012,10.312
-0.286,10.111,179562.281947969,0.796223679159121,0,10.31,0.02,10.36,-0.012,10.312
-0.286,10.171,183252.355526261,0.816518638048823,0,10.31,0.02,10.36,-0.012,10.312
-0.286,10.231,186218.210786712,0.83283048368186,0,10.31,0.02,10.36,-0.012,10.312
-0.286,10.291,188445.165605625,0.845078466151624,0,10.31,0.02,10.36,-0.012,10.312
-0.286,10.351,189938.522958828,0.853291751184522,0,10.31,0.02,10.36,-0.012,10.312
-0.286,10.411,190722.966087375,0.857606093624422,0,10.31,0.02,10.36,-0.012,10.312
-0.286,10.471,190840.291374076,0.858251368527429,0,10.31,0.02,10.36,-0.012,10.312
-0.286,10.531,190345.958169586,0.855532595622206,0,10.31,0.02,10.36,-0.012,10.312
-0.286,10.591,189305.022201317,0.849807573550258,0,10.31,0.02,10.36,-0.012,10.312
-0.286,10.651,187787.990559296,0.841464082788905,0,10.31,0.02,10.36,-0.012,10.312
-0.286,10.711,185867.025501427,0.830899007038832,0,10.31,0.02,10.36,-0.012,10.312
-0.286,10.771,183612.775311729,0.818500903327252,0,10.31,0.02,10.36,-0.012,10.312
-0.286,10.831,181091.962247816,0.804636736010454,0,10.31,0.02,10.36,-0.012,10.312
-0.286,10.891,178365.736160493,0.789642821880466,0,10.31,0.02,10.36,-0.012,10.312
-0.286,10.951,175488.718933242,0.773819574697671,0,10.31,0.02,10.36,-0.012,10.312
-0.286,11.011,172508.619157744,0.757429385952728,0,10.31,0.02,10.36,-0.012,10.312
-0.286,11.071,169466.281311498,0.740696895337538,0,10.31,0.02,10.36,-0.012,10.312
-0.246,9.511,118590.638817616,0.460887007812664,0,10.31,0.02,10.36,-0.012,10.312
-0.246,9.571,127390.669569326,0.509286113831766,0,10.31,0.02,10.36,-0.012,10.312
-0.246,9.631,135900.540357943,0.556089375107545,0,10.31,0.02,10.36,-0.012,10.312
-0.246,9.691,144074.175825566,0.601043382737813,0,10.31,0.02,10.36,-0.012,10.312
-0.246,9.751,151864.07741676,0.643886900405902,0,10.31,0.02,10.36,-0.012,10.312
-0.246,9.811,159218.298736248,0.684334229213323,0,10.31,0.02,10.36,-0.012,10.312
-0.246,9.871,166079.769240828,0.722071488067059,0,10.31,0.02,10.36,-0.012,10.312
-0.246,9.931,172387.918094004,0.756765544683832,0,10.31,0.02,10.36,-0.012,10.312
-0.246,9.991,178082.164228785,0.788083210513871,0,10.31,0.02,10.36,-0.012,10.312
-0.246,10.051,183106.56009458,0.81571678078785,0,10.31,0.02,10.36,-0.012,10.312
-0.246,10.111,187414.733895354,0.839411216229667,0,10.31,0.02,10.36,-0.012,10.312
-0.246,10.171,190974.285843885,0.858988321923752,0,10.31,0.02,10.36,-0.012,10.312
-0.246,10.231,193769.951832118,0.874364147119841,0,10.31,0.02,10.36,-0.012,10.312
-0.246,10.291,195805.115676838,0.885557302401454,0,10.31,0.02,10.36,-0.012,10.312
-0.246,10.351,197101.565937375,0.89268762221267,0,10.31,0.02,10.36,-0.012,10.312
-0.246,10.411,197697.684440661,0.895966201964779,0,10.31,0.02,10.36,-0.012,10.312
-0.246,10.471,197645.463775143,0.895678994613108,0,10.31,0.02,10.36,-0.012,10.312
-0.246,10.531,197006.851553544,0.892166704543867,0,10.31,0.02,10.36,-0.012,10.312
-0.246,10.591,195849.91358031,0.8858036854586,0,10.31,0.02,10.36,-0.012,10.312
-0.246,10.651,194245.22350528,0.87697808390555,0,10.31,0.02,10.36,-0.012,10.312
-0.246,10.711,192262.760703829,0.866074777995204,0,10.31,0.02,10.36,-0.012,10.312
-0.246,10.771,189969.466120803,0.853461934837198,0,10.31,0.02,10.36,-0.012,10.312
-0.246,10.831,187427.492470821,0.839481386853394,0,10.31,0.02,10.36,-0.012,10.312
-0.246,10.891,184693.102878876,0.824442574434205,0,10.31,0.02,10.36,-0.012,10.312
-0.246,10.951,181816.122688694,0.808619530950811,0,10.31,0.02,10.36,-0.012,10.312
-0.246,11.011,178839.828009792,0.792250269777463,0,10.31,0.02,10.36,-0.012,10.312
-0.246,11.071,175801.153948074,0.775537929534559,0,10.31,0.02,10.36,-0.012,10.312
-0.206,9.511,123229.145320089,0.486398233206943,0,10.31,0.02,10.36,-0.012,10.312
-0.206,9.571,132663.740434554,0.538287366560666,0,10.31,0.02,10.36,-0.012,10.312
-0.206,9.631,141746.129369834,0.588239408478239,0,10.31,0.02,10.36,-0.012,10.312
-0.206,9.691,150412.215166739,0.635901833427553,0,10.31,0.02,10.36,-0.012,10.312
-0.206,9.751,158600.424240614,0.680935994131599,0,10.31,0.02,10.36,-0.012,10.312
-0.206,9.811,166249.527607464,0.723005138575365,0,10.31,0.02,10.36,-0.012,10.312
-0.206,9.871,173298.665213022,0.761774543812767,0,10.31,0.02,10.36,-0.012,10.312
-0.206,9.931,179689.371805569,0.796922658022435,0,10.31,0.02,10.36,-0.012,10.312
-0.206,9.991,185369.007193898,0.828159966512087,0,10.31,0.02,10.36,-0.012,10.312
-0.206,10.051,190294.774299173,0.855251090518362,0,10.31,0.02,10.36,-0.012,10.312
-0.206,10.111,194437.476781818,0.878035453700748,0,10.31,0.02,10.36,-0.012,10.312
-0.206,10.171,197784.304713174,0.896442602999167,0,10.31,0.02,10.36,-0.012,10.312
-0.206,10.231,200340.192772205,0.910499678551769,0,10.31,0.02,10.36,-0.012,10.312
-0.206,10.291,202127.601739185,0.920330211936613,0,10.31,0.02,10.36,-0.012,10.312
-0.206,10.351,203184.858911813,0.9261449986608,0,10.31,0.02,10.36,-0.012,10.312
-0.206,10.411,203563.400990628,0.928226934363319,0,10.31,0.02,10.36,-0.012,10.312
-0.206,10.471,203324.367126185,0.926912276986118,0,10.31,0.02,10.36,-0.012,10.312
-0.206,10.531,202534.993516355,0.922570817494807,0,10.31,0.02,10.36,-0.012,10.312
-0.206,10.591,201265.189526678,0.915587048954239,0,10.31,0.02,10.36,-0.012,10.312
-0.206,10.651,199584.563455419,0.906343808595612,0,10.31,0.02,10.36,-0.012,10.312
-0.206,10.711,197560.046221896,0.895209208389389,0,10.31,0.02,10.36,-0.012,10.312
-0.206,10.771,195254.156597685,0.882527094026449,0,10.31,0.02,10.36,-0.012,10.312
-0.206,10.831,192723.87407647,0.868610845838478,0,10.31,0.02,10.36,-0.012,10.312
-0.206,10.891,190020.037517868,0.853740071411623,0,10.31,0.02,10.36,-0.012,10.312
-0.206,10.951,187187.165543328,0.838159617785629,0,10.31,0.02,10.36,-0.012,10.312
-0.206,11.011,184263.591701978,0.822080314849706,0,10.31,0.02,10.36,-0.012,10.312
-0.206,11.071,181281.816689871,0.805680912505798,0,10.31,0.02,10.36,-0.012,10.312
-0.166,9.511,127685.991365286,0.51091034803227,0,10.31,0.02,10.36,-0.012,10.312
-0.166,9.571,137707.657379164,0.566028300409821,0,10.31,0.02,10.36,-0.012,10.312
-0.166,9.631,147303.253577359,0.618802920273815,0,10.31,0.02,10.36,-0.012,10.312
-0.166,9.691,156390.407227817,0.668781167549253,0,10.31,0.02,10.36,-0.012,10.312
-0.166,9.751,164894.54045672,0.715552872939742,0,10.31,0.02,10.36,-0.012,10.312
-0.166,9.811,172747.545358725,0.758743451193895,0,10.31,0.02,10.36,-0.012,10.312
-0.166,9.871,179888.293538165,0.798016703520345,0,10.31,0.02,10.36,-0.012,10.312
-0.166,9.931,186264.649074672,0.833085888655518,0,10.31,0.02,10.36,-0.012,10.312
-0.166,9.991,191836.296640763,0.863729277168666,0,10.31,0.02,10.36,-0.012,10.312
-0.166,10.051,196577.572119487,0.889805719517,0,10.31,0.02,10.36,-0.012,10.312
-0.166,10.111,200479.570431939,0.911266238842347,0,10.31,0.02,10.36,-0.012,10.312
-0.166,10.171,203551.041850784,0.928158960587262,0,10.31,0.02,10.36,-0.012,10.312
-0.166,10.231,205817.890223075,0.940626352781139,0,10.31,0.02,10.36,-0.012,10.312
-0.166,10.291,207321.372439647,0.948895323339402,0,10.31,0.02,10.36,-0.012,10.312
-0.166,10.351,208115.308112465,0.953261873626013,0,10.31,0.02,10.36,-0.012,10.312
-0.166,10.411,208262.71427562,0.954072589715502,0,10.31,0.02,10.36,-0.012,10.312
-0.166,10.471,207832.286279436,0.951705287735696,0,10.31,0.02,10.36,-0.012,10.312
-0.166,10.531,206895.078998196,0.946550760911137,0,10.31,0.02,10.36,-0.012,10.312
-0.166,10.591,205521.636571649,0.938996993488151,0,10.31,0.02,10.36,-0.012,10.312
-0.166,10.651,203779.70573833,0.929416584344308,0,10.31,0.02,10.36,-0.012,10.312
-0.166,10.711,201732.569496445,0.918157582324653,0,10.31,0.02,10.36,-0.012,10.312
-0.166,10.771,199437.96545547,0.905537537306124,0,10.31,0.02,10.36,-0.012,10.312
-0.166,10.831,196947.508844753,0.891840326814601,0,10.31,0.02,10.36,-0.012,10.312
-0.166,10.891,194306.519981057,0.877315207117208,0,10.31,0.02,10.36,-0.012,10.312
-0.166,10.951,191554.153748463,0.862177525346173,0,10.31,0.02,10.36,-0.012,10.312
-0.166,11.011,188723.73773912,0.846610579232066,0,10.31,0.02,10.36,-0.012,10.312
-0.166,11.071,185843.240609118,0.830768193004541,0,10.31,0.02,10.36,-0.012,10.312
-0.126,9.511,131808.315605391,0.533582633342547,0,10.31,0.02,10.36,-0.012,10.312
-0.126,9.571,142357.288178242,0.591600708091524,0,10.31,0.02,10.36,-0.012,10.312
-0.126,9.631,152396.820493269,0.646816922967,0,10.31,0.02,10.36,-0.012,10.312
-0.126,9.691,161826.88446558,0.698681135586273,0,10.31,0.02,10.36,-0.012,10.312
-0.126,9.751,170561.813609558,0.746722190627653,0,10.31,0.02,10.36,-0.012,10.312
-0.126,9.811,178529.69990951,0.790544602691907,0,10.31,0.02,10.36,-0.012,10.312
-0.126,9.871,185673.023508477,0.829832019514625,0,10.31,0.02,10.36,-0.012,10.312
-0.126,9.931,191950.122790746,0.864355307242449,0,10.31,0.02,10.36,-0.012,10.312
-0.126,9.991,197336.836933394,0.893981584268125,0,10.31,0.02,10.36,-0.012,10.312
-0.126,10.051,201827.638599601,0.918680450906888,0,10.31,0.02,10.36,-0.012,10.312
-0.126,10.111,205435.759476794,0.938524679841097,0,10.31,0.02,10.36,-0.012,10.312
-0.126,10.171,208192.096678871,0.953684201464562,0,10.31,0.02,10.36,-0.012,10.312
-0.126,10.231,210142.973890481,0.964413790446582,0,10.31,0.02,10.36,-0.012,10.312
-0.126,10.291,211347.044715265,0.971036034521343,0,10.31,0.02,10.36,-0.012,10.312
-0.126,10.351,211871.733684274,0.973921760464201,0,10.31,0.02,10.36,-0.012,10.312
-0.126,10.411,211789.616385225,0.973470125239864,0,10.31,0.02,10.36,-0.012,10.312
-0.126,10.471,211175.071954134,0.97009020511083,0,10.31,0.02,10.36,-0.012,10.312
-0.126,10.531,210101.435053015,0.964185331858747,0,10.31,0.02,10.36,-0.012,10.312
-0.126,10.591,208638.762862659,0.95614081151449,0,10.31,0.02,10.36,-0.012,10.312
-0.126,10.651,206852.237487256,0.94631513777657,0,10.31,0.02,10.36,-0.012,10.312
-0.126,10.711,204801.155877756,0.935034436711665,0,10.31,0.02,10.36,-0.012,10.312
-0.126,10.771,202538.419137622,0.922589657997934,0,10.31,0.02,10.36,-0.012,10.312
-0.126,10.831,200110.416519372,0.909235936920024,0,10.31,0.02,10.36,-0.012,10.312
-0.126,10.891,197557.199925179,0.895193554101299,0,10.31,0.02,10.36,-0.012,10.312
-0.126,10.951,194912.855669023,0.880649980150742,0,10.31,0.02,10.36,-0.012,10.312
-0.126,11.011,192205.996227959,0.865762580235527,0,10.31,0.02,10.36,-0.012,10.312
-0.126,11.071,189460.311880471,0.850661648025349,0,10.31,0.02,10.36,-0.012,10.312
-0.086,9.511,135443.586625964,0.553576184785387,0,10.31,0.02,10.36,-0.012,10.312
-0.086,9.571,146450.18304156,0.614111135384782,0,10.31,0.02,10.36,-0.012,10.312
-0.086,9.631,156857.909773428,0.671352375071998,0,10.31,0.02,10.36,-0.012,10.312
-0.086,9.691,166550.527475022,0.724660601483704,0,10.31,0.02,10.36,-0.012,10.312
-0.086,9.751,175433.833052073,0.773517708981905,0,10.31,0.02,10.36,-0.012,10.312
-0.086,9.811,183435.512954958,0.817525981779745,0,10.31,0.02,10.36,-0.012,10.312
-0.086,9.871,190505.420952481,0.856409621663723,0,10.31,0.02,10.36,-0.012,10.312
-0.086,9.931,196615.934353091,0.890016707167354,0,10.31,0.02,10.36,-0.012,10.312
-0.086,9.991,201761.875096989,0.918318759587289,0,10.31,0.02,10.36,-0.012,10.312
-0.086,10.051,205959.564166086,0.941405542352338,0,10.31,0.02,10.36,-0.012,10.312
-0.086,10.111,209244.81207634,0.95947400897406,0,10.31,0.02,10.36,-0.012,10.312
-0.086,10.171,211669.917415815,0.972811795368719,0,10.31,0.02,10.36,-0.012,10.312
-0.086,10.231,213299.956862667,0.981776815404381,0,10.31,0.02,10.36,-0.012,10.312
-0.086,10.291,214208.757595698,0.986775109645533,0,10.31,0.02,10.36,-0.012,10.312
-0.086,10.351,214474.945368164,0.988239110236447,0,10.31,0.02,10.36,-0.012,10.312
-0.086,10.411,214178.387256335,0.986608076448019,0,10.31,0.02,10.36,-0.012,10.312
-0.086,10.471,213397.236193852,0.982311839973761,0,10.31,0.02,10.36,-0.012,10.312
-0.086,10.531,212205.669422721,0.975758366683501,0,10.31,0.02,10.36,-0.012,10.312
-0.086,10.591,210672.317613722,0.967325116975381,0,10.31,0.02,10.36,-0.012,10.312
-0.086,10.651,208859.3155522,0.957353824662409,0,10.31,0.02,10.36,-0.012,10.312
-0.086,10.711,206821.869096814,0.946148115297891,0,10.31,0.02,10.36,-0.012,10.312
-0.086,10.771,204608.221142043,0.933973318973327,0,10.31,0.02,10.36,-0.012,10.312
-0.086,10.831,202259.904098963,0.921057858932194,0,10.31,0.02,10.36,-0.012,10.312
-0.086,10.891,199812.180871616,0.907595676886661,0,10.31,0.02,10.36,-0.012,10.312
-0.086,10.951,197294.594883327,0.893749258095937,0,10.31,0.02,10.36,-0.012,10.312
-0.086,11.011,194731.568626116,0.879652923315702,0,10.31,0.02,10.36,-0.012,10.312
-0.086,11.071,192143.007276771,0.865416148613571,0,10.31,0.02,10.36,-0.012,10.312
-0.046,9.511,138445.619949711,0.570087005395946,0,10.31,0.02,10.36,-0.012,10.312
-0.046,9.571,149833.078007595,0.632716649016742,0,10.31,0.02,10.36,-0.012,10.312
-0.046,9.631,160530.567137966,0.691551546890075,0,10.31,0.02,10.36,-0.012,10.312
-0.046,9.691,170407.734228939,0.74587477264829,0,10.31,0.02,10.36,-0.012,10.312
-0.046,9.751,179364.705201364,0.795137030921673,0,10.31,0.02,10.36,-0.012,10.312
-0.046,9.811,187332.034709086,0.838956380695924,0,10.31,0.02,10.36,-0.012,10.312
-0.046,9.871,194270.12417973,0.877115034606822,0,10.31,0.02,10.36,-0.012,10.312
-0.046,9.931,200167.940354266,0.909552311062599,0,10.31,0.02,10.36,-0.012,10.312
-0.046,9.991,205040.807664434,0.936352492586512,0,10.31,0.02,10.36,-0.012,10.312
-0.046,10.051,208927.185165151,0.957727099334435,0,10.31,0.02,10.36,-0.012,10.312
-0.046,10.111,211884.557363581,0.973992289151182,0,10.31,0.02,10.36,-0.012,10.312
-0.046,10.171,213984.757715984,0.985543137368113,0,10.31,0.02,10.36,-0.012,10.312
-0.046,10.231,215309.139129563,0.992827075146747,0,10.31,0.02,10.36,-0.012,10.312
-0.046,10.291,215943.996245531,0.996318712588669,0,10.31,0.02,10.36,-0.012,10.312
-0.046,10.351,215976.556205493,0.996497788434952,0,10.31,0.02,10.36,-0.012,10.312
-0.046,10.411,215491.729433495,0.993831299759981,0,10.31,0.02,10.36,-0.012,10.312
-0.046,10.471,214569.687226795,0.988760179013328,0,10.31,0.02,10.36,-0.012,10.312
-0.046,10.531,213284.232817353,0.981690335054747,0,10.31,0.02,10.36,-0.012,10.312
-0.046,10.591,211701.866725622,0.972987512712925,0,10.31,0.02,10.36,-0.012,10.312
-0.046,10.651,209881.414495458,0.962975245372456,0,10.31,0.02,10.36,-0.012,10.312
-0.046,10.711,207874.07818354,0.951935138159465,0,10.31,0.02,10.36,-0.012,10.312
-0.046,10.771,205723.78343531,0.940108776817299,0,10.31,0.02,10.36,-0.012,10.312
-0.046,10.831,203467.71360655,0.927700665310708,0,10.31,0.02,10.36,-0.012,10.312
-0.046,10.891,201136.945159723,0.914881720428948,0,10.31,0.02,10.36,-0.012,10.312
-0.046,10.951,198757.120589986,0.901792972797559,0,10.31,0.02,10.36,-0.012,10.312
-0.046,11.011,196349.114321464,0.888549229227435,0,10.31,0.02,10.36,-0.012,10.312
-0.046,11.071,193929.662543726,0.875242536739333,0,10.31,0.02,10.36,-0.012,10.312
-0.006,9.511,140680.615548609,0.582379211184237,0,10.31,0.02,10.36,-0.012,10.312
-0.006,9.571,152368.147315039,0.646659223950687,0,10.31,0.02,10.36,-0.012,10.312
-0.006,9.631,163277.956465373,0.706661856283834,0,10.31,0.02,10.36,-0.012,10.312
-0.006,9.691,173268.063753929,0.761606239484663,0,10.31,0.02,10.36,-0.012,10.312
-0.006,9.751,182235.720334967,0.810927267314506,0,10.31,0.02,10.36,-0.012,10.312
-0.006,9.811,190117.063637342,0.854273703347186,0,10.31,0.02,10.36,-0.012,10.312
-0.006,9.871,196885.217294149,0.891497730811604,0,10.31,0.02,10.36,-0.012,10.312
-0.006,9.931,202546.977646049,0.922636728760345,0,10.31,0.02,10.36,-0.012,10.312
-0.006,9.991,207138.254167487,0.947888194964699,0,10.31,0.02,10.36,-0.012,10.312
-0.006,10.051,210718.564691761,0.967579470317571,0,10.31,0.02,10.36,-0.012,10.312
-0.006,10.111,213365.022582186,0.982134669001269,0,10.31,0.02,10.36,-0.012,10.312
-0.006,10.171,215166.313484357,0.992041551352614,0,10.31,0.02,10.36,-0.012,10.312
-0.006,10.231,216217.12003668,0.997820860444411,0,10.31,0.02,10.36,-0.012,10.312
-0.006,10.291,216613.335931533,1,0,10.31,0.02,10.36,-0.012,10.312
-0.006,10.351,216448.259101501,0.999092097377448,0,10.31,0.02,10.36,-0.012,10.312
-0.006,10.411,215809.808572261,0.995580696596644,0,10.31,0.02,10.36,-0.012,10.312
-0.006,10.471,214778.696994598,0.989909707486165,0,10.31,0.02,10.36,-0.012,10.312
-0.006,10.531,213427.420597409,0.982477850546805,0,10.31,0.02,10.36,-0.012,10.312
-0.006,10.591,211819.897308587,0.973636666660173,0,10.31,0.02,10.36,-0.012,10.312
-0.006,10.651,210011.582561442,0.963691154010007,0,10.31,0.02,10.36,-0.012,10.312
-0.006,10.711,208049.909792452,0.952902190766595,0,10.31,0.02,10.36,-0.012,10.312
-0.006,10.771,205974.929253488,0.941490048476819,0,10.31,0.02,10.36,-0.012,10.312
-0.006,10.831,203820.047578592,0.92963845959213,0,10.31,0.02,10.36,-0.012,10.312
-0.006,10.891,201612.797315445,0.917498849798607,0,10.31,0.02,10.36,-0.012,10.312
-0.006,10.951,199375.588253534,0.905194470231152,0,10.31,0.02,10.36,-0.012,10.312
-0.006,11.011,197126.410218836,0.892824262759314,0,10.31,0.02,10.36,-0.012,10.312
-0.006,11.071,194879.470286103,0.880466364577906,0,10.31,0.02,10.36,-0.012,10.312
0.034,9.511,142032.8917945,0.589816567170669,0,10.31,0.02,10.36,-0.012,10.312
0.034,9.571,153938.664689826,0.655296879780742,0,10.31,0.02,10.36,-0.012,10.312
0.034,9.631,164987.551102085,0.716064420252811,0,10.31,0.02,10.36,-0.012,10.312
0.034,9.691,175028.513646885,0.77128850121925,0,10.31,0.02,10.36,-0.012,10.312
0.034,9.751,183958.27954324,0.820401134860842,0,10.31,0.02,10.36,-0.012,10.312
0.034,9.811,191720.359246923,0.863091635508727,0,10.31,0.02,10.36,-0.012,10.312
0.034,9.871,198301.499896099,0.899287114023868,0,10.31,0.02,10.36,-0.012,10.312
0.034,9.931,203726.133931024,0.929121945876038,0,10.31,0.02,10.36,-0.012,10.312
0.034,9.991,208049.448603981,0.952899654285717,0,10.31,0.02,10.36,-0.012,10.312
0.034,10.051,211349.768978418,0.971051017639572,0,10.31,0.02,10.36,-0.012,10.312
0.034,10.111,213720.946813475,0.984092209274817,0,10.31,0.02,10.36,-0.012,10.312
0.034,10.171,215265.352198722,0.992586252316939,0,10.31,0.02,10.36,-0.012,10.312
0.034,10.231,216087.893423918,0.997110129685844,0,10.31,0.02,10.36,-0.012,10.312
0.034,10.291,216291.289278614,0.998228782314802,0,10.31,0.02,10.36,-0.012,10.312
0.034,10.351,215972.632804357,0.996476210202678,0,10.31,0.02,10.36,-0.012,10.312
0.034,10.411,215221.146140318,0.992343124336169,0,10.31,0.02,10.36,-0.012,10.312
0.034,10.471,214116.942215395,0.986270136145908,0,10.31,0.02,10.36,-0.012,10.312
0.034,10.531,212730.575196069,0.97864528502403,0,10.31,0.02,10.36,-0.012,10.312
0.034,10.591,211123.164664052,0.969804721286206,0,10.31,0.02,10.36,-0.012,10.312
0.034,10.651,209346.903928116,0.9600355018253,0,10.31,0.02,10.36,-0.012,10.312
0.034,10.711,207445.798427216,0.949579651239363,0,10.31,0.02,10.36,-0.012,10.312
0.034,10.771,205456.517279616,0.93863884524891,0,10.31,0.02,10.36,-0.012,10.312
0.034,10.831,203409.274635945,0.927379258032282,0,10.31,0.02,10.36,-0.012,10.312
0.034,10.891,201328.685297609,0.915936268023554,0,10.31,0.02,10.36,-0.012,10.312
0.034,10.951,199234.560560041,0.904418834954234,0,10.31,0.02,10.36,-0.012,10.312
0.034,11.011,197142.625937694,0.892913447254044,0,10.31,0.02,10.36,-0.012,10.312
0.034,11.071,195065.153278332,0.88148759860315,0,10.31,0.02,10.36,-0.012,10.312
0.074,9.511,142409.998994936,0.591890611215447,0,10.31,0.02,10.36,-0.012,10.312
0.074,9.571,154453.780760988,0.658129955941924,0,10.31,0.02,10.36,-0.012,10.312
0.074,9.631,165575.144305295,0.719296111884427,0,10.31,0.02,10.36,-0.012,10.312
0.074,9.691,175616.342522842,0.774521489022503,0,10.31,0.02,10.36,-0.012,10.312
0.074,9.751,184475.180806197,0.823244029361226,0,10.31,0.02,10.36,-0.012,10.312
0.074,9.811,192103.174337845,0.865197072261623,0,10.31,0.02,10.36,-0.012,10.312
0.074,9.871,198500.215822637,0.900380027613328,0,10.31,0.02,10.36,-0.012,10.312
0.074,9.931,203706.79482838,0.929015583147815,0,10.31,0.02,10.36,-0.012,10.312
0.074,9.991,207794.867877427,0.951499491045096,0,10.31,0.02,10.36,-0.012,10.312
0.074,10.051,210858.427134445,0.968348696855813,0,10.31,0.02,10.36,-0.012,10.312
0.074,10.111,213004.646668925,0.980152645014675,0,10.31,0.02,10.36,-0.012,10.312
0.074,10.171,214346.229541243,0.987531188738299,0,10.31,0.02,10.36,-0.012,10.312
0.074,10.231,214995.293702583,0.991100963213436,0,10.31,0.02,10.36,-0.012,10.312
0.074,10.291,215058.877163701,0.991450664568187,0,10.31,0.02,10.36,-0.012,10.312
0.074,10.351,214635.950267348,0.989124617731255,0,10.31,0.02,10.36,-0.012,10.312
0.074,10.411,213815.706867743,0.984613378125505,0,10.31,0.02,10.36,-0.012,10.312
0.074,10.471,212676.858596867,0.978349850217819,0,10.31,0.02,10.36,-0.012,10.312
0.074,10.531,211287.65886835,0.970709419537605,0,10.31,0.02,10.36,-0.012,10.312
0.074,10.591,209706.415827806,0.962012773841637,0,10.31,0.02,10.36,-0.012,10.312
0.074,10.651,207982.299423479,0.952530341905123,0,10.31,0.02,10.36,-0.012,10.312
0.074,10.711,206156.29560084,0.942487541476726,0,10.31,0.02,10.36,-0.012,10.312
0.074,10.771,204262.203662049,0.932070264635091,0,10.31,0.02,10.36,-0.012,10.312
0.074,10.831,202327.608135477,0.921430222953822,0,10.31,0.02,10.36,-0.012,10.312
0.074,10.891,200374.783531212,0.910689923547463,0,10.31,0.02,10.36,-0.012,10.312
0.074,10.951,198421.509884519,0.899947154461997,0,10.31,0.02,10.36,-0.012,10.312
0.074,11.011,196481.790331078,0.889278931251974,0,10.31,0.02,10.36,-0.012,10.312
0.074,11.071,194566.470530835,0.87874490373685,0,10.31,0.02,10.36,-0.012,10.312
0.114,9.511,141746.923031041,0.588243773518995,0,10.31,0.02,10.36,-0.012,10.312
0.114,9.571,153852.186794017,0.654821261801025,0,10.31,0.02,10.36,-0.012,10.312
0.114,9.631,164987.560084296,0.716064469653884,0,10.31,0.02,10.36,-0.012,10.312
0.114,9.691,174990.478285237,0.771079311325168,0,10.31,0.02,10.36,-0.012,10.312
0.114,9.751,183760.497483028,0.819313357423358,0,10.31,0.02,10.36,-0.012,10.312
0.114,9.811,191256.537666463,0.860540672849616,0,10.31,0.02,10.36,-0.012,10.312
0.114,9.871,197489.841918841,0.894823093203835,0,10.31,0.02,10.36,-0.012,10.312
0.114,9.931,202514.181827921,0.922456355722642,0,10.31,0.02,10.36,-0.012,10.312
0.114,9.991,206414.85150509,0.943909567714446,0,10.31,0.02,10.36,-0.012,10.312
0.114,10.051,209297.793708656,0.959765401551187,0,10.31,0.02,10.36,-0.012,10.312
0.114,10.111,211279.856696108,0.970666508532837,0,10.31,0.02,10.36,-0.012,10.312
0.114,10.171,212480.778662674,0.977271434267809,0,10.31,0.02,10.36,-0.012,10.312
0.114,10.231,213017.123181856,0.98022126432853,0,10.31,0.02,10.36,-0.012,10.312
0.114,10.291,212998.100970078,0.980116644461787,0,10.31,0.02,10.36,-0.012,10.312
0.114,10.351,212523.031352948,0.977503818959846,0,10.31,0.02,10.36,-0.012,10.312
0.114,10.411,211680.112513989,0.972867867177029,0,10.31,0.02,10.36,-0.012,10.312
0.114,10.471,210546.158576938,0.966631257514107,0,10.31,0.02,10.36,-0.012,10.312
0.114,10.531,209186.995858932,0.959156026762986,0,10.31,0.02,10.36,-0.012,10.312
0.114,10.591,207658.266384549,0.950748199336838,0,10.31,0.02,10.36,-0.012,10.312
0.114,10.651,206006.447204998,0.941663393402499,0,10.31,0.02,10.36,-0.012,10.312
0.114,10.711,204269.949395204,0.932112865231696,0,10.31,0.02,10.36,-0.012,10.312
0.114,10.771,202480.206319295,0.922269494529718,0,10.31,0.02,10.36,-0.012,10.312
0.114,10.831,200662.695847575,0.912273406505308,0,10.31,0.02,10.36,-0.012,10.312
0.114,10.891,198837.866563878,0.902237065899197,0,10.31,0.02,10.36,-0.012,10.312
0.114,10.951,197021.955320809,0.892249773439165,0,10.31,0.02,10.36,-0.012,10.312
0.114,11.011,195227.694638126,0.882381556445696,0,10.31,0.02,10.36,-0.012,10.312
0.114,11.071,193464.915074115,0.872686481801748,0,10.31,0.02,10.36,-0.012,10.312
0.154,9.511,140009.136147173,0.578686155596515,0,10.31,0.02,10.36,-0.012,10.312
0.154,9.571,152104.506828754,0.645209233126035,0,10.31,0.02,10.36,-0.012,10.312
0.154,9.631,163204.037316413,0.706255309894588,0,10.31,0.02,10.36,-0.012,10.312
0.154,9.691,173141.647210558,0.760910963768267,0,10.31,0.02,10.36,-0.012,10.312
0.154,9.751,181818.352747984,0.8086317960075,0,10.31,0.02,10.36,-0.012,10.312
0.154,9.811,189198.735580139,0.849223009974066,0,10.31,0.02,10.36,-0.012,10.312
0.154,9.871,195302.480160369,0.882792867783336,0,10.31,0.02,10.36,-0.012,10.312
0.154,9.931,200192.953005286,0.909689877621473,0,10.31,0.02,10.36,-0.012,10.312
0.154,9.991,203964.7453752,0.9304342799928,0,10.31,0.02,10.36,-0.012,10.312
0.154,10.051,206731.751812176,0.945652481119282,0,10.31,0.02,10.36,-0.012,10.312
0.154,10.111,208616.850920174,0.956020298477966,0,10.31,0.02,10.36,-0.012,10.312
0.154,10.171,209743.732353645,0.962218010225612,0,10.31,0.02,10.36,-0.012,10.312
0.154,10.231,210230.978213792,0.964897803593155,0,10.31,0.02,10.36,-0.012,10.312
0.154,10.291,210188.207141177,0.964662567860863,0,10.31,0.02,10.36,-0.012,10.312
0.154,10.351,209713.927057495,0.96205408469751,0,10.31,0.02,10.36,-0.012,10.312
0.154,10.411,208894.690429076,0.957548382211655,0,10.31,0.02,10.36,-0.012,10.312
0.154,10.471,207805.166739102,0.951556133540121,0,10.31,0.02,10.36,-0.012,10.312
0.154,10.531,206508.806181728,0.944426307085464,0,10.31,0.02,10.36,-0.012,10.312
0.154,10.591,205058.840981,0.936451673649052,0,10.31,0.02,10.36,-0.012,10.312
0.154,10.651,203499.440476787,0.927875159264147,0,10.31,0.02,10.36,-0.012,10.312
0.154,10.711,201866.895391965,0.918896358522349,0,10.31,0.02,10.36,-0.012,10.312
0.154,10.771,200190.753006717,0.909677777895124,0,10.31,0.02,10.36,-0.012,10.312
0.154,10.831,198494.858861863,0.900350564976237,0,10.31,0.02,10.36,-0.012,10.312
0.154,10.891,196798.284033222,0.891019608378747,0,10.31,0.02,10.36,-0.012,10.312
0.154,10.951,195116.132286582,0.881767976989847,0,10.31,0.02,10.36,-0.012,10.312
0.154,11.011,193460.23071235,0.872660718377951,0,10.31,0.02,10.36,-0.012,10.312
0.154,11.071,191839.712553856,0.863748064278009,0,10.31,0.02,10.36,-0.012,10.312
0.194,9.511,137194.315337595,0.563204981197087,0,10.31,0.02,10.36,-0.012,10.312
0.194,9.571,149214.335064097,0.629313637576683,0,10.31,0.02,10.36,-0.012,10.312
0.194,9.631,160236.334187954,0.689933301210742,0,10.31,0.02,10.36,-0.012,10.312
0.194,9.691,170091.41292177,0.744135043673047,0,10.31,0.02,10.36,-0.012,10.312
0.194,9.751,178680.90534637,0.791376214327789,0,10.31,0.02,10.36,-0.012,10.312
0.194,9.811,185972.393083604,0.831478516011545,0,10.31,0.02,10.36,-0.012,10.312
0.194,9.871,191990.281338831,0.864576174405438,0,10.31,0.02,10.36,-0.012,10.312
0.194,9.931,196803.262315291,0.891046988328714,0,10.31,0.02,10.36,-0.012,10.312
0.194,9.991,200510.882534391,0.911438451623079,0,10.31,0.02,10.36,-0.012,10.312
0.194,10.051,203230.954143084,0.926398516864113,0,10.31,0.02,10.36,-0.012,10.312
0.194,10.111,205088.914071204,0.936617072012097,0,10.31,0.02,10.36,-0.012,10.312
0.194,10.171,206209.621525852,0.942780827622087,0,10.31,0.02,10.36,-0.012,10.312
0.194,10.231,206711.607426392,0.945541689431078,0,10.31,0.02,10.36,-0.012,10.312
0.194,10.291,206703.487830884,0.945497032636694,0,10.31,0.02,10.36,-0.012,10.312
0.194,10.351,206282.111344015,0.943179512864621,0,10.31,0.02,10.36,-0.012,10.312
0.194,10.411,205531.985335613,0.939053910439734,0,10.31,0.02,10.36,-0.012,10.312
0.194,10.471,204525.570791776,0.933518752031693,0,10.31,0.02,10.36,-0.012,10.312
0.194,10.531,203324.112515763,0.926910876659556,0,10.31,0.02,10.36,-0.012,10.312
0.194,10.591,201978.754467594,0.919511569924827,0,10.31,0.02,10.36,-0.012,10.312
0.194,10.651,200531.764974659,0.911553302521782,0,10.31,0.02,10.36,-0.012,10.312
0.194,10.711,199017.757356572,0.903226443526744,0,10.31,0.02,10.36,-0.012,10.312
0.194,10.771,197464.837266476,0.894685570636592,0,10.31,0.02,10.36,-0.012,10.312
0.194,10.831,195895.64042926,0.886055177603651,0,10.31,0.02,10.36,-0.012,10.312
0.194,10.891,194328.24609392,0.877434698113267,0,10.31,0.02,10.36,-0.012,10.312
0.194,10.951,192776.96511094,0.868902840114236,0,10.31,0.02,10.36,-0.012,10.312
0.194,11.011,191253.009433684,0.86052126799557,0,10.31,0.02,10.36,-0.012,10.312
0.194,11.071,189765.053867886,0.852337692140819,0,10.31,0.02,10.36,-0.012,10.312
0.234,9.511,133332.625197704,0.54196615195127,0,10.31,0.02,10.36,-0.012,10.312
0.234,9.571,145217.90790761,0.607333771016915,0,10.31,0.02,10.36,-0.012,10.312
0.234,9.631,156127.653606184,0.667336054373043,0,10.31,0.02,10.36,-0.012,10.312
0.234,9.691,165890.331741153,0.721029604704437,0,10.31,0.02,10.36,-0.012,10.312
0.234,9.751,174405.829481287,0.767863813533778,0,10.31,0.02,10.36,-0.012,10.312
0.234,9.811,181641.467065279,0.807658946121853,0,10.31,0.02,10.36,-0.012,10.312
0.234,9.871,187622.191481088,0.840552207888636,0,10.31,0.02,10.36,-0.012,10.312
0.234,9.931,192417.50242428,0.866925838763626,0,10.31,0.02,10.36,-0.012,10.312
0.234,9.991,196127.530028676,0.887330542386285,0,10.31,0.02,10.36,-0.012,10.312
0.234,10.051,198870.122815905,0.902414471388529,0,10.31,0.02,10.36,-0.012,10.312
0.234,10.111,200770.078450972,0.912863997851301,0,10.31,0.02,10.36,-0.012,10.312
0.234,10.171,201950.974608668,0.919358784056766,0,10.31,0.02,10.36,-0.012,10.312
0.234,10.231,202529.553900273,0.922540900263509,0,10.31,0.02,10.36,-0.012,10.312
0.234,10.291,202612.315932949,0.922996081444899,0,10.31,0.02,10.36,-0.012,10.312
0.234,10.351,202293.84226859,0.921244514765132,0,10.31,0.02,10.36,-0.012,10.312
0.234,10.411,201656.372980787,0.917738510693695,0,10.31,0.02,10.36,-0.012,10.312
0.234,10.471,200770.213810661,0.912864742313234,0,10.31,0.02,10.36,-0.012,10.312
0.234,10.531,199694.640198099,0.906949217382185,0,10.31,0.02,10.36,-0.012,10.312
0.234,10.591,198479.053226497,0.90026363589117,0,10.31,0.02,10.36,-0.012,10.312
0.234,10.651,197164.2196753,0.893032210202178,0,10.31,0.02,10.36,-0.012,10.312
0.234,10.711,195783.489249496,0.885438359663723,0,10.31,0.02,10.36,-0.012,10.312
0.234,10.771,194363.926787885,0.877630937619556,0,10.31,0.02,10.36,-0.012,10.312
0.234,10.831,192927.328217725,0.869729819036465,0,10.31,0.02,10.36,-0.012,10.312
0.234,10.891,191491.109261644,0.861830788284957,0,10.31,0.02,10.36,-0.012,10.312
0.234,10.951,190069.068299784,0.854009734788839,0,10.31,0.02,10.36,-0.012,10.312
0.234,11.011,188672.031741384,0.846326202491022,0,10.31,0.02,10.36,-0.012,10.312
0.234,11.071,187308.393598148,0.838826357441807,0,10.31,0.02,10.36,-0.012,10.312
0.274,9.511,128485.546333066,0.515307803762314,0,10.31,0.02,10.36,-0.012,10.312
0.274,9.571,140182.466671479,0.579639452540457,0,10.31,0.02,10.36,-0.012,10.312
0.274,9.631,150950.523930627,0.638862466596858,0,10.31,0.02,10.36,-0.012,10.312
0.274,9.691,160615.419903497,0.692018226849589,0,10.31,0.02,10.36,-0.012,10.312
0.274,9.751,169073.511640525,0.738536709596959,0,10.31,0.02,10.36,-0.012,10.312
0.274,9.811,176288.360837429,0.778217508567456,0,10.31,0.02,10.36,-0.012,10.312
0.274,9.871,182281.179043186,0.811177284717928,0,10.31,0.02,10.36,-0.012,10.312
0.274,9.931,187117.812159233,0.837778182551564,0,10.31,0.02,10.36,-0.012,10.312
0.274,9.991,190894.794984351,0.858551131799459,0,10.31,0.02,10.36,-0.012,10.312
0.274,10.051,193726.415990305,0.874124705249353,0,10.31,0.02,10.36,-0.012,10.312
0.274,10.111,195733.96139938,0.885165962471452,0,10.31,0.02,10.36,-0.012,10.312
0.274,10.171,197037.596457372,0.892335797800685,0,10.31,0.02,10.36,-0.012,10.312
0.274,10.231,197750.820537054,0.896258444075669,0,10.31,0.02,10.36,-0.012,10.312
0.274,10.291,197977.129068307,0.897503113657649,0,10.31,0.02,10.36,-0.012,10.312
0.274,10.351,197808.39345125,0.896575088148471,0,10.31,0.02,10.36,-0.012,10.312
0.274,10.411,197324.470695855,0.893913571455602,0,10.31,0.02,10.36,-0.012,10.312
0.274,10.471,196593.621220231,0.889893987632229,0,10.31,0.02,10.36,-0.012,10.312
0.274,10.531,195673.404462961,0.884832906636918,0,10.31,0.02,10.36,-0.012,10.312
0.274,10.591,194611.812409391,0.878994278591238,0,10.31,0.02,10.36,-0.012,10.312
0.274,10.651,193448.478397245,0.872596082064647,0,10.31,0.02,10.36,-0.012,10.312
0.274,10.711,192215.858691334,0.865816822592622,0,10.31,0.02,10.36,-0.012,10.312
0.274,10.771,190940.327974966,0.858801557747085,0,10.31,0.02,10.36,-0.012,10.312
0.274,10.831,189643.159798465,0.851667289484799,0,10.31,0.02,10.36,-0.012,10.312
0.274,10.891,188341.382351615,0.84450767079243,0,10.31,0.02,10.36,-0.012,10.312
0.274,10.951,187048.511624013,0.837397037979918,0,10.31,0.02,10.36,-0.012,10.312
0.274,11.011,185775.170471831,0.830393815472886,0,10.31,0.02,10.36,-0.012,10.312
0.274,11.071,184529.605118893,0.823543356506154,0,10.31,0.02,10.36,-0.012,10.312
0.314,9.511,122743.316388985,0.483726232777959,0,10.31,0.02,10.36,-0.012,10.312
0.314,9.571,134203.424941306,0.546755445341386,0,10.31,0.02,10.36,-0.012,10.312
0.314,9.631,144803.786636738,0.60505615405634,0,10.31,0.02,10.36,-0.012,10.312
0.314,9.691,154367.099105059,0.657653217306163,0,10.31,0.02,10.36,-0.012,10.312
0.314,9.751,162784.115765791,0.703945792096103,0,10.31,0.02,10.36,-0.012,10.312
0.314,9.811,170011.267640039,0.743694254305732,0,10.31,0.02,10.36,-0.012,10.312
0.314,9.871,176061.986588831,0.776972477548015,0,10.31,0.02,10.36,-0.012,10.312
0.314,9.931,180994.320207741,0.804099716585996,0,10.31,0.02,10.36,-0.012,10.312
0.314,9.991,184897.392879154,0.825566144755838,0,10.31,0.02,10.36,-0.012,10.312
0.314,10.051,187878.707126948,0.841963012951695,0,10.31,0.02,10.36,-0.012,10.312
0.314,10.111,190053.507460488,0.853924152052589,0,10.31,0.02,10.36,-0.012,10.312
0.314,10.171,191536.704577667,0.862081557014794,0,10.31,0.02,10.36,-0.012,10.312
0.314,10.231,192437.323110503,0.867034850143352,0,10.31,0.02,10.36,-0.012,10.312
0.314,10.291,192855.123125984,0.869332699754857,0,10.31,0.02,10.36,-0.012,10.312
0.314,10.351,192878.918385522,0.869463570807654,0,10.31,0.02,10.36,-0.012,10.312
0.314,10.411,192586.111979691,0.867853170948979,0,10.31,0.02,10.36,-0.012,10.312
0.314,10.471,192043.034710082,0.864866311574283,0,10.31,0.02,10.36,-0.012,10.312
0.314,10.531,191305.761205789,0.860811396369304,0,10.31,0.02,10.36,-0.012,10.312
0.314,10.591,190421.167707997,0.855946238997539,0,10.31,0.02,10.36,-0.012,10.312
0.314,10.651,189428.071353959,0.850484329024452,0,10.31,0.02,10.36,-0.012,10.312
0.314,10.711,188358.349756436,0.844600989469146,0,10.31,0.02,10.36,-0.012,10.312
0.314,10.771,187237.982430261,0.838439104524669,0,10.31,0.02,10.36,-0.012,10.312
0.314,10.831,186087.984868298,0.832114256862932,0,10.31,0.02,10.36,-0.012,10.312
0.314,10.891,184925.224982033,0.825719217959331,0,10.31,0.02,10.36,-0.012,10.312
0.314,10.951,183763.123086077,0.819327797922933,0,10.31,0.02,10.36,-0.012,10.312
0.314,11.011,182612.242956727,0.812998096247188,0,10.31,0.02,10.36,-0.012,10.312
0.314,11.071,181480.784484693,0.806775211340393,0,10.31,0.02,10.36,-0.012,10.312
0.354,9.511,116221.13233651,0.44785500842224,0,10.31,0.02,10.36,-0.012,10.312
0.354,9.571,127400.503005865,0.50934019654477,0,10.31,0.02,10.36,-0.012,10.312
0.354,9.631,137808.848453353,0.566584839093156,0,10.31,0.02,10.36,-0.012,10.312
0.354,9.691,147265.750415999,0.618596657417021,0,10.31,0.02,10.36,-0.012,10.312
0.354,9.751,155654.598416307,0.664734307977636,0,10.31,0.02,10.36,-0.012,10.312
0.354,9.811,162921.762771978,0.704702834001255,0,10.31,0.02,10.36,-0.012,10.312
0.354,9.871,169069.36111829,0.738513882226083,0,10.31,0.02,10.36,-0.012,10.312
0.354,9.931,174144.019895805,0.766423892442352,0,10.31,0.02,10.36,-0.012,10.312
0.354,9.991,178224.126391849,0.788863985260538,0,10.31,0.02,10.36,-0.012,10.312
0.354,10.051,181407.594576505,0.806372675687291,0,10.31,0.02,10.36,-0.012,10.312
0.354,10.111,183801.43743181,0.819538522195781,0,10.31,0.02,10.36,-0.012,10.312
0.354,10.171,185513.72163059,0.82895587843121,0,10.31,0.02,10.36,-0.012,10.312
0.354,10.231,186647.93523407,0.835193916228119,0,10.31,0.02,10.36,-0.012,10.312
0.354,10.291,187299.469587352,0.838777276460522,0,10.31,0.02,10.36,-0.012,10.312
0.354,10.351,187553.773410725,0.8401759167671,0,10.31,0.02,10.36,-0.012,10.312
0.354,10.411,187485.721842759,0.839801641364473,0,10.31,0.02,10.36,-0.012,10.312
0.354,10.471,187159.798594783,0.838009102874786,0,10.31,0.02,10.36,-0.012,10.312
0.354,10.531,186630.772636708,0.835099524016008,0,10.31,0.02,10.36,-0.012,10.312
0.354,10.591,185944.635698688,0.831325853747822,0,10.31,0.02,10.36,-0.012,10.312
0.354,10.651,185139.640303317,0.826898476323276,0,10.31,0.02,10.36,-0.012,10.312
0.354,10.711,184247.335634533,0.821990908442623,0,10.31,0.02,10.36,-0.012,10.312
0.354,10.771,183293.540643873,0.816745151220188,0,10.31,0.02,10.36,-0.012,10.312
0.354,10.831,182299.22282704,0.811276523349288,0,10.31,0.02,10.36,-0.012,10.312
0.354,10.891,181281.270056579,0.805677906088728,0,10.31,0.02,10.36,-0.012,10.312
0.354,10.951,180253.154496211,0.800023394711429,0,10.31,0.02,10.36,-0.012,10.312
0.354,11.011,179225.494206174,0.794371387265947,0,10.31,0.02,10.36,-0.012,10.312
0.354,11.071,178206.521280812,0.788767159276675,0,10.31,0.02,10.36,-0.012,10.312
0.394,9.511,109054.33426232,0.408438484821701,0,10.31,0.02,10.36,-0.012,10.312
0.394,9.571,119913.030356758,0.468160001522291,0,10.31,0.02,10.36,-0.012,10.312
0.394,9.631,130105.355735239,0.524216559788117,0,10.31,0.02,10.36,-0.012,10.312
0.394,9.691,139447.97200453,0.575599820605169,0,10.31,0.02,10.36,-0.012,10.312
0.394,9.751,147815.697025269,0.621621297329982,0,10.31,0.02,10.36,-0.012,10.312
0.394,9.811,155142.59574278,0.661918355127326,0,10.31,0.02,10.36,-0.012,10.312
0.394,9.871,161416.652871919,0.696424911380453,0,10.31,0.02,10.36,-0.012,10.312
0.394,9.931,166670.119629048,0.725318343883139,0,10.31,0.02,10.36,-0.012,10.312
0.394,9.991,170967.892663653,0.748955576367522,0,10.31,0.02,10.36,-0.012,10.312
0.394,10.051,174395.949721729,0.767809476049764,0,10.31,0.02,10.36,-0.012,10.312
0.394,10.111,177051.216448556,0.782413122269491,0,10.31,0.02,10.36,-0.012,10.312
0.394,10.171,179033.549369938,0.793315713855146,0,10.31,0.02,10.36,-0.012,10.312
0.394,10.231,180439.968162832,0.801050847309231,0,10.31,0.02,10.36,-0.012,10.312
0.394,10.291,181360.918561205,0.806115963241987,0,10.31,0.02,10.36,-0.012,10.312
0.394,10.351,181878.17899743,0.808960833151952,0,10.31,0.02,10.36,-0.012,10.312
0.394,10.411,182063.987407257,0.809982756958836,0,10.31,0.02,10.36,-0.012,10.312
0.394,10.471,181981.004247299,0.809526359604109,0,10.31,0.02,10.36,-0.012,10.312
0.394,10.531,181682.800589497,0.807886275511622,0,10.31,0.02,10.36,-0.012,10.312
0.394,10.591,181214.638737274,0.805311441882157,0,10.31,0.02,10.36,-0.012,10.312
0.394,10.651,180614.382846239,0.802010106997259,0,10.31,0.02,10.36,-0.012,10.312
0.394,10.711,179913.433078787,0.798154967956708,0,10.31,0.02,10.36,-0.012,10.312
0.394,10.771,179137.618463437,0.793888081297001,0,10.31,0.02,10.36,-0.012,10.312
0.394,10.831,178308.012799686,0.78932535036948,0,10.31,0.02,10.36,-0.012,10.312
0.394,10.891,177441.657318729,0.784560499887009,0,10.31,0.02,10.36,-0.012,10.312
0.394,10.951,176552.185963527,0.779668514888771,0,10.31,0.02,10.36,-0.012,10.312
0.394,11.011,175650.356246203,0.774708560391858,0,10.31,0.02,10.36,-0.012,10.312
0.394,11.071,174744.492332097,0.769726418300004,0,10.31,0.02,10.36,-0.012,10.312
0.434,9.511,101392.847910575,0.366301235456979,0,10.31,0.02,10.36,-0.012,10.312
0.434,9.571,111894.646656019,0.424059859854203,0,10.31,0.02,10.36,-0.012,10.312
0.434,9.631,121846.44839337,0.478793567151029,0,10.31,0.02,10.36,-0.012,10.312
0.434,9.691,131062.610615038,0.529481345982835,0,10.31,0.02,10.36,-0.012,10.312
0.434,9.751,139408.873254786,0.575384782205027,0,10.31,0.02,10.36,-0.012,10.312
0.434,9.811,146805.588036051,0.616065819918667,0,10.31,0.02,10.36,-0.012,10.312
0.434,9.871,153224.631287984,0.651369782331655,0,10.31,0.02,10.36,-0.012,10.312
0.434,9.931,158681.683340781,0.681382909365758,0,10.31,0.02,10.36,-0.012,10.312
0.434,9.991,163226.020344068,0.70637621389096,0,10.31,0.02,10.36,-0.012,10.312
0.434,10.051,166929.809401522,0.726746606259107,0,10.31,0.02,10.36,-0.012,10.312
0.434,10.111,169878.363248953,0.742963296210689,0,10.31,0.02,10.36,-0.012,10.312
0.434,10.171,172162.169422269,0.755523954261562,0,10.31,0.02,10.36,-0.012,10.312
0.434,10.231,173870.956566233,0.764922077117975,0,10.31,0.02,10.36,-0.012,10.312
0.434,10.291,175089.683611789,0.771624928636397,0,10.31,0.02,10.36,-0.012,10.312
0.434,10.351,175896.137476837,0.776060327467971,0,10.31,0.02,10.36,-0.012,10.312
0.434,10.411,176359.759866362,0.778610194601003,0,10.31,0.02,10.36,-0.012,10.312
0.434,10.471,176541.342116984,0.779608875042813,0,10.31,0.02,10.36,-0.012,10.312
0.434,10.531,176493.285813909,0.779344571181488,0,10.31,0.02,10.36,-0.012,10.312
0.434,10.591,176260.19720658,0.77806261200018,0,10.31,0.02,10.36,-0.012,10.312
0.434,10.651,175879.649204155,0.775969643960139,0,10.31,0.02,10.36,-0.012,10.312
0.434,10.711,175382.999006754,0.773238127873817,0,10.31,0.02,10.36,-0.012,10.312
0.434,10.771,174796.190733806,0.770010753263815,0,10.31,0.02,10.36,-0.012,10.312
0.434,10.831,174140.501976975,0.766404544313782,0,10.31,0.02,10.36,-0.012,10.312
0.434,10.891,173433.21327959,0.76251454192439,0,10.31,0.02,10.36,-0.012,10.312
0.434,10.951,172688.19247558,0.758417017506909,0,10.31,0.02,10.36,-0.012,10.312
0.434,11.011,171916.393648101,0.754172217195351,0,10.31,0.02,10.36,-0.012,10.312
0.434,11.071,171126.274796576,0.749826658964747,0,10.31,0.02,10.36,-0.012,10.312
0.474,9.511,93395.2019168942,0.322315148672431,0,10.31,0.02,10.36,-0.012,10.312
0.474,9.571,103507.652068927,0.377932402842372,0,10.31,0.02,10.36,-0.012,10.312
0.474,9.631,113193.753051617,0.431204788087369,0,10.31,0.02,10.36,-0.012,10.312
0.474,9.691,122266.624828753,0.481104486784905,0,10.31,0.02,10.36,-0.012,10.312
0.474,9.751,130583.173243757,0.526844498360723,0,10.31,0.02,10.36,-0.012,10.312
0.474,9.811,138049.519575655,0.567908501190786,0,10.31,0.02,10.36,-0.012,10.312
0.474,9.871,144620.346644207,0.604047256258461,0,10.31,0.02,10.36,-0.012,10.312
0.474,9.931,150293.360250269,0.635248145745612,0,10.31,0.02,10.36,-0.012,10.312
0.474,9.991,155100.728968269,0.661688092925361,0,10.31,0.02,10.36,-0.012,10.312
0.474,10.051,159099.415744014,0.683680387118066,0,10.31,0.02,10.36,-0.012,10.312
0.474,10.111,162361.925865818,0.701623798650228,0,10.31,0.02,10.36,-0.012,10.312
0.474,10.171,164968.424460224,0.715959226033226,0,10.31,0.02,10.36,-0.012,10.312
0.474,10.231,167000.633994966,0.727136132966862,0,10.31,0.02,10.36,-0.012,10.312
0.474,10.291,168537.521020908,0.735588825941092,0,10.31,0.02,10.36,-0.012,10.312
0.474,10.351,169652.545504575,0.741721325897232,0,10.31,0.02,10.36,-0.012,10.312
0.474,10.411,170412.147357242,0.745899044320818,0,10.31,0.02,10.36,-0.012,10.312
0.474,10.471,170875.137305761,0.748445433104718,0,10.31,0.02,10.36,-0.012,10.312
0.474,10.531,171092.700779042,0.749642005924326,0,10.31,0.02,10.36,-0.012,10.312
0.474,10.591,171108.78358221,0.749730459398819,0,10.31,0.02,10.36,-0.012,10.312
0.474,10.651,170960.688654283,0.748915955186291,0,10.31,0.02,10.36,-0.012,10.312
0.474,10.711,170679.765375213,0.747370911089221,0,10.31,0.02,10.36,-0.012,10.312
0.474,10.771,170292.113860251,0.74523887458839,0,10.31,0.02,10.36,-0.012,10.312
0.474,10.831,169819.25679776,0.742638217869669,0,10.31,0.02,10.36,-0.012,10.312
0.474,10.891,169278.75236938,0.73966550881091,0,10.31,0.02,10.36,-0.012,10.312
0.474,10.951,168684.735699207,0.736398488887004,0,10.31,0.02,10.36,-0.012,10.312
0.474,11.011,168048.385011554,0.732898636981251,0,10.31,0.02,10.36,-0.012,10.312
0.474,11.071,167378.313786942,0.729213326195943,0,10.31,0.02,10.36,-0.012,10.312
0.514,9.511,85222.4532571049,0.277366018378111,0,10.31,0.02,10.36,-0.012,10.312
0.514,9.571,94917.269003081,0.330686333768372,0,10.31,0.02,10.36,-0.012,10.312
0.514,9.631,104312.281289331,0.382357766348839,0,10.31,0.02,10.36,-0.012,10.312
0.514,9.691,113220.84124734,0.431353769891374,0,10.31,0.02,10.36,-0.012,10.312
0.514,9.751,121491.968048568,0.476843968078725,0,10.31,0.02,10.36,-0.012,10.312
0.514,9.811,129017.887543605,0.518235616109131,0,10.31,0.02,10.36,-0.012,10.312
0.514,9.871,135735.86543874,0.555183682945995,0,10.31,0.02,10.36,-0.012,10.312
0.514,9.931,141625.001304389,0.587573218751547,0,10.31,0.02,10.36,-0.012,10.312
0.514,9.991,146699.499519163,0.61548234589214,0,10.31,0.02,10.36,-0.012,10.312
0.514,10.051,151000.201191539,0.639135685530457,0,10.31,0.02,10.36,-0.012,10.312
0.514,10.111,154585.942602342,0.658856830103142,0,10.31,0.02,10.36,-0.012,10.312
0.514,10.171,157525.826875002,0.675025838440839,0,10.31,0.02,10.36,-0.012,10.312
0.514,10.231,159892.976418327,0.688044874958205,0,10.31,0.02,10.36,-0.012,10.312
0.514,10.291,161759.91299185,0.698312800571457,0,10.31,0.02,10.36,-0.012,10.312
0.514,10.351,163195.439549388,0.706208023214627,0,10.31,0.02,10.36,-0.012,10.312
0.514,10.411,164262.762075921,0.712078168169319,0,10.31,0.02,10.36,-0.012,10.312
0.514,10.471,165018.55256604,0.716234924559333,0,10.31,0.02,10.36,-0.012,10.312
0.514,10.531,165512.675597606,0.718952541538865,0,10.31,0.02,10.36,-0.012,10.312
0.514,10.591,165788.348920281,0.720468711509994,0,10.31,0.02,10.36,-0.012,10.312
0.514,10.651,165882.562711646,0.720986875980713,0,10.31,0.02,10.36,-0.012,10.312
0.514,10.711,165826.631756505,0.720679262484352,0,10.31,0.02,10.36,-0.012,10.312
0.514,10.771,165646.79533259,0.719690183878522,0,10.31,0.02,10.36,-0.012,10.312
0.514,10.831,165364.810321228,0.718139300382113,0,10.31,0.02,10.36,-0.012,10.312
0.514,10.891,164998.505087426,0.716124665848855,0,10.31,0.02,10.36,-0.012,10.312
0.514,10.951,164562.276706296,0.713725462452574,0,10.31,0.02,10.36,-0.012,10.312
0.514,11.011,164067.523888233,0.711004381723394,0,10.31,0.02,10.36,-0.012,10.312
0.514,11.071,163523.013965599,0.708009642930138,0,10.31,0.02,10.36,-0.012,10.312
0.554,9.511,77032.3491198869,0.232321435054617,0,10.31,0.02,10.36,-0.012,10.312
0.554,9.571,86286.0775893125,0.283215823710782,0,10.31,0.02,10.36,-0.012,10.312
0.554,9.631,95365.4072503705,0.333151039989719,0,10.31,0.02,10.36,-0.012,10.312
0.554,9.691,104085.681066977,0.381111492501039,0,10.31,0.02,10.36,-0.012,10.312
0.554,9.751,112289.559064709,0.426231830393366,0,10.31,0.02,10.36,-0.012,10.312
0.554,9.811,119856.443583926,0.467848781107857,0,10.31,0.02,10.36,-0.012,10.312
0.554,9.871,126706.726376835,0.505524508898967,0,10.31,0.02,10.36,-0.012,10.312
0.554,9.931,132800.971369303,0.539042120123172,0,10.31,0.02,10.36,-0.012,10.312
0.554,9.991,138135.147663997,0.568379445332101,0,10.31,0.02,10.36,-0.012,10.312
0.554,10.051,142733.509888688,0.593669882048334,0,10.31,0.02,10.36,-0.012,10.312
0.554,10.111,146640.692575504,0.615158914806373,0,10.31,0.02,10.36,-0.012,10.312
0.554,10.171,149914.221781681,0.633162929971384,0,10.31,0.02,10.36,-0.012,10.312
0.554,10.231,152618.168940935,0.648034312688474,0,10.31,0.02,10.36,-0.012,10.312
0.554,10.291,154818.240716083,0.660134441665215,0,10.31,0.02,10.36,-0.012,10.312
0.554,10.351,156578.291116143,0.66981450623714,0,10.31,0.02,10.36,-0.012,10.312
0.554,10.411,157958.067183017,0.677403107916775,0,10.31,0.02,10.36,-0.012,10.312
0.554,10.471,159011.929819565,0.683199225102612,0,10.31,0.02,10.36,-0.012,10.312
0.554,10.531,159788.289593501,0.687469110068681,0,10.31,0.02,10.36,-0.012,10.312
0.554,10.591,160329.531157259,0.690445873282969,0,10.31,0.02,10.36,-0.012,10.312
0.554,10.651,160672.246646635,0.692330767071717,0,10.31,0.02,10.36,-0.012,10.312
0.554,10.711,160847.644849689,0.693295435998982,0,10.31,0.02,10.36,-0.012,10.312
0.554,10.771,160882.042802754,0.693484620585288,0,10.31,0.02,10.36,-0.012,10.312
0.554,10.831,160797.377816467,0.69301897338893,0,10.31,0.02,10.36,-0.012,10.312
0.554,10.891,160611.701092979,0.691997773841002,0,10.31,0.02,10.36,-0.012,10.312
0.554,10.951,160339.63037177,0.690501417742711,0,10.31,0.02,10.36,-0.012,10.312
0.554,11.011,159992.749977361,0.688593617479432,0,10.31,0.02,10.36,-0.012,10.312
0.554,11.071,159579.953658351,0.686323287594032,0,10.31,0.02,10.36,-0.012,10.312
0.594,9.511,68974.0248435904,0.188001625046112,0,10.31,0.02,10.36,-0.012,10.312
0.594,9.571,77768.874553099,0.23637223595902,0,10.31,0.02,10.36,-0.012,10.312
0.594,9.631,86510.1056429601,0.284447950941432,0,10.31,0.02,10.36,-0.012,10.312
0.594,9.691,95016.9592469413,0.331234618066212,0,10.31,0.02,10.36,-0.012,10.312
0.594,9.751,103127.67033028,0.375842549184698,0,10.31,0.02,10.36,-0.012,10.312
0.594,9.811,110710.456987049,0.417546959734612,0,10.31,0.02,10.36,-0.012,10.312
0.594,9.871,117670.001703502,0.455823614905491,0,10.31,0.02,10.36,-0.012,10.312
0.594,9.931,123948.993793458,0.490357312846925,0,10.31,0.02,10.36,-0.012,10.312
0.594,9.991,129525.404239533,0.521026896624592,0,10.31,0.02,10.36,-0.012,10.312
0.594,10.051,134406.843788218,0.547874224424753,0,10.31,0.02,10.36,-0.012,10.312
0.594,10.111,138623.522355496,0.571065447135706,0,10.31,0.02,10.36,-0.012,10.312
0.594,10.171,142221.101199054,0.590851696158489,0,10.31,0.02,10.36,-0.012,10.312
0.594,10.231,145254.312270792,0.607533990616473,0,10.31,0.02,10.36,-0.012,10.312
0.594,10.291,147781.790140987,0.62143481356266,0,10.31,0.02,10.36,-0.012,10.312
0.594,10.351,149862.224561304,0.632876951540999,0,10.31,0.02,10.36,-0.012,10.312
0.594,10.411,151551.727638059,0.64216901435744,0,10.31,0.02,10.36,-0.012,10.312
0.594,10.471,152902.204787185,0.649596475529008,0,10.31,0.02,10.36,-0.012,10.312
0.594,10.531,153960.491100904,0.655416922404863,0,10.31,0.02,10.36,-0.012,10.312
0.594,10.591,154768.03218821,0.659858300827515,0,10.31,0.02,10.36,-0.012,10.312
0.594,10.651,155360.92632044,0.663119146928343,0,10.31,0.02,10.36,-0.012,10.312
0.594,10.711,155770.187185693,0.665370032245197,0,10.31,0.02,10.36,-0.012,10.312
0.594,10.771,156022.12543032,0.666755662154456,0,10.31,0.02,10.36,-0.012,10.312
0.594,10.831,156138.779058354,0.667397243015934,0,10.31,0.02,10.36,-0.012,10.312
0.594,10.891,156138.347115609,0.667394867383018,0,10.31,0.02,10.36,-0.012,10.312
0.594,10.951,156035.59871859,0.666829763612255,0,10.31,0.02,10.36,-0.012,10.312
0.594,11.011,155842.241704179,0.665766323392096,0,10.31,0.02,10.36,-0.012,10.312
0.594,11.071,155567.243306809,0.664253865428602,0,10.31,0.02,10.36,-0.012,10.312
0.634,9.511,61183.4873836131,0.145154610176537,0,10.31,0.02,10.36,-0.012,10.312
0.634,9.571,69508.1776144338,0.190939400755751,0,10.31,0.02,10.36,-0.012,10.312
0.634,9.631,77892.6310837844,0.237052881926994,0,10.31,0.02,10.36,-0.012,10.312
0.634,9.691,86161.8846119573,0.28253277733885,0,10.31,0.02,10.36,-0.012,10.312
0.634,9.751,94151.8955266268,0.326476872111216,0,10.31,0.02,10.36,-0.012,10.312
0.634,9.811,101721.707503817,0.368109923490894,0,10.31,0.02,10.36,-0.012,10.312
0.634,9.871,108761.904297915,0.406830155345392,0,10.31,0.02,10.36,-0.012,10.312
0.634,9.931,115198.409879649,0.442230158462698,0,10.31,0.02,10.36,-0.012,10.312
0.634,9.991,120991.83682807,0.474093306785908,0,10.31,0.02,10.36,-0.012,10.312
0.634,10.051,126133.430654098,0.5023714516827,0,10.31,0.02,10.36,-0.012,10.312
0.634,10.111,130639.022865187,0.527151664531499,0,10.31,0.02,10.36,-0.012,10.312
0.634,10.171,134542.334503008,0.548619406987718,0,10.31,0.02,10.36,-0.012,10.312
0.634,10.231,137888.638021028,0.567023672076137,0,10.31,0.02,10.36,-0.012,10.312
0.634,10.291,140729.374701239,0.582647380633203,0,10.31,0.02,10.36,-0.012,10.312
0.634,10.351,143117.965671311,0.595784342407374,0,10.31,0.02,10.36,-0.012,10.312
0.634,10.411,145106.803019935,0.60672270755708,0,10.31,0.02,10.36,-0.012,10.312
0.634,10.471,146745.265921231,0.615734055574557,0,10.31,0.02,10.36,-0.012,10.312
0.634,10.531,148078.550574773,0.623066960097407,0,10.31,0.02,10.36,-0.012,10.312
0.634,10.591,149147.101335784,0.628943860193345,0,10.31,0.02,10.36,-0.012,10.312
0.634,10.651,149986.457472605,0.63356021754481,0,10.31,0.02,10.36,-0.012,10.312
0.634,10.711,150627.36748633,0.637085145193156,0,10.31,0.02,10.36,-0.012,10.312
0.634,10.771,151096.060340872,0.639662899271227,0,10.31,0.02,10.36,-0.012,10.312
0.634,10.831,151414.595262256,0.641414802857226,0,10.31,0.02,10.36,-0.012,10.312
0.634,10.891,151601.237369917,0.642441311901477,0,10.31,0.02,10.36,-0.012,10.312
0.634,10.951,151670.825518288,0.642824038310704,0,10.31,0.02,10.36,-0.012,10.312
0.634,11.011,151635.112363521,0.642627620273926,0,10.31,0.02,10.36,-0.012,10.312
0.634,11.071,151503.066045332,0.641901381476153,0,10.31,0.02,10.36,-0.012,10.312
0.674,9.511,53780.0660895518,0.104436687452717,0,10.31,0.02,10.36,-0.012,10.312
0.674,9.571,61630.5548043057,0.147613426980964,0,10.31,0.02,10.36,-0.012,10.312
0.674,9.631,69644.8080060251,0.19169085140344,0,10.31,0.02,10.36,-0.012,10.312
0.674,9.691,77655.4088903312,0.235748188521372,0,10.31,0.02,10.36,-0.012,10.312
0.674,9.751,85498.2135523439,0.278882666687839,0,10.31,0.02,10.36,-0.012,10.312
0.674,9.811,93025.2749297738,0.320280594933458,0,10.31,0.02,10.36,-0.012,10.312
0.674,9.871,100114.950861511,0.359272956067488,0,10.31,0.02,10.36,-0.012,10.312
0.674,9.931,106677.80104291,0.39536783921949,0,10.31,0.02,10.36,-0.012,10.312
0.674,9.991,112657.997239039,0.428258195841852,0,10.31,0.02,10.36,-0.012,10.312
0.674,10.051,118030.940860346,0.457808736663742,0,10.31,0.02,10.36,-0.012,10.312
0.674,10.111,122798.335307699,0.484028830184157,0,10.31,0.02,10.36,-0.012,10.312
0.674,10.171,126982.059001689,0.507038805073245,0,10.31,0.02,10.36,-0.012,10.312
0.674,10.231,130617.956798744,0.527035803711017,0,10.31,0.02,10.36,-0.012,10.312
0.674,10.291,133750.294298617,0.544263281548465,0,10.31,0.02,10.36,-0.012,10.312
0.674,10.351,136427.249660976,0.558986212643457,0,10.31,0.02,10.36,-0.012,10.312
0.674,10.411,138697.532191128,0.571472492290696,0,10.31,0.02,10.36,-0.012,10.312
0.674,10.471,140608.037688712,0.581980041722802,0,10.31,0.02,10.36,-0.012,10.312
0.674,10.531,142202.363154681,0.590748639178146,0,10.31,0.02,10.36,-0.012,10.312
0.674,10.591,143519.980325052,0.597995374436311,0,10.31,0.02,10.36,-0.012,10.312
0.674,10.651,144595.88169654,0.60391270200186,0,10.31,0.02,10.36,-0.012,10.312
0.674,10.711,145460.543887589,0.608668239594399,0,10.31,0.02,10.36,-0.012,10.312
0.674,10.771,146140.088454239,0.612405652616466,0,10.31,0.02,10.36,-0.012,10.312
0.674,10.831,146656.552778767,0.615246144008276,0,10.31,0.02,10.36,-0.012,10.312
0.674,10.891,147028.210523259,0.617290216703702,0,10.31,0.02,10.36,-0.012,10.312
0.674,10.951,147269.90187611,0.618619489946102,0,10.31,0.02,10.36,-0.012,10.312
0.674,11.011,147393.349049366,0.619298434485587,0,10.31,0.02,10.36,-0.012,10.312
0.674,11.071,147407.443269665,0.619375950994538,0,10.31,0.02,10.36,-0.012,10.312
0.714,9.511,46863.9338437165,0.0663987956256598,0,10.31,0.02,10.36,-0.012,10.312
0.714,9.571,54243.9019893755,0.106987728866598,0,10.31,0.02,10.36,-0.012,10.312
0.714,9.631,61881.073955525,0.148991252047919,0,10.31,0.02,10.36,-0.012,10.312
0.714,9.691,69617.0788419089,0.19153834435071,0,10.31,0.02,10.36,-0.012,10.312
0.714,9.751,77289.723486948,0.233736962980536,0,10.31,0.02,10.36,-0.012,10.312
0.714,9.811,84746.2543712903,0.274746982034831,0,10.31,0.02,10.36,-0.012,10.312
0.714,9.871,91854.7689900163,0.313842953671431,0,10.31,0.02,10.36,-0.012,10.312
0.714,9.931,98512.0036263854,0.350456939923361,0,10.31,0.02,10.36,-0.012,10.312
0.714,9.991,104646.75539982,0.384197333549333,0,10.31,0.02,10.36,-0.012,10.312
0.714,10.051,110219.238955919,0.414845319906533,0,10.31,0.02,10.36,-0.012,10.312
0.714,10.111,115217.399507849,0.442334599123695,0,10.31,0.02,10.36,-0.012,10.312
0.714,10.171,119651.479801604,0.466721505066376,0,10.31,0.02,10.36,-0.012,10.312
0.714,10.231,123548.037452573,0.488152101410846,0,10.31,0.02,10.36,-0.012,10.312
0.714,10.291,126944.294768081,0.506831106350627,0,10.31,0.02,10.36,-0.012,10.312
0.714,10.351,129883.336688939,0.522995481855173,0,10.31,0.02,10.36,-0.012,10.312
0.714,10.411,132410.359327605,0.536893801082945,0,10.31,0.02,10.36,-0.012,10.312
0.714,10.471,134569.954868735,0.548771315662452,0,10.31,0.02,10.36,-0.012,10.312
0.714,10.531,136404.297352672,0.558859977720607,0,10.31,0.02,10.36,-0.012,10.312
0.714,10.591,137952.045884108,0.567372407662894,0,10.31,0.02,10.36,-0.012,10.312
0.714,10.651,139247.780505577,0.57449879154569,0,10.31,0.02,10.36,-0.012,10.312
0.714,10.711,140321.809069815,0.580405818897612,0,10.31,0.02,10.36,-0.012,10.312
0.714,10.771,141200.215614585,0.585236948775191,0,10.31,0.02,10.36,-0.012,10.312
0.714,10.831,141905.053034485,0.589113469434545,0,10.31,0.02,10.36,-0.012,10.312
0.714,10.891,142454.610942715,0.592135971538745,0,10.31,0.02,10.36,-0.012,10.312
0.714,10.951,142863.712103636,0.594385978501062,0,10.31,0.02,10.36,-0.012,10.312
0.714,11.011,143144.007839926,0.595927571188655,0,10.31,0.02,10.36,-0.012,10.312
0.714,11.071,143304.255218219,0.596808912410076,0,10.31,0.02,10.36,-0.012,10.312
0.754,9.511,40514.7199780427,0.0314788864011383,0,10.31,0.02,10.36,-0.012,10.312
0.754,9.571,47435.7268886352,0.0695435882954615,0,10.31,0.02,10.36,-0.012,10.312
0.754,9.631,54696.3780045402,0.10947629228722,0,10.31,0.02,10.36,-0.012,10.312
0.754,9.691,62148.5337243631,0.150462248465213,0,10.31,0.02,10.36,-0.012,10.312
0.754,9.751,69633.7693699898,0.191630140238803,0,10.31,0.02,10.36,-0.012,10.312
0.754,9.811,76996.5759848418,0.232124687133555,0,10.31,0.02,10.36,-0.012,10.312
0.754,9.871,84096.7111053953,0.271174572542518,0,10.31,0.02,10.36,-0.012,10.312
0.754,9.931,90818.6385496402,0.308144361422348,0,10.31,0.02,10.36,-0.012,10.312
0.754,9.991,97076.8786815935,0.342563926101774,0,10.31,0.02,10.36,-0.012,10.312
0.754,10.051,102817.149015354,0.374134719466103,0,10.31,0.02,10.36,-0.012,10.312
0.754,10.111,108014.034219798,0.402716960264539,0,10.31,0.02,10.36,-0.012,10.312
0.754,10.171,112666.377770602,0.428304287753012,0,10.31,0.02,10.36,-0.012,10.312
0.754,10.231,116791.632130573,0.450992688368569,0,10.31,0.02,10.36,-0.012,10.312
0.754,10.291,120420.171577694,0.470949216970649,0,10.31,0.02,10.36,-0.012,10.312
0.754,10.351,123590.225828356,0.488384132380952,0,10.31,0.02,10.36,-0.012,10.312
0.754,10.411,126343.760294562,0.503528239295723,0,10.31,0.02,10.36,-0.012,10.312
0.754,10.471,128723.376424431,0.516615840533014,0,10.31,0.02,10.36,-0.012,10.312
0.754,10.531,130770.148399497,0.52787283912917,0,10.31,0.02,10.36,-0.012,10.312
0.754,10.591,132522.236277013,0.537509110789042,0,10.31,0.02,10.36,-0.012,10.312
0.754,10.651,134014.095762195,0.545714157728784,0,10.31,0.02,10.36,-0.012,10.312
0.754,10.711,135276.117562285,0.552655125166779,0,10.31,0.02,10.36,-0.012,10.312
0.754,10.771,136334.556996941,0.558476414189293,0,10.31,0.02,10.36,-0.012,10.312
0.754,10.831,137211.645989382,0.563300297688233,0,10.31,0.02,10.36,-0.012,10.312
0.754,10.891,137925.808714579,0.567228106400148,0,10.31,0.02,10.36,-0.012,10.312
0.754,10.951,138491.926508678,0.570341685876057,0,10.31,0.02,10.36,-0.012,10.312
0.754,11.011,138921.616665378,0.572704929827841,0,10.31,0.02,10.36,-0.012,10.312
0.754,11.071,139223.503998196,0.574365273687893,0,10.31,0.02,10.36,-0.012,10.312
0.794,9.511,34791.1603682792,0,0,10.31,0.02,10.36,-0.012,10.312
0.794,9.571,41272.430363475,0.035646201983438,0,10.31,0.02,10.36,-0.012,10.312
0.794,9.631,48164.9834479606,0.0735544112716262,0,10.31,0.02,10.36,-0.012,10.312
0.794,9.691,55331.759490457,0.11297081370051,0,10.31,0.02,10.36,-0.012,10.312
0.794,9.751,62619.6221002227,0.153053177621133,0,10.31,0.02,10.36,-0.012,10.312
0.794,9.811,69872.1365867664,0.192941131134376,0,10.31,0.02,10.36,-0.012,10.312
0.794,9.871,76942.4993577232,0.231827272217299,0,10.31,0.02,10.36,-0.012,10.312
0.794,9.931,83704.3684998731,0.269016735610325,0,10.31,0.02,10.36,-0.012,10.312
0.794,9.991,90059.0284682105,0.303966597741562,0,10.31,0.02,10.36,-0.012,10.312
0.794,10.051,95938.3372399566,0.336302085717839,0,10.31,0.02,10.36,-0.012,10.312
0.794,10.111,101303.862265959,0.365811825161781,0,10.31,0.02,10.36,-0.012,10.312
0.794,10.171,106143.233168353,0.392427780489578,0,10.31,0.02,10.36,-0.012,10.312
0.794,10.231,110464.943644129,0.416196666008564,0,10.31,0.02,10.36,-0.012,10.312
0.794,10.291,114292.706552298,0.437248899578597,0,10.31,0.02,10.36,-0.012,10.312
0.794,10.351,117660.160308358,0.455769488421117,0,10.31,0.02,10.36,-0.012,10.312
0.794,10.411,120606.384718251,0.471973366747654,0,10.31,0.02,10.36,-0.012,10.312
0.794,10.471,123172.400032936,0.486086140982894,0,10.31,0.02,10.36,-0.012,10.312
0.794,10.531,125398.628659566,0.498330129482833,0,10.31,0.02,10.36,-0.012,10.312
0.794,10.591,127323.191255185,0.508914991255923,0,10.31,0.02,10.36,-0.012,10.312
0.794,10.651,128980.866955147,0.518032007345004,0,10.31,0.02,10.36,-0.012,10.312
0.794,10.711,130402.547214046,0.525851077018407,0,10.31,0.02,10.36,-0.012,10.312
0.794,10.771,131615.034263077,0.532519609309778,0,10.31,0.02,10.36,-0.012,10.312
0.794,10.831,132641.064871953,0.538162653705752,0,10.31,0.02,10.36,-0.012,10.312
0.794,10.891,133499.469962703,0.542883778002558,0,10.31,0.02,10.36,-0.012,10.312
0.794,10.951,134205.406793793,0.54676634529064,0,10.31,0.02,10.36,-0.012,10.312
0.794,11.011,134770.621635999,0.549874958640224,0,10.31,0.02,10.36,-0.012,10.312
0.794,11.071,135203.71722247,0.552256932044346,0,10.31,0.02,10.36,-0.012,10.312
