subset_id,elevation_mask_integer,azimuth_mask_integer,I_e_global,I_a_global,sequential_channel_ids,B_e,B_a,B_out,MAC_el,MAC_az,MAC_total
RECT_E01_A01,1,1,1,1,1,1,1,1,2080,65,2145
RECT_E01_A02,1,2,1,2,6,1,1,1,2080,65,2145
RECT_E01_A03,1,3,1,1;2,1;6,1,2,2,2080,130,2210
RECT_E01_A04,1,4,1,3,11,1,1,1,2080,65,2145
RECT_E01_A05,1,5,1,1;3,1;11,1,2,2,2080,130,2210
RECT_E01_A06,1,6,1,2;3,6;11,1,2,2,2080,130,2210
RECT_E01_A07,1,7,1,1;2;3,1;6;11,1,3,3,2080,195,2275
RECT_E01_A08,1,8,1,4,16,1,1,1,2080,65,2145
RECT_E01_A09,1,9,1,1;4,1;16,1,2,2,2080,130,2210
RECT_E01_A10,1,10,1,2;4,6;16,1,2,2,2080,130,2210
RECT_E01_A11,1,11,1,1;2;4,1;6;16,1,3,3,2080,195,2275
RECT_E01_A12,1,12,1,3;4,11;16,1,2,2,2080,130,2210
RECT_E01_A13,1,13,1,1;3;4,1;11;16,1,3,3,2080,195,2275
RECT_E01_A14,1,14,1,2;3;4,6;11;16,1,3,3,2080,195,2275
RECT_E01_A15,1,15,1,1;2;3;4,1;6;11;16,1,4,4,2080,260,2340
RECT_E01_A16,1,16,1,5,21,1,1,1,2080,65,2145
RECT_E01_A17,1,17,1,1;5,1;21,1,2,2,2080,130,2210
RECT_E01_A18,1,18,1,2;5,6;21,1,2,2,2080,130,2210
RECT_E01_A19,1,19,1,1;2;5,1;6;21,1,3,3,2080,195,2275
RECT_E01_A20,1,20,1,3;5,11;21,1,2,2,2080,130,2210
RECT_E01_A21,1,21,1,1;3;5,1;11;21,1,3,3,2080,195,2275
RECT_E01_A22,1,22,1,2;3;5,6;11;21,1,3,3,2080,195,2275
RECT_E01_A23,1,23,1,1;2;3;5,1;6;11;21,1,4,4,2080,260,2340
RECT_E01_A24,1,24,1,4;5,16;21,1,2,2,2080,130,2210
RECT_E01_A25,1,25,1,1;4;5,1;16;21,1,3,3,2080,195,2275
RECT_E01_A26,1,26,1,2;4;5,6;16;21,1,3,3,2080,195,2275
RECT_E01_A27,1,27,1,1;2;4;5,1;6;16;21,1,4,4,2080,260,2340
RECT_E01_A28,1,28,1,3;4;5,11;16;21,1,3,3,2080,195,2275
RECT_E01_A29,1,29,1,1;3;4;5,1;11;16;21,1,4,4,2080,260,2340
RECT_E01_A30,1,30,1,2;3;4;5,6;11;16;21,1,4,4,2080,260,2340
RECT_E01_A31,1,31,1,1;2;3;4;5,1;6;11;16;21,1,5,5,2080,325,2405
RECT_E02_A01,2,1,2,1,2,1,1,1,2080,65,2145
RECT_E02_A02,2,2,2,2,7,1,1,1,2080,65,2145
RECT_E02_A03,2,3,2,1;2,2;7,1,2,2,2080,130,2210
RECT_E02_A04,2,4,2,3,12,1,1,1,2080,65,2145
RECT_E02_A05,2,5,2,1;3,2;12,1,2,2,2080,130,2210
RECT_E02_A06,2,6,2,2;3,7;12,1,2,2,2080,130,2210
RECT_E02_A07,2,7,2,1;2;3,2;7;12,1,3,3,2080,195,2275
RECT_E02_A08,2,8,2,4,17,1,1,1,2080,65,2145
RECT_E02_A09,2,9,2,1;4,2;17,1,2,2,2080,130,2210
RECT_E02_A10,2,10,2,2;4,7;17,1,2,2,2080,130,2210
RECT_E02_A11,2,11,2,1;2;4,2;7;17,1,3,3,2080,195,2275
RECT_E02_A12,2,12,2,3;4,12;17,1,2,2,2080,130,2210
RECT_E02_A13,2,13,2,1;3;4,2;12;17,1,3,3,2080,195,2275
RECT_E02_A14,2,14,2,2;3;4,7;12;17,1,3,3,2080,195,2275
RECT_E02_A15,2,15,2,1;2;3;4,2;7;12;17,1,4,4,2080,260,2340
RECT_E02_A16,2,16,2,5,22,1,1,1,2080,65,2145
RECT_E02_A17,2,17,2,1;5,2;22,1,2,2,2080,130,2210
RECT_E02_A18,2,18,2,2;5,7;22,1,2,2,2080,130,2210
RECT_E02_A19,2,19,2,1;2;5,2;7;22,1,3,3,2080,195,2275
RECT_E02_A20,2,20,2,3;5,12;22,1,2,2,2080,130,2210
RECT_E02_A21,2,21,2,1;3;5,2;12;22,1,3,3,2080,195,2275
RECT_E02_A22,2,22,2,2;3;5,7;12;22,1,3,3,2080,195,2275
RECT_E02_A23,2,23,2,1;2;3;5,2;7;12;22,1,4,4,2080,260,2340
RECT_E02_A24,2,24,2,4;5,17;22,1,2,2,2080,130,2210
RECT_E02_A25,2,25,2,1;4;5,2;17;22,1,3,3,2080,195,2275
RECT_E02_A26,2,26,2,2;4;5,7;17;22,1,3,3,2080,195,2275
RECT_E02_A27,2,27,2,1;2;4;5,2;7;17;22,1,4,4,2080,260,2340
RECT_E02_A28,2,28,2,3;4;5,12;17;22,1,3,3,2080,195,2275
RECT_E02_A29,2,29,2,1;3;4;5,2;12;17;22,1,4,4,2080,260,2340
RECT_E02_A30,2,30,2,2;3;4;5,7;12;17;22,1,4,4,2080,260,2340
RECT_E02_A31,2,31,2,1;2;3;4;5,2;7;12;17;22,1,5,5,2080,325,2405
RECT_E03_A01,3,1,1;2,1,1;2,2,1,2,4160,130,4290
RECT_E03_A02,3,2,1;2,2,6;7,2,1,2,4160,130,4290
RECT_E03_A03,3,3,1;2,1;2,1;2;6;7,2,2,4,4160,260,4420
RECT_E03_A04,3,4,1;2,3,11;12,2,1,2,4160,130,4290
RECT_E03_A05,3,5,1;2,1;3,1;2;11;12,2,2,4,4160,260,4420
RECT_E03_A06,3,6,1;2,2;3,6;7;11;12,2,2,4,4160,260,4420
RECT_E03_A07,3,7,1;2,1;2;3,1;2;6;7;11;12,2,3,6,4160,390,4550
RECT_E03_A08,3,8,1;2,4,16;17,2,1,2,4160,130,4290
RECT_E03_A09,3,9,1;2,1;4,1;2;16;17,2,2,4,4160,260,4420
RECT_E03_A10,3,10,1;2,2;4,6;7;16;17,2,2,4,4160,260,4420
RECT_E03_A11,3,11,1;2,1;2;4,1;2;6;7;16;17,2,3,6,4160,390,4550
RECT_E03_A12,3,12,1;2,3;4,11;12;16;17,2,2,4,4160,260,4420
RECT_E03_A13,3,13,1;2,1;3;4,1;2;11;12;16;17,2,3,6,4160,390,4550
RECT_E03_A14,3,14,1;2,2;3;4,6;7;11;12;16;17,2,3,6,4160,390,4550
RECT_E03_A15,3,15,1;2,1;2;3;4,1;2;6;7;11;12;16;17,2,4,8,4160,520,4680
RECT_E03_A16,3,16,1;2,5,21;22,2,1,2,4160,130,4290
RECT_E03_A17,3,17,1;2,1;5,1;2;21;22,2,2,4,4160,260,4420
RECT_E03_A18,3,18,1;2,2;5,6;7;21;22,2,2,4,4160,260,4420
RECT_E03_A19,3,19,1;2,1;2;5,1;2;6;7;21;22,2,3,6,4160,390,4550
RECT_E03_A20,3,20,1;2,3;5,11;12;21;22,2,2,4,4160,260,4420
RECT_E03_A21,3,21,1;2,1;3;5,1;2;11;12;21;22,2,3,6,4160,390,4550
RECT_E03_A22,3,22,1;2,2;3;5,6;7;11;12;21;22,2,3,6,4160,390,4550
RECT_E03_A23,3,23,1;2,1;2;3;5,1;2;6;7;11;12;21;22,2,4,8,4160,520,4680
RECT_E03_A24,3,24,1;2,4;5,16;17;21;22,2,2,4,4160,260,4420
RECT_E03_A25,3,25,1;2,1;4;5,1;2;16;17;21;22,2,3,6,4160,390,4550
RECT_E03_A26,3,26,1;2,2;4;5,6;7;16;17;21;22,2,3,6,4160,390,4550
RECT_E03_A27,3,27,1;2,1;2;4;5,1;2;6;7;16;17;21;22,2,4,8,4160,520,4680
RECT_E03_A28,3,28,1;2,3;4;5,11;12;16;17;21;22,2,3,6,4160,390,4550
RECT_E03_A29,3,29,1;2,1;3;4;5,1;2;11;12;16;17;21;22,2,4,8,4160,520,4680
RECT_E03_A30,3,30,1;2,2;3;4;5,6;7;11;12;16;17;21;22,2,4,8,4160,520,4680
RECT_E03_A31,3,31,1;2,1;2;3;4;5,1;2;6;7;11;12;16;17;21;22,2,5,10,4160,650,4810
RECT_E04_A01,4,1,3,1,3,1,1,1,2080,65,2145
RECT_E04_A02,4,2,3,2,8,1,1,1,2080,65,2145
RECT_E04_A03,4,3,3,1;2,3;8,1,2,2,2080,130,2210
RECT_E04_A04,4,4,3,3,13,1,1,1,2080,65,2145
RECT_E04_A05,4,5,3,1;3,3;13,1,2,2,2080,130,2210
RECT_E04_A06,4,6,3,2;3,8;13,1,2,2,2080,130,2210
RECT_E04_A07,4,7,3,1;2;3,3;8;13,1,3,3,2080,195,2275
RECT_E04_A08,4,8,3,4,18,1,1,1,2080,65,2145
RECT_E04_A09,4,9,3,1;4,3;18,1,2,2,2080,130,2210
RECT_E04_A10,4,10,3,2;4,8;18,1,2,2,2080,130,2210
RECT_E04_A11,4,11,3,1;2;4,3;8;18,1,3,3,2080,195,2275
RECT_E04_A12,4,12,3,3;4,13;18,1,2,2,2080,130,2210
RECT_E04_A13,4,13,3,1;3;4,3;13;18,1,3,3,2080,195,2275
RECT_E04_A14,4,14,3,2;3;4,8;13;18,1,3,3,2080,195,2275
RECT_E04_A15,4,15,3,1;2;3;4,3;8;13;18,1,4,4,2080,260,2340
RECT_E04_A16,4,16,3,5,23,1,1,1,2080,65,2145
RECT_E04_A17,4,17,3,1;5,3;23,1,2,2,2080,130,2210
RECT_E04_A18,4,18,3,2;5,8;23,1,2,2,2080,130,2210
RECT_E04_A19,4,19,3,1;2;5,3;8;23,1,3,3,2080,195,2275
RECT_E04_A20,4,20,3,3;5,13;23,1,2,2,2080,130,2210
RECT_E04_A21,4,21,3,1;3;5,3;13;23,1,3,3,2080,195,2275
RECT_E04_A22,4,22,3,2;3;5,8;13;23,1,3,3,2080,195,2275
RECT_E04_A23,4,23,3,1;2;3;5,3;8;13;23,1,4,4,2080,260,2340
RECT_E04_A24,4,24,3,4;5,18;23,1,2,2,2080,130,2210
RECT_E04_A25,4,25,3,1;4;5,3;18;23,1,3,3,2080,195,2275
RECT_E04_A26,4,26,3,2;4;5,8;18;23,1,3,3,2080,195,2275
RECT_E04_A27,4,27,3,1;2;4;5,3;8;18;23,1,4,4,2080,260,2340
RECT_E04_A28,4,28,3,3;4;5,13;18;23,1,3,3,2080,195,2275
RECT_E04_A29,4,29,3,1;3;4;5,3;13;18;23,1,4,4,2080,260,2340
RECT_E04_A30,4,30,3,2;3;4;5,8;13;18;23,1,4,4,2080,260,2340
RECT_E04_A31,4,31,3,1;2;3;4;5,3;8;13;18;23,1,5,5,2080,325,2405
RECT_E05_A01,5,1,1;3,1,1;3,2,1,2,4160,130,4290
RECT_E05_A02,5,2,1;3,2,6;8,2,1,2,4160,130,4290
RECT_E05_A03,5,3,1;3,1;2,1;3;6;8,2,2,4,4160,260,4420
RECT_E05_A04,5,4,1;3,3,11;13,2,1,2,4160,130,4290
RECT_E05_A05,5,5,1;3,1;3,1;3;11;13,2,2,4,4160,260,4420
RECT_E05_A06,5,6,1;3,2;3,6;8;11;13,2,2,4,4160,260,4420
RECT_E05_A07,5,7,1;3,1;2;3,1;3;6;8;11;13,2,3,6,4160,390,4550
RECT_E05_A08,5,8,1;3,4,16;18,2,1,2,4160,130,4290
RECT_E05_A09,5,9,1;3,1;4,1;3;16;18,2,2,4,4160,260,4420
RECT_E05_A10,5,10,1;3,2;4,6;8;16;18,2,2,4,4160,260,4420
RECT_E05_A11,5,11,1;3,1;2;4,1;3;6;8;16;18,2,3,6,4160,390,4550
RECT_E05_A12,5,12,1;3,3;4,11;13;16;18,2,2,4,4160,260,4420
RECT_E05_A13,5,13,1;3,1;3;4,1;3;11;13;16;18,2,3,6,4160,390,4550
RECT_E05_A14,5,14,1;3,2;3;4,6;8;11;13;16;18,2,3,6,4160,390,4550
RECT_E05_A15,5,15,1;3,1;2;3;4,1;3;6;8;11;13;16;18,2,4,8,4160,520,4680
RECT_E05_A16,5,16,1;3,5,21;23,2,1,2,4160,130,4290
RECT_E05_A17,5,17,1;3,1;5,1;3;21;23,2,2,4,4160,260,4420
RECT_E05_A18,5,18,1;3,2;5,6;8;21;23,2,2,4,4160,260,4420
RECT_E05_A19,5,19,1;3,1;2;5,1;3;6;8;21;23,2,3,6,4160,390,4550
RECT_E05_A20,5,20,1;3,3;5,11;13;21;23,2,2,4,4160,260,4420
RECT_E05_A21,5,21,1;3,1;3;5,1;3;11;13;21;23,2,3,6,4160,390,4550
RECT_E05_A22,5,22,1;3,2;3;5,6;8;11;13;21;23,2,3,6,4160,390,4550
RECT_E05_A23,5,23,1;3,1;2;3;5,1;3;6;8;11;13;21;23,2,4,8,4160,520,4680
RECT_E05_A24,5,24,1;3,4;5,16;18;21;23,2,2,4,4160,260,4420
RECT_E05_A25,5,25,1;3,1;4;5,1;3;16;18;21;23,2,3,6,4160,390,4550
RECT_E05_A26,5,26,1;3,2;4;5,6;8;16;18;21;23,2,3,6,4160,390,4550
RECT_E05_A27,5,27,1;3,1;2;4;5,1;3;6;8;16;18;21;23,2,4,8,4160,520,4680
RECT_E05_A28,5,28,1;3,3;4;5,11;13;16;18;21;23,2,3,6,4160,390,4550
RECT_E05_A29,5,29,1;3,1;3;4;5,1;3;11;13;16;18;21;23,2,4,8,4160,520,4680
RECT_E05_A30,5,30,1;3,2;3;4;5,6;8;11;13;16;18;21;23,2,4,8,4160,520,4680
RECT_E05_A31,5,31,1;3,1;2;3;4;5,1;3;6;8;11;13;16;18;21;23,2,5,10,4160,650,4810
RECT_E06_A01,6,1,2;3,1,2;3,2,1,2,4160,130,4290
RECT_E06_A02,6,2,2;3,2,7;8,2,1,2,4160,130,4290
RECT_E06_A03,6,3,2;3,1;2,2;3;7;8,2,2,4,4160,260,4420
RECT_E06_A04,6,4,2;3,3,12;13,2,1,2,4160,130,4290
RECT_E06_A05,6,5,2;3,1;3,2;3;12;13,2,2,4,4160,260,4420
RECT_E06_A06,6,6,2;3,2;3,7;8;12;13,2,2,4,4160,260,4420
RECT_E06_A07,6,7,2;3,1;2;3,2;3;7;8;12;13,2,3,6,4160,390,4550
RECT_E06_A08,6,8,2;3,4,17;18,2,1,2,4160,130,4290
RECT_E06_A09,6,9,2;3,1;4,2;3;17;18,2,2,4,4160,260,4420
RECT_E06_A10,6,10,2;3,2;4,7;8;17;18,2,2,4,4160,260,4420
RECT_E06_A11,6,11,2;3,1;2;4,2;3;7;8;17;18,2,3,6,4160,390,4550
RECT_E06_A12,6,12,2;3,3;4,12;13;17;18,2,2,4,4160,260,4420
RECT_E06_A13,6,13,2;3,1;3;4,2;3;12;13;17;18,2,3,6,4160,390,4550
RECT_E06_A14,6,14,2;3,2;3;4,7;8;12;13;17;18,2,3,6,4160,390,4550
RECT_E06_A15,6,15,2;3,1;2;3;4,2;3;7;8;12;13;17;18,2,4,8,4160,520,4680
RECT_E06_A16,6,16,2;3,5,22;23,2,1,2,4160,130,4290
RECT_E06_A17,6,17,2;3,1;5,2;3;22;23,2,2,4,4160,260,4420
RECT_E06_A18,6,18,2;3,2;5,7;8;22;23,2,2,4,4160,260,4420
RECT_E06_A19,6,19,2;3,1;2;5,2;3;7;8;22;23,2,3,6,4160,390,4550
RECT_E06_A20,6,20,2;3,3;5,12;13;22;23,2,2,4,4160,260,4420
RECT_E06_A21,6,21,2;3,1;3;5,2;3;12;13;22;23,2,3,6,4160,390,4550
RECT_E06_A22,6,22,2;3,2;3;5,7;8;12;13;22;23,2,3,6,4160,390,4550
RECT_E06_A23,6,23,2;3,1;2;3;5,2;3;7;8;12;13;22;23,2,4,8,4160,520,4680
RECT_E06_A24,6,24,2;3,4;5,17;18;22;23,2,2,4,4160,260,4420
RECT_E06_A25,6,25,2;3,1;4;5,2;3;17;18;22;23,2,3,6,4160,390,4550
RECT_E06_A26,6,26,2;3,2;4;5,7;8;17;18;22;23,2,3,6,4160,390,4550
RECT_E06_A27,6,27,2;3,1;2;4;5,2;3;7;8;17;18;22;23,2,4,8,4160,520,4680
RECT_E06_A28,6,28,2;3,3;4;5,12;13;17;18;22;23,2,3,6,4160,390,4550
RECT_E06_A29,6,29,2;3,1;3;4;5,2;3;12;13;17;18;22;23,2,4,8,4160,520,4680
RECT_E06_A30,6,30,2;3,2;3;4;5,7;8;12;13;17;18;22;23,2,4,8,4160,520,4680
RECT_E06_A31,6,31,2;3,1;2;3;4;5,2;3;7;8;12;13;17;18;22;23,2,5,10,4160,650,4810
RECT_E07_A01,7,1,1;2;3,1,1;2;3,3,1,3,6240,195,6435
RECT_E07_A02,7,2,1;2;3,2,6;7;8,3,1,3,6240,195,6435
RECT_E07_A03,7,3,1;2;3,1;2,1;2;3;6;7;8,3,2,6,6240,390,6630
RECT_E07_A04,7,4,1;2;3,3,11;12;13,3,1,3,6240,195,6435
RECT_E07_A05,7,5,1;2;3,1;3,1;2;3;11;12;13,3,2,6,6240,390,6630
RECT_E07_A06,7,6,1;2;3,2;3,6;7;8;11;12;13,3,2,6,6240,390,6630
RECT_E07_A07,7,7,1;2;3,1;2;3,1;2;3;6;7;8;11;12;13,3,3,9,6240,585,6825
RECT_E07_A08,7,8,1;2;3,4,16;17;18,3,1,3,6240,195,6435
RECT_E07_A09,7,9,1;2;3,1;4,1;2;3;16;17;18,3,2,6,6240,390,6630
RECT_E07_A10,7,10,1;2;3,2;4,6;7;8;16;17;18,3,2,6,6240,390,6630
RECT_E07_A11,7,11,1;2;3,1;2;4,1;2;3;6;7;8;16;17;18,3,3,9,6240,585,6825
RECT_E07_A12,7,12,1;2;3,3;4,11;12;13;16;17;18,3,2,6,6240,390,6630
RECT_E07_A13,7,13,1;2;3,1;3;4,1;2;3;11;12;13;16;17;18,3,3,9,6240,585,6825
RECT_E07_A14,7,14,1;2;3,2;3;4,6;7;8;11;12;13;16;17;18,3,3,9,6240,585,6825
RECT_E07_A15,7,15,1;2;3,1;2;3;4,1;2;3;6;7;8;11;12;13;16;17;18,3,4,12,6240,780,7020
RECT_E07_A16,7,16,1;2;3,5,21;22;23,3,1,3,6240,195,6435
RECT_E07_A17,7,17,1;2;3,1;5,1;2;3;21;22;23,3,2,6,6240,390,6630
RECT_E07_A18,7,18,1;2;3,2;5,6;7;8;21;22;23,3,2,6,6240,390,6630
RECT_E07_A19,7,19,1;2;3,1;2;5,1;2;3;6;7;8;21;22;23,3,3,9,6240,585,6825
RECT_E07_A20,7,20,1;2;3,3;5,11;12;13;21;22;23,3,2,6,6240,390,6630
RECT_E07_A21,7,21,1;2;3,1;3;5,1;2;3;11;12;13;21;22;23,3,3,9,6240,585,6825
RECT_E07_A22,7,22,1;2;3,2;3;5,6;7;8;11;12;13;21;22;23,3,3,9,6240,585,6825
RECT_E07_A23,7,23,1;2;3,1;2;3;5,1;2;3;6;7;8;11;12;13;21;22;23,3,4,12,6240,780,7020
RECT_E07_A24,7,24,1;2;3,4;5,16;17;18;21;22;23,3,2,6,6240,390,6630
RECT_E07_A25,7,25,1;2;3,1;4;5,1;2;3;16;17;18;21;22;23,3,3,9,6240,585,6825
RECT_E07_A26,7,26,1;2;3,2;4;5,6;7;8;16;17;18;21;22;23,3,3,9,6240,585,6825
RECT_E07_A27,7,27,1;2;3,1;2;4;5,1;2;3;6;7;8;16;17;18;21;22;23,3,4,12,6240,780,7020
RECT_E07_A28,7,28,1;2;3,3;4;5,11;12;13;16;17;18;21;22;23,3,3,9,6240,585,6825
RECT_E07_A29,7,29,1;2;3,1;3;4;5,1;2;3;11;12;13;16;17;18;21;22;23,3,4,12,6240,780,7020
RECT_E07_A30,7,30,1;2;3,2;3;4;5,6;7;8;11;12;13;16;17;18;21;22;23,3,4,12,6240,780,7020
RECT_E07_A31,7,31,1;2;3,1;2;3;4;5,1;2;3;6;7;8;11;12;13;16;17;18;21;22;23,3,5,15,6240,975,7215
RECT_E08_A01,8,1,4,1,4,1,1,1,2080,65,2145
RECT_E08_A02,8,2,4,2,9,1,1,1,2080,65,2145
RECT_E08_A03,8,3,4,1;2,4;9,1,2,2,2080,130,2210
RECT_E08_A04,8,4,4,3,14,1,1,1,2080,65,2145
RECT_E08_A05,8,5,4,1;3,4;14,1,2,2,2080,130,2210
RECT_E08_A06,8,6,4,2;3,9;14,1,2,2,2080,130,2210
RECT_E08_A07,8,7,4,1;2;3,4;9;14,1,3,3,2080,195,2275
RECT_E08_A08,8,8,4,4,19,1,1,1,2080,65,2145
RECT_E08_A09,8,9,4,1;4,4;19,1,2,2,2080,130,2210
RECT_E08_A10,8,10,4,2;4,9;19,1,2,2,2080,130,2210
RECT_E08_A11,8,11,4,1;2;4,4;9;19,1,3,3,2080,195,2275
RECT_E08_A12,8,12,4,3;4,14;19,1,2,2,2080,130,2210
RECT_E08_A13,8,13,4,1;3;4,4;14;19,1,3,3,2080,195,2275
RECT_E08_A14,8,14,4,2;3;4,9;14;19,1,3,3,2080,195,2275
RECT_E08_A15,8,15,4,1;2;3;4,4;9;14;19,1,4,4,2080,260,2340
RECT_E08_A16,8,16,4,5,24,1,1,1,2080,65,2145
RECT_E08_A17,8,17,4,1;5,4;24,1,2,2,2080,130,2210
RECT_E08_A18,8,18,4,2;5,9;24,1,2,2,2080,130,2210
RECT_E08_A19,8,19,4,1;2;5,4;9;24,1,3,3,2080,195,2275
RECT_E08_A20,8,20,4,3;5,14;24,1,2,2,2080,130,2210
RECT_E08_A21,8,21,4,1;3;5,4;14;24,1,3,3,2080,195,2275
RECT_E08_A22,8,22,4,2;3;5,9;14;24,1,3,3,2080,195,2275
RECT_E08_A23,8,23,4,1;2;3;5,4;9;14;24,1,4,4,2080,260,2340
RECT_E08_A24,8,24,4,4;5,19;24,1,2,2,2080,130,2210
RECT_E08_A25,8,25,4,1;4;5,4;19;24,1,3,3,2080,195,2275
RECT_E08_A26,8,26,4,2;4;5,9;19;24,1,3,3,2080,195,2275
RECT_E08_A27,8,27,4,1;2;4;5,4;9;19;24,1,4,4,2080,260,2340
RECT_E08_A28,8,28,4,3;4;5,14;19;24,1,3,3,2080,195,2275
RECT_E08_A29,8,29,4,1;3;4;5,4;14;19;24,1,4,4,2080,260,2340
RECT_E08_A30,8,30,4,2;3;4;5,9;14;19;24,1,4,4,2080,260,2340
RECT_E08_A31,8,31,4,1;2;3;4;5,4;9;14;19;24,1,5,5,2080,325,2405
RECT_E09_A01,9,1,1;4,1,1;4,2,1,2,4160,130,4290
RECT_E09_A02,9,2,1;4,2,6;9,2,1,2,4160,130,4290
RECT_E09_A03,9,3,1;4,1;2,1;4;6;9,2,2,4,4160,260,4420
RECT_E09_A04,9,4,1;4,3,11;14,2,1,2,4160,130,4290
RECT_E09_A05,9,5,1;4,1;3,1;4;11;14,2,2,4,4160,260,4420
RECT_E09_A06,9,6,1;4,2;3,6;9;11;14,2,2,4,4160,260,4420
RECT_E09_A07,9,7,1;4,1;2;3,1;4;6;9;11;14,2,3,6,4160,390,4550
RECT_E09_A08,9,8,1;4,4,16;19,2,1,2,4160,130,4290
RECT_E09_A09,9,9,1;4,1;4,1;4;16;19,2,2,4,4160,260,4420
RECT_E09_A10,9,10,1;4,2;4,6;9;16;19,2,2,4,4160,260,4420
RECT_E09_A11,9,11,1;4,1;2;4,1;4;6;9;16;19,2,3,6,4160,390,4550
RECT_E09_A12,9,12,1;4,3;4,11;14;16;19,2,2,4,4160,260,4420
RECT_E09_A13,9,13,1;4,1;3;4,1;4;11;14;16;19,2,3,6,4160,390,4550
RECT_E09_A14,9,14,1;4,2;3;4,6;9;11;14;16;19,2,3,6,4160,390,4550
RECT_E09_A15,9,15,1;4,1;2;3;4,1;4;6;9;11;14;16;19,2,4,8,4160,520,4680
RECT_E09_A16,9,16,1;4,5,21;24,2,1,2,4160,130,4290
RECT_E09_A17,9,17,1;4,1;5,1;4;21;24,2,2,4,4160,260,4420
RECT_E09_A18,9,18,1;4,2;5,6;9;21;24,2,2,4,4160,260,4420
RECT_E09_A19,9,19,1;4,1;2;5,1;4;6;9;21;24,2,3,6,4160,390,4550
RECT_E09_A20,9,20,1;4,3;5,11;14;21;24,2,2,4,4160,260,4420
RECT_E09_A21,9,21,1;4,1;3;5,1;4;11;14;21;24,2,3,6,4160,390,4550
RECT_E09_A22,9,22,1;4,2;3;5,6;9;11;14;21;24,2,3,6,4160,390,4550
RECT_E09_A23,9,23,1;4,1;2;3;5,1;4;6;9;11;14;21;24,2,4,8,4160,520,4680
RECT_E09_A24,9,24,1;4,4;5,16;19;21;24,2,2,4,4160,260,4420
RECT_E09_A25,9,25,1;4,1;4;5,1;4;16;19;21;24,2,3,6,4160,390,4550
RECT_E09_A26,9,26,1;4,2;4;5,6;9;16;19;21;24,2,3,6,4160,390,4550
RECT_E09_A27,9,27,1;4,1;2;4;5,1;4;6;9;16;19;21;24,2,4,8,4160,520,4680
RECT_E09_A28,9,28,1;4,3;4;5,11;14;16;19;21;24,2,3,6,4160,390,4550
RECT_E09_A29,9,29,1;4,1;3;4;5,1;4;11;14;16;19;21;24,2,4,8,4160,520,4680
RECT_E09_A30,9,30,1;4,2;3;4;5,6;9;11;14;16;19;21;24,2,4,8,4160,520,4680
RECT_E09_A31,9,31,1;4,1;2;3;4;5,1;4;6;9;11;14;16;19;21;24,2,5,10,4160,650,4810
RECT_E10_A01,10,1,2;4,1,2;4,2,1,2,4160,130,4290
RECT_E10_A02,10,2,2;4,2,7;9,2,1,2,4160,130,4290
RECT_E10_A03,10,3,2;4,1;2,2;4;7;9,2,2,4,4160,260,4420
RECT_E10_A04,10,4,2;4,3,12;14,2,1,2,4160,130,4290
RECT_E10_A05,10,5,2;4,1;3,2;4;12;14,2,2,4,4160,260,4420
RECT_E10_A06,10,6,2;4,2;3,7;9;12;14,2,2,4,4160,260,4420
RECT_E10_A07,10,7,2;4,1;2;3,2;4;7;9;12;14,2,3,6,4160,390,4550
RECT_E10_A08,10,8,2;4,4,17;19,2,1,2,4160,130,4290
RECT_E10_A09,10,9,2;4,1;4,2;4;17;19,2,2,4,4160,260,4420
RECT_E10_A10,10,10,2;4,2;4,7;9;17;19,2,2,4,4160,260,4420
RECT_E10_A11,10,11,2;4,1;2;4,2;4;7;9;17;19,2,3,6,4160,390,4550
RECT_E10_A12,10,12,2;4,3;4,12;14;17;19,2,2,4,4160,260,4420
RECT_E10_A13,10,13,2;4,1;3;4,2;4;12;14;17;19,2,3,6,4160,390,4550
RECT_E10_A14,10,14,2;4,2;3;4,7;9;12;14;17;19,2,3,6,4160,390,4550
RECT_E10_A15,10,15,2;4,1;2;3;4,2;4;7;9;12;14;17;19,2,4,8,4160,520,4680
RECT_E10_A16,10,16,2;4,5,22;24,2,1,2,4160,130,4290
RECT_E10_A17,10,17,2;4,1;5,2;4;22;24,2,2,4,4160,260,4420
RECT_E10_A18,10,18,2;4,2;5,7;9;22;24,2,2,4,4160,260,4420
RECT_E10_A19,10,19,2;4,1;2;5,2;4;7;9;22;24,2,3,6,4160,390,4550
RECT_E10_A20,10,20,2;4,3;5,12;14;22;24,2,2,4,4160,260,4420
RECT_E10_A21,10,21,2;4,1;3;5,2;4;12;14;22;24,2,3,6,4160,390,4550
RECT_E10_A22,10,22,2;4,2;3;5,7;9;12;14;22;24,2,3,6,4160,390,4550
RECT_E10_A23,10,23,2;4,1;2;3;5,2;4;7;9;12;14;22;24,2,4,8,4160,520,4680
RECT_E10_A24,10,24,2;4,4;5,17;19;22;24,2,2,4,4160,260,4420
RECT_E10_A25,10,25,2;4,1;4;5,2;4;17;19;22;24,2,3,6,4160,390,4550
RECT_E10_A26,10,26,2;4,2;4;5,7;9;17;19;22;24,2,3,6,4160,390,4550
RECT_E10_A27,10,27,2;4,1;2;4;5,2;4;7;9;17;19;22;24,2,4,8,4160,520,4680
RECT_E10_A28,10,28,2;4,3;4;5,12;14;17;19;22;24,2,3,6,4160,390,4550
RECT_E10_A29,10,29,2;4,1;3;4;5,2;4;12;14;17;19;22;24,2,4,8,4160,520,4680
RECT_E10_A30,10,30,2;4,2;3;4;5,7;9;12;14;17;19;22;24,2,4,8,4160,520,4680
RECT_E10_A31,10,31,2;4,1;2;3;4;5,2;4;7;9;12;14;17;19;22;24,2,5,10,4160,650,4810
RECT_E11_A01,11,1,1;2;4,1,1;2;4,3,1,3,6240,195,6435
RECT_E11_A02,11,2,1;2;4,2,6;7;9,3,1,3,6240,195,6435
RECT_E11_A03,11,3,1;2;4,1;2,1;2;4;6;7;9,3,2,6,6240,390,6630
RECT_E11_A04,11,4,1;2;4,3,11;12;14,3,1,3,6240,195,6435
RECT_E11_A05,11,5,1;2;4,1;3,1;2;4;11;12;14,3,2,6,6240,390,6630
RECT_E11_A06,11,6,1;2;4,2;3,6;7;9;11;12;14,3,2,6,6240,390,6630
RECT_E11_A07,11,7,1;2;4,1;2;3,1;2;4;6;7;9;11;12;14,3,3,9,6240,585,6825
RECT_E11_A08,11,8,1;2;4,4,16;17;19,3,1,3,6240,195,6435
RECT_E11_A09,11,9,1;2;4,1;4,1;2;4;16;17;19,3,2,6,6240,390,6630
RECT_E11_A10,11,10,1;2;4,2;4,6;7;9;16;17;19,3,2,6,6240,390,6630
RECT_E11_A11,11,11,1;2;4,1;2;4,1;2;4;6;7;9;16;17;19,3,3,9,6240,585,6825
RECT_E11_A12,11,12,1;2;4,3;4,11;12;14;16;17;19,3,2,6,6240,390,6630
RECT_E11_A13,11,13,1;2;4,1;3;4,1;2;4;11;12;14;16;17;19,3,3,9,6240,585,6825
RECT_E11_A14,11,14,1;2;4,2;3;4,6;7;9;11;12;14;16;17;19,3,3,9,6240,585,6825
RECT_E11_A15,11,15,1;2;4,1;2;3;4,1;2;4;6;7;9;11;12;14;16;17;19,3,4,12,6240,780,7020
RECT_E11_A16,11,16,1;2;4,5,21;22;24,3,1,3,6240,195,6435
RECT_E11_A17,11,17,1;2;4,1;5,1;2;4;21;22;24,3,2,6,6240,390,6630
RECT_E11_A18,11,18,1;2;4,2;5,6;7;9;21;22;24,3,2,6,6240,390,6630
RECT_E11_A19,11,19,1;2;4,1;2;5,1;2;4;6;7;9;21;22;24,3,3,9,6240,585,6825
RECT_E11_A20,11,20,1;2;4,3;5,11;12;14;21;22;24,3,2,6,6240,390,6630
RECT_E11_A21,11,21,1;2;4,1;3;5,1;2;4;11;12;14;21;22;24,3,3,9,6240,585,6825
RECT_E11_A22,11,22,1;2;4,2;3;5,6;7;9;11;12;14;21;22;24,3,3,9,6240,585,6825
RECT_E11_A23,11,23,1;2;4,1;2;3;5,1;2;4;6;7;9;11;12;14;21;22;24,3,4,12,6240,780,7020
RECT_E11_A24,11,24,1;2;4,4;5,16;17;19;21;22;24,3,2,6,6240,390,6630
RECT_E11_A25,11,25,1;2;4,1;4;5,1;2;4;16;17;19;21;22;24,3,3,9,6240,585,6825
RECT_E11_A26,11,26,1;2;4,2;4;5,6;7;9;16;17;19;21;22;24,3,3,9,6240,585,6825
RECT_E11_A27,11,27,1;2;4,1;2;4;5,1;2;4;6;7;9;16;17;19;21;22;24,3,4,12,6240,780,7020
RECT_E11_A28,11,28,1;2;4,3;4;5,11;12;14;16;17;19;21;22;24,3,3,9,6240,585,6825
RECT_E11_A29,11,29,1;2;4,1;3;4;5,1;2;4;11;12;14;16;17;19;21;22;24,3,4,12,6240,780,7020
RECT_E11_A30,11,30,1;2;4,2;3;4;5,6;7;9;11;12;14;16;17;19;21;22;24,3,4,12,6240,780,7020
RECT_E11_A31,11,31,1;2;4,1;2;3;4;5,1;2;4;6;7;9;11;12;14;16;17;19;21;22;24,3,5,15,6240,975,7215
RECT_E12_A01,12,1,3;4,1,3;4,2,1,2,4160,130,4290
RECT_E12_A02,12,2,3;4,2,8;9,2,1,2,4160,130,4290
RECT_E12_A03,12,3,3;4,1;2,3;4;8;9,2,2,4,4160,260,4420
RECT_E12_A04,12,4,3;4,3,13;14,2,1,2,4160,130,4290
RECT_E12_A05,12,5,3;4,1;3,3;4;13;14,2,2,4,4160,260,4420
RECT_E12_A06,12,6,3;4,2;3,8;9;13;14,2,2,4,4160,260,4420
RECT_E12_A07,12,7,3;4,1;2;3,3;4;8;9;13;14,2,3,6,4160,390,4550
RECT_E12_A08,12,8,3;4,4,18;19,2,1,2,4160,130,4290
RECT_E12_A09,12,9,3;4,1;4,3;4;18;19,2,2,4,4160,260,4420
RECT_E12_A10,12,10,3;4,2;4,8;9;18;19,2,2,4,4160,260,4420
RECT_E12_A11,12,11,3;4,1;2;4,3;4;8;9;18;19,2,3,6,4160,390,4550
RECT_E12_A12,12,12,3;4,3;4,13;14;18;19,2,2,4,4160,260,4420
RECT_E12_A13,12,13,3;4,1;3;4,3;4;13;14;18;19,2,3,6,4160,390,4550
RECT_E12_A14,12,14,3;4,2;3;4,8;9;13;14;18;19,2,3,6,4160,390,4550
RECT_E12_A15,12,15,3;4,1;2;3;4,3;4;8;9;13;14;18;19,2,4,8,4160,520,4680
RECT_E12_A16,12,16,3;4,5,23;24,2,1,2,4160,130,4290
RECT_E12_A17,12,17,3;4,1;5,3;4;23;24,2,2,4,4160,260,4420
RECT_E12_A18,12,18,3;4,2;5,8;9;23;24,2,2,4,4160,260,4420
RECT_E12_A19,12,19,3;4,1;2;5,3;4;8;9;23;24,2,3,6,4160,390,4550
RECT_E12_A20,12,20,3;4,3;5,13;14;23;24,2,2,4,4160,260,4420
RECT_E12_A21,12,21,3;4,1;3;5,3;4;13;14;23;24,2,3,6,4160,390,4550
RECT_E12_A22,12,22,3;4,2;3;5,8;9;13;14;23;24,2,3,6,4160,390,4550
RECT_E12_A23,12,23,3;4,1;2;3;5,3;4;8;9;13;14;23;24,2,4,8,4160,520,4680
RECT_E12_A24,12,24,3;4,4;5,18;19;23;24,2,2,4,4160,260,4420
RECT_E12_A25,12,25,3;4,1;4;5,3;4;18;19;23;24,2,3,6,4160,390,4550
RECT_E12_A26,12,26,3;4,2;4;5,8;9;18;19;23;24,2,3,6,4160,390,4550
RECT_E12_A27,12,27,3;4,1;2;4;5,3;4;8;9;18;19;23;24,2,4,8,4160,520,4680
RECT_E12_A28,12,28,3;4,3;4;5,13;14;18;19;23;24,2,3,6,4160,390,4550
RECT_E12_A29,12,29,3;4,1;3;4;5,3;4;13;14;18;19;23;24,2,4,8,4160,520,4680
RECT_E12_A30,12,30,3;4,2;3;4;5,8;9;13;14;18;19;23;24,2,4,8,4160,520,4680
RECT_E12_A31,12,31,3;4,1;2;3;4;5,3;4;8;9;13;14;18;19;23;24,2,5,10,4160,650,4810
RECT_E13_A01,13,1,1;3;4,1,1;3;4,3,1,3,6240,195,6435
RECT_E13_A02,13,2,1;3;4,2,6;8;9,3,1,3,6240,195,6435
RECT_E13_A03,13,3,1;3;4,1;2,1;3;4;6;8;9,3,2,6,6240,390,6630
RECT_E13_A04,13,4,1;3;4,3,11;13;14,3,1,3,6240,195,6435
RECT_E13_A05,13,5,1;3;4,1;3,1;3;4;11;13;14,3,2,6,6240,390,6630
RECT_E13_A06,13,6,1;3;4,2;3,6;8;9;11;13;14,3,2,6,6240,390,6630
RECT_E13_A07,13,7,1;3;4,1;2;3,1;3;4;6;8;9;11;13;14,3,3,9,6240,585,6825
RECT_E13_A08,13,8,1;3;4,4,16;18;19,3,1,3,6240,195,6435
RECT_E13_A09,13,9,1;3;4,1;4,1;3;4;16;18;19,3,2,6,6240,390,6630
RECT_E13_A10,13,10,1;3;4,2;4,6;8;9;16;18;19,3,2,6,6240,390,6630
RECT_E13_A11,13,11,1;3;4,1;2;4,1;3;4;6;8;9;16;18;19,3,3,9,6240,585,6825
RECT_E13_A12,13,12,1;3;4,3;4,11;13;14;16;18;19,3,2,6,6240,390,6630
RECT_E13_A13,13,13,1;3;4,1;3;4,1;3;4;11;13;14;16;18;19,3,3,9,6240,585,6825
RECT_E13_A14,13,14,1;3;4,2;3;4,6;8;9;11;13;14;16;18;19,3,3,9,6240,585,6825
RECT_E13_A15,13,15,1;3;4,1;2;3;4,1;3;4;6;8;9;11;13;14;16;18;19,3,4,12,6240,780,7020
RECT_E13_A16,13,16,1;3;4,5,21;23;24,3,1,3,6240,195,6435
RECT_E13_A17,13,17,1;3;4,1;5,1;3;4;21;23;24,3,2,6,6240,390,6630
RECT_E13_A18,13,18,1;3;4,2;5,6;8;9;21;23;24,3,2,6,6240,390,6630
RECT_E13_A19,13,19,1;3;4,1;2;5,1;3;4;6;8;9;21;23;24,3,3,9,6240,585,6825
RECT_E13_A20,13,20,1;3;4,3;5,11;13;14;21;23;24,3,2,6,6240,390,6630
RECT_E13_A21,13,21,1;3;4,1;3;5,1;3;4;11;13;14;21;23;24,3,3,9,6240,585,6825
RECT_E13_A22,13,22,1;3;4,2;3;5,6;8;9;11;13;14;21;23;24,3,3,9,6240,585,6825
RECT_E13_A23,13,23,1;3;4,1;2;3;5,1;3;4;6;8;9;11;13;14;21;23;24,3,4,12,6240,780,7020
RECT_E13_A24,13,24,1;3;4,4;5,16;18;19;21;23;24,3,2,6,6240,390,6630
RECT_E13_A25,13,25,1;3;4,1;4;5,1;3;4;16;18;19;21;23;24,3,3,9,6240,585,6825
RECT_E13_A26,13,26,1;3;4,2;4;5,6;8;9;16;18;19;21;23;24,3,3,9,6240,585,6825
RECT_E13_A27,13,27,1;3;4,1;2;4;5,1;3;4;6;8;9;16;18;19;21;23;24,3,4,12,6240,780,7020
RECT_E13_A28,13,28,1;3;4,3;4;5,11;13;14;16;18;19;21;23;24,3,3,9,6240,585,6825
RECT_E13_A29,13,29,1;3;4,1;3;4;5,1;3;4;11;13;14;16;18;19;21;23;24,3,4,12,6240,780,7020
RECT_E13_A30,13,30,1;3;4,2;3;4;5,6;8;9;11;13;14;16;18;19;21;23;24,3,4,12,6240,780,7020
RECT_E13_A31,13,31,1;3;4,1;2;3;4;5,1;3;4;6;8;9;11;13;14;16;18;19;21;23;24,3,5,15,6240,975,7215
RECT_E14_A01,14,1,2;3;4,1,2;3;4,3,1,3,6240,195,6435
RECT_E14_A02,14,2,2;3;4,2,7;8;9,3,1,3,6240,195,6435
RECT_E14_A03,14,3,2;3;4,1;2,2;3;4;7;8;9,3,2,6,6240,390,6630
RECT_E14_A04,14,4,2;3;4,3,12;13;14,3,1,3,6240,195,6435
RECT_E14_A05,14,5,2;3;4,1;3,2;3;4;12;13;14,3,2,6,6240,390,6630
RECT_E14_A06,14,6,2;3;4,2;3,7;8;9;12;13;14,3,2,6,6240,390,6630
RECT_E14_A07,14,7,2;3;4,1;2;3,2;3;4;7;8;9;12;13;14,3,3,9,6240,585,6825
RECT_E14_A08,14,8,2;3;4,4,17;18;19,3,1,3,6240,195,6435
RECT_E14_A09,14,9,2;3;4,1;4,2;3;4;17;18;19,3,2,6,6240,390,6630
RECT_E14_A10,14,10,2;3;4,2;4,7;8;9;17;18;19,3,2,6,6240,390,6630
RECT_E14_A11,14,11,2;3;4,1;2;4,2;3;4;7;8;9;17;18;19,3,3,9,6240,585,6825
RECT_E14_A12,14,12,2;3;4,3;4,12;13;14;17;18;19,3,2,6,6240,390,6630
RECT_E14_A13,14,13,2;3;4,1;3;4,2;3;4;12;13;14;17;18;19,3,3,9,6240,585,6825
RECT_E14_A14,14,14,2;3;4,2;3;4,7;8;9;12;13;14;17;18;19,3,3,9,6240,585,6825
RECT_E14_A15,14,15,2;3;4,1;2;3;4,2;3;4;7;8;9;12;13;14;17;18;19,3,4,12,6240,780,7020
RECT_E14_A16,14,16,2;3;4,5,22;23;24,3,1,3,6240,195,6435
RECT_E14_A17,14,17,2;3;4,1;5,2;3;4;22;23;24,3,2,6,6240,390,6630
RECT_E14_A18,14,18,2;3;4,2;5,7;8;9;22;23;24,3,2,6,6240,390,6630
RECT_E14_A19,14,19,2;3;4,1;2;5,2;3;4;7;8;9;22;23;24,3,3,9,6240,585,6825
RECT_E14_A20,14,20,2;3;4,3;5,12;13;14;22;23;24,3,2,6,6240,390,6630
RECT_E14_A21,14,21,2;3;4,1;3;5,2;3;4;12;13;14;22;23;24,3,3,9,6240,585,6825
RECT_E14_A22,14,22,2;3;4,2;3;5,7;8;9;12;13;14;22;23;24,3,3,9,6240,585,6825
RECT_E14_A23,14,23,2;3;4,1;2;3;5,2;3;4;7;8;9;12;13;14;22;23;24,3,4,12,6240,780,7020
RECT_E14_A24,14,24,2;3;4,4;5,17;18;19;22;23;24,3,2,6,6240,390,6630
RECT_E14_A25,14,25,2;3;4,1;4;5,2;3;4;17;18;19;22;23;24,3,3,9,6240,585,6825
RECT_E14_A26,14,26,2;3;4,2;4;5,7;8;9;17;18;19;22;23;24,3,3,9,6240,585,6825
RECT_E14_A27,14,27,2;3;4,1;2;4;5,2;3;4;7;8;9;17;18;19;22;23;24,3,4,12,6240,780,7020
RECT_E14_A28,14,28,2;3;4,3;4;5,12;13;14;17;18;19;22;23;24,3,3,9,6240,585,6825
RECT_E14_A29,14,29,2;3;4,1;3;4;5,2;3;4;12;13;14;17;18;19;22;23;24,3,4,12,6240,780,7020
RECT_E14_A30,14,30,2;3;4,2;3;4;5,7;8;9;12;13;14;17;18;19;22;23;24,3,4,12,6240,780,7020
RECT_E14_A31,14,31,2;3;4,1;2;3;4;5,2;3;4;7;8;9;12;13;14;17;18;19;22;23;24,3,5,15,6240,975,7215
RECT_E15_A01,15,1,1;2;3;4,1,1;2;3;4,4,1,4,8320,260,8580
RECT_E15_A02,15,2,1;2;3;4,2,6;7;8;9,4,1,4,8320,260,8580
RECT_E15_A03,15,3,1;2;3;4,1;2,1;2;3;4;6;7;8;9,4,2,8,8320,520,8840
RECT_E15_A04,15,4,1;2;3;4,3,11;12;13;14,4,1,4,8320,260,8580
RECT_E15_A05,15,5,1;2;3;4,1;3,1;2;3;4;11;12;13;14,4,2,8,8320,520,8840
RECT_E15_A06,15,6,1;2;3;4,2;3,6;7;8;9;11;12;13;14,4,2,8,8320,520,8840
RECT_E15_A07,15,7,1;2;3;4,1;2;3,1;2;3;4;6;7;8;9;11;12;13;14,4,3,12,8320,780,9100
RECT_E15_A08,15,8,1;2;3;4,4,16;17;18;19,4,1,4,8320,260,8580
RECT_E15_A09,15,9,1;2;3;4,1;4,1;2;3;4;16;17;18;19,4,2,8,8320,520,8840
RECT_E15_A10,15,10,1;2;3;4,2;4,6;7;8;9;16;17;18;19,4,2,8,8320,520,8840
RECT_E15_A11,15,11,1;2;3;4,1;2;4,1;2;3;4;6;7;8;9;16;17;18;19,4,3,12,8320,780,9100
RECT_E15_A12,15,12,1;2;3;4,3;4,11;12;13;14;16;17;18;19,4,2,8,8320,520,8840
RECT_E15_A13,15,13,1;2;3;4,1;3;4,1;2;3;4;11;12;13;14;16;17;18;19,4,3,12,8320,780,9100
RECT_E15_A14,15,14,1;2;3;4,2;3;4,6;7;8;9;11;12;13;14;16;17;18;19,4,3,12,8320,780,9100
RECT_E15_A15,15,15,1;2;3;4,1;2;3;4,1;2;3;4;6;7;8;9;11;12;13;14;16;17;18;19,4,4,16,8320,1040,9360
RECT_E15_A16,15,16,1;2;3;4,5,21;22;23;24,4,1,4,8320,260,8580
RECT_E15_A17,15,17,1;2;3;4,1;5,1;2;3;4;21;22;23;24,4,2,8,8320,520,8840
RECT_E15_A18,15,18,1;2;3;4,2;5,6;7;8;9;21;22;23;24,4,2,8,8320,520,8840
RECT_E15_A19,15,19,1;2;3;4,1;2;5,1;2;3;4;6;7;8;9;21;22;23;24,4,3,12,8320,780,9100
RECT_E15_A20,15,20,1;2;3;4,3;5,11;12;13;14;21;22;23;24,4,2,8,8320,520,8840
RECT_E15_A21,15,21,1;2;3;4,1;3;5,1;2;3;4;11;12;13;14;21;22;23;24,4,3,12,8320,780,9100
RECT_E15_A22,15,22,1;2;3;4,2;3;5,6;7;8;9;11;12;13;14;21;22;23;24,4,3,12,8320,780,9100
RECT_E15_A23,15,23,1;2;3;4,1;2;3;5,1;2;3;4;6;7;8;9;11;12;13;14;21;22;23;24,4,4,16,8320,1040,9360
RECT_E15_A24,15,24,1;2;3;4,4;5,16;17;18;19;21;22;23;24,4,2,8,8320,520,8840
RECT_E15_A25,15,25,1;2;3;4,1;4;5,1;2;3;4;16;17;18;19;21;22;23;24,4,3,12,8320,780,9100
RECT_E15_A26,15,26,1;2;3;4,2;4;5,6;7;8;9;16;17;18;19;21;22;23;24,4,3,12,8320,780,9100
RECT_E15_A27,15,27,1;2;3;4,1;2;4;5,1;2;3;4;6;7;8;9;16;17;18;19;21;22;23;24,4,4,16,8320,1040,9360
RECT_E15_A28,15,28,1;2;3;4,3;4;5,11;12;13;14;16;17;18;19;21;22;23;24,4,3,12,8320,780,9100
RECT_E15_A29,15,29,1;2;3;4,1;3;4;5,1;2;3;4;11;12;13;14;16;17;18;19;21;22;23;24,4,4,16,8320,1040,9360
RECT_E15_A30,15,30,1;2;3;4,2;3;4;5,6;7;8;9;11;12;13;14;16;17;18;19;21;22;23;24,4,4,16,8320,1040,9360
RECT_E15_A31,15,31,1;2;3;4,1;2;3;4;5,1;2;3;4;6;7;8;9;11;12;13;14;16;17;18;19;21;22;23;24,4,5,20,8320,1300,9620
RECT_E16_A01,16,1,5,1,5,1,1,1,2080,65,2145
RECT_E16_A02,16,2,5,2,10,1,1,1,2080,65,2145
RECT_E16_A03,16,3,5,1;2,5;10,1,2,2,2080,130,2210
RECT_E16_A04,16,4,5,3,15,1,1,1,2080,65,2145
RECT_E16_A05,16,5,5,1;3,5;15,1,2,2,2080,130,2210
RECT_E16_A06,16,6,5,2;3,10;15,1,2,2,2080,130,2210
RECT_E16_A07,16,7,5,1;2;3,5;10;15,1,3,3,2080,195,2275
RECT_E16_A08,16,8,5,4,20,1,1,1,2080,65,2145
RECT_E16_A09,16,9,5,1;4,5;20,1,2,2,2080,130,2210
RECT_E16_A10,16,10,5,2;4,10;20,1,2,2,2080,130,2210
RECT_E16_A11,16,11,5,1;2;4,5;10;20,1,3,3,2080,195,2275
RECT_E16_A12,16,12,5,3;4,15;20,1,2,2,2080,130,2210
RECT_E16_A13,16,13,5,1;3;4,5;15;20,1,3,3,2080,195,2275
RECT_E16_A14,16,14,5,2;3;4,10;15;20,1,3,3,2080,195,2275
RECT_E16_A15,16,15,5,1;2;3;4,5;10;15;20,1,4,4,2080,260,2340
RECT_E16_A16,16,16,5,5,25,1,1,1,2080,65,2145
RECT_E16_A17,16,17,5,1;5,5;25,1,2,2,2080,130,2210
RECT_E16_A18,16,18,5,2;5,10;25,1,2,2,2080,130,2210
RECT_E16_A19,16,19,5,1;2;5,5;10;25,1,3,3,2080,195,2275
RECT_E16_A20,16,20,5,3;5,15;25,1,2,2,2080,130,2210
RECT_E16_A21,16,21,5,1;3;5,5;15;25,1,3,3,2080,195,2275
RECT_E16_A22,16,22,5,2;3;5,10;15;25,1,3,3,2080,195,2275
RECT_E16_A23,16,23,5,1;2;3;5,5;10;15;25,1,4,4,2080,260,2340
RECT_E16_A24,16,24,5,4;5,20;25,1,2,2,2080,130,2210
RECT_E16_A25,16,25,5,1;4;5,5;20;25,1,3,3,2080,195,2275
RECT_E16_A26,16,26,5,2;4;5,10;20;25,1,3,3,2080,195,2275
RECT_E16_A27,16,27,5,1;2;4;5,5;10;20;25,1,4,4,2080,260,2340
RECT_E16_A28,16,28,5,3;4;5,15;20;25,1,3,3,2080,195,2275
RECT_E16_A29,16,29,5,1;3;4;5,5;15;20;25,1,4,4,2080,260,2340
RECT_E16_A30,16,30,5,2;3;4;5,10;15;20;25,1,4,4,2080,260,2340
RECT_E16_A31,16,31,5,1;2;3;4;5,5;10;15;20;25,1,5,5,2080,325,2405
RECT_E17_A01,17,1,1;5,1,1;5,2,1,2,4160,130,4290
RECT_E17_A02,17,2,1;5,2,6;10,2,1,2,4160,130,4290
RECT_E17_A03,17,3,1;5,1;2,1;5;6;10,2,2,4,4160,260,4420
RECT_E17_A04,17,4,1;5,3,11;15,2,1,2,4160,130,4290
RECT_E17_A05,17,5,1;5,1;3,1;5;11;15,2,2,4,4160,260,4420
RECT_E17_A06,17,6,1;5,2;3,6;10;11;15,2,2,4,4160,260,4420
RECT_E17_A07,17,7,1;5,1;2;3,1;5;6;10;11;15,2,3,6,4160,390,4550
RECT_E17_A08,17,8,1;5,4,16;20,2,1,2,4160,130,4290
RECT_E17_A09,17,9,1;5,1;4,1;5;16;20,2,2,4,4160,260,4420
RECT_E17_A10,17,10,1;5,2;4,6;10;16;20,2,2,4,4160,260,4420
RECT_E17_A11,17,11,1;5,1;2;4,1;5;6;10;16;20,2,3,6,4160,390,4550
RECT_E17_A12,17,12,1;5,3;4,11;15;16;20,2,2,4,4160,260,4420
RECT_E17_A13,17,13,1;5,1;3;4,1;5;11;15;16;20,2,3,6,4160,390,4550
RECT_E17_A14,17,14,1;5,2;3;4,6;10;11;15;16;20,2,3,6,4160,390,4550
RECT_E17_A15,17,15,1;5,1;2;3;4,1;5;6;10;11;15;16;20,2,4,8,4160,520,4680
RECT_E17_A16,17,16,1;5,5,21;25,2,1,2,4160,130,4290
RECT_E17_A17,17,17,1;5,1;5,1;5;21;25,2,2,4,4160,260,4420
RECT_E17_A18,17,18,1;5,2;5,6;10;21;25,2,2,4,4160,260,4420
RECT_E17_A19,17,19,1;5,1;2;5,1;5;6;10;21;25,2,3,6,4160,390,4550
RECT_E17_A20,17,20,1;5,3;5,11;15;21;25,2,2,4,4160,260,4420
RECT_E17_A21,17,21,1;5,1;3;5,1;5;11;15;21;25,2,3,6,4160,390,4550
RECT_E17_A22,17,22,1;5,2;3;5,6;10;11;15;21;25,2,3,6,4160,390,4550
RECT_E17_A23,17,23,1;5,1;2;3;5,1;5;6;10;11;15;21;25,2,4,8,4160,520,4680
RECT_E17_A24,17,24,1;5,4;5,16;20;21;25,2,2,4,4160,260,4420
RECT_E17_A25,17,25,1;5,1;4;5,1;5;16;20;21;25,2,3,6,4160,390,4550
RECT_E17_A26,17,26,1;5,2;4;5,6;10;16;20;21;25,2,3,6,4160,390,4550
RECT_E17_A27,17,27,1;5,1;2;4;5,1;5;6;10;16;20;21;25,2,4,8,4160,520,4680
RECT_E17_A28,17,28,1;5,3;4;5,11;15;16;20;21;25,2,3,6,4160,390,4550
RECT_E17_A29,17,29,1;5,1;3;4;5,1;5;11;15;16;20;21;25,2,4,8,4160,520,4680
RECT_E17_A30,17,30,1;5,2;3;4;5,6;10;11;15;16;20;21;25,2,4,8,4160,520,4680
RECT_E17_A31,17,31,1;5,1;2;3;4;5,1;5;6;10;11;15;16;20;21;25,2,5,10,4160,650,4810
RECT_E18_A01,18,1,2;5,1,2;5,2,1,2,4160,130,4290
RECT_E18_A02,18,2,2;5,2,7;10,2,1,2,4160,130,4290
RECT_E18_A03,18,3,2;5,1;2,2;5;7;10,2,2,4,4160,260,4420
RECT_E18_A04,18,4,2;5,3,12;15,2,1,2,4160,130,4290
RECT_E18_A05,18,5,2;5,1;3,2;5;12;15,2,2,4,4160,260,4420
RECT_E18_A06,18,6,2;5,2;3,7;10;12;15,2,2,4,4160,260,4420
RECT_E18_A07,18,7,2;5,1;2;3,2;5;7;10;12;15,2,3,6,4160,390,4550
RECT_E18_A08,18,8,2;5,4,17;20,2,1,2,4160,130,4290
RECT_E18_A09,18,9,2;5,1;4,2;5;17;20,2,2,4,4160,260,4420
RECT_E18_A10,18,10,2;5,2;4,7;10;17;20,2,2,4,4160,260,4420
RECT_E18_A11,18,11,2;5,1;2;4,2;5;7;10;17;20,2,3,6,4160,390,4550
RECT_E18_A12,18,12,2;5,3;4,12;15;17;20,2,2,4,4160,260,4420
RECT_E18_A13,18,13,2;5,1;3;4,2;5;12;15;17;20,2,3,6,4160,390,4550
RECT_E18_A14,18,14,2;5,2;3;4,7;10;12;15;17;20,2,3,6,4160,390,4550
RECT_E18_A15,18,15,2;5,1;2;3;4,2;5;7;10;12;15;17;20,2,4,8,4160,520,4680
RECT_E18_A16,18,16,2;5,5,22;25,2,1,2,4160,130,4290
RECT_E18_A17,18,17,2;5,1;5,2;5;22;25,2,2,4,4160,260,4420
RECT_E18_A18,18,18,2;5,2;5,7;10;22;25,2,2,4,4160,260,4420
RECT_E18_A19,18,19,2;5,1;2;5,2;5;7;10;22;25,2,3,6,4160,390,4550
RECT_E18_A20,18,20,2;5,3;5,12;15;22;25,2,2,4,4160,260,4420
RECT_E18_A21,18,21,2;5,1;3;5,2;5;12;15;22;25,2,3,6,4160,390,4550
RECT_E18_A22,18,22,2;5,2;3;5,7;10;12;15;22;25,2,3,6,4160,390,4550
RECT_E18_A23,18,23,2;5,1;2;3;5,2;5;7;10;12;15;22;25,2,4,8,4160,520,4680
RECT_E18_A24,18,24,2;5,4;5,17;20;22;25,2,2,4,4160,260,4420
RECT_E18_A25,18,25,2;5,1;4;5,2;5;17;20;22;25,2,3,6,4160,390,4550
RECT_E18_A26,18,26,2;5,2;4;5,7;10;17;20;22;25,2,3,6,4160,390,4550
RECT_E18_A27,18,27,2;5,1;2;4;5,2;5;7;10;17;20;22;25,2,4,8,4160,520,4680
RECT_E18_A28,18,28,2;5,3;4;5,12;15;17;20;22;25,2,3,6,4160,390,4550
RECT_E18_A29,18,29,2;5,1;3;4;5,2;5;12;15;17;20;22;25,2,4,8,4160,520,4680
RECT_E18_A30,18,30,2;5,2;3;4;5,7;10;12;15;17;20;22;25,2,4,8,4160,520,4680
RECT_E18_A31,18,31,2;5,1;2;3;4;5,2;5;7;10;12;15;17;20;22;25,2,5,10,4160,650,4810
RECT_E19_A01,19,1,1;2;5,1,1;2;5,3,1,3,6240,195,6435
RECT_E19_A02,19,2,1;2;5,2,6;7;10,3,1,3,6240,195,6435
RECT_E19_A03,19,3,1;2;5,1;2,1;2;5;6;7;10,3,2,6,6240,390,6630
RECT_E19_A04,19,4,1;2;5,3,11;12;15,3,1,3,6240,195,6435
RECT_E19_A05,19,5,1;2;5,1;3,1;2;5;11;12;15,3,2,6,6240,390,6630
RECT_E19_A06,19,6,1;2;5,2;3,6;7;10;11;12;15,3,2,6,6240,390,6630
RECT_E19_A07,19,7,1;2;5,1;2;3,1;2;5;6;7;10;11;12;15,3,3,9,6240,585,6825
RECT_E19_A08,19,8,1;2;5,4,16;17;20,3,1,3,6240,195,6435
RECT_E19_A09,19,9,1;2;5,1;4,1;2;5;16;17;20,3,2,6,6240,390,6630
RECT_E19_A10,19,10,1;2;5,2;4,6;7;10;16;17;20,3,2,6,6240,390,6630
RECT_E19_A11,19,11,1;2;5,1;2;4,1;2;5;6;7;10;16;17;20,3,3,9,6240,585,6825
RECT_E19_A12,19,12,1;2;5,3;4,11;12;15;16;17;20,3,2,6,6240,390,6630
RECT_E19_A13,19,13,1;2;5,1;3;4,1;2;5;11;12;15;16;17;20,3,3,9,6240,585,6825
RECT_E19_A14,19,14,1;2;5,2;3;4,6;7;10;11;12;15;16;17;20,3,3,9,6240,585,6825
RECT_E19_A15,19,15,1;2;5,1;2;3;4,1;2;5;6;7;10;11;12;15;16;17;20,3,4,12,6240,780,7020
RECT_E19_A16,19,16,1;2;5,5,21;22;25,3,1,3,6240,195,6435
RECT_E19_A17,19,17,1;2;5,1;5,1;2;5;21;22;25,3,2,6,6240,390,6630
RECT_E19_A18,19,18,1;2;5,2;5,6;7;10;21;22;25,3,2,6,6240,390,6630
RECT_E19_A19,19,19,1;2;5,1;2;5,1;2;5;6;7;10;21;22;25,3,3,9,6240,585,6825
RECT_E19_A20,19,20,1;2;5,3;5,11;12;15;21;22;25,3,2,6,6240,390,6630
RECT_E19_A21,19,21,1;2;5,1;3;5,1;2;5;11;12;15;21;22;25,3,3,9,6240,585,6825
RECT_E19_A22,19,22,1;2;5,2;3;5,6;7;10;11;12;15;21;22;25,3,3,9,6240,585,6825
RECT_E19_A23,19,23,1;2;5,1;2;3;5,1;2;5;6;7;10;11;12;15;21;22;25,3,4,12,6240,780,7020
RECT_E19_A24,19,24,1;2;5,4;5,16;17;20;21;22;25,3,2,6,6240,390,6630
RECT_E19_A25,19,25,1;2;5,1;4;5,1;2;5;16;17;20;21;22;25,3,3,9,6240,585,6825
RECT_E19_A26,19,26,1;2;5,2;4;5,6;7;10;16;17;20;21;22;25,3,3,9,6240,585,6825
RECT_E19_A27,19,27,1;2;5,1;2;4;5,1;2;5;6;7;10;16;17;20;21;22;25,3,4,12,6240,780,7020
RECT_E19_A28,19,28,1;2;5,3;4;5,11;12;15;16;17;20;21;22;25,3,3,9,6240,585,6825
RECT_E19_A29,19,29,1;2;5,1;3;4;5,1;2;5;11;12;15;16;17;20;21;22;25,3,4,12,6240,780,7020
RECT_E19_A30,19,30,1;2;5,2;3;4;5,6;7;10;11;12;15;16;17;20;21;22;25,3,4,12,6240,780,7020
RECT_E19_A31,19,31,1;2;5,1;2;3;4;5,1;2;5;6;7;10;11;12;15;16;17;20;21;22;25,3,5,15,6240,975,7215
RECT_E20_A01,20,1,3;5,1,3;5,2,1,2,4160,130,4290
RECT_E20_A02,20,2,3;5,2,8;10,2,1,2,4160,130,4290
RECT_E20_A03,20,3,3;5,1;2,3;5;8;10,2,2,4,4160,260,4420
RECT_E20_A04,20,4,3;5,3,13;15,2,1,2,4160,130,4290
RECT_E20_A05,20,5,3;5,1;3,3;5;13;15,2,2,4,4160,260,4420
RECT_E20_A06,20,6,3;5,2;3,8;10;13;15,2,2,4,4160,260,4420
RECT_E20_A07,20,7,3;5,1;2;3,3;5;8;10;13;15,2,3,6,4160,390,4550
RECT_E20_A08,20,8,3;5,4,18;20,2,1,2,4160,130,4290
RECT_E20_A09,20,9,3;5,1;4,3;5;18;20,2,2,4,4160,260,4420
RECT_E20_A10,20,10,3;5,2;4,8;10;18;20,2,2,4,4160,260,4420
RECT_E20_A11,20,11,3;5,1;2;4,3;5;8;10;18;20,2,3,6,4160,390,4550
RECT_E20_A12,20,12,3;5,3;4,13;15;18;20,2,2,4,4160,260,4420
RECT_E20_A13,20,13,3;5,1;3;4,3;5;13;15;18;20,2,3,6,4160,390,4550
RECT_E20_A14,20,14,3;5,2;3;4,8;10;13;15;18;20,2,3,6,4160,390,4550
RECT_E20_A15,20,15,3;5,1;2;3;4,3;5;8;10;13;15;18;20,2,4,8,4160,520,4680
RECT_E20_A16,20,16,3;5,5,23;25,2,1,2,4160,130,4290
RECT_E20_A17,20,17,3;5,1;5,3;5;23;25,2,2,4,4160,260,4420
RECT_E20_A18,20,18,3;5,2;5,8;10;23;25,2,2,4,4160,260,4420
RECT_E20_A19,20,19,3;5,1;2;5,3;5;8;10;23;25,2,3,6,4160,390,4550
RECT_E20_A20,20,20,3;5,3;5,13;15;23;25,2,2,4,4160,260,4420
RECT_E20_A21,20,21,3;5,1;3;5,3;5;13;15;23;25,2,3,6,4160,390,4550
RECT_E20_A22,20,22,3;5,2;3;5,8;10;13;15;23;25,2,3,6,4160,390,4550
RECT_E20_A23,20,23,3;5,1;2;3;5,3;5;8;10;13;15;23;25,2,4,8,4160,520,4680
RECT_E20_A24,20,24,3;5,4;5,18;20;23;25,2,2,4,4160,260,4420
RECT_E20_A25,20,25,3;5,1;4;5,3;5;18;20;23;25,2,3,6,4160,390,4550
RECT_E20_A26,20,26,3;5,2;4;5,8;10;18;20;23;25,2,3,6,4160,390,4550
RECT_E20_A27,20,27,3;5,1;2;4;5,3;5;8;10;18;20;23;25,2,4,8,4160,520,4680
RECT_E20_A28,20,28,3;5,3;4;5,13;15;18;20;23;25,2,3,6,4160,390,4550
RECT_E20_A29,20,29,3;5,1;3;4;5,3;5;13;15;18;20;23;25,2,4,8,4160,520,4680
RECT_E20_A30,20,30,3;5,2;3;4;5,8;10;13;15;18;20;23;25,2,4,8,4160,520,4680
RECT_E20_A31,20,31,3;5,1;2;3;4;5,3;5;8;10;13;15;18;20;23;25,2,5,10,4160,650,4810
RECT_E21_A01,21,1,1;3;5,1,1;3;5,3,1,3,6240,195,6435
RECT_E21_A02,21,2,1;3;5,2,6;8;10,3,1,3,6240,195,6435
RECT_E21_A03,21,3,1;3;5,1;2,1;3;5;6;8;10,3,2,6,6240,390,6630
RECT_E21_A04,21,4,1;3;5,3,11;13;15,3,1,3,6240,195,6435
RECT_E21_A05,21,5,1;3;5,1;3,1;3;5;11;13;15,3,2,6,6240,390,6630
RECT_E21_A06,21,6,1;3;5,2;3,6;8;10;11;13;15,3,2,6,6240,390,6630
RECT_E21_A07,21,7,1;3;5,1;2;3,1;3;5;6;8;10;11;13;15,3,3,9,6240,585,6825
RECT_E21_A08,21,8,1;3;5,4,16;18;20,3,1,3,6240,195,6435
RECT_E21_A09,21,9,1;3;5,1;4,1;3;5;16;18;20,3,2,6,6240,390,6630
RECT_E21_A10,21,10,1;3;5,2;4,6;8;10;16;18;20,3,2,6,6240,390,6630
RECT_E21_A11,21,11,1;3;5,1;2;4,1;3;5;6;8;10;16;18;20,3,3,9,6240,585,6825
RECT_E21_A12,21,12,1;3;5,3;4,11;13;15;16;18;20,3,2,6,6240,390,6630
RECT_E21_A13,21,13,1;3;5,1;3;4,1;3;5;11;13;15;16;18;20,3,3,9,6240,585,6825
RECT_E21_A14,21,14,1;3;5,2;3;4,6;8;10;11;13;15;16;18;20,3,3,9,6240,585,6825
RECT_E21_A15,21,15,1;3;5,1;2;3;4,1;3;5;6;8;10;11;13;15;16;18;20,3,4,12,6240,780,7020
RECT_E21_A16,21,16,1;3;5,5,21;23;25,3,1,3,6240,195,6435
RECT_E21_A17,21,17,1;3;5,1;5,1;3;5;21;23;25,3,2,6,6240,390,6630
RECT_E21_A18,21,18,1;3;5,2;5,6;8;10;21;23;25,3,2,6,6240,390,6630
RECT_E21_A19,21,19,1;3;5,1;2;5,1;3;5;6;8;10;21;23;25,3,3,9,6240,585,6825
RECT_E21_A20,21,20,1;3;5,3;5,11;13;15;21;23;25,3,2,6,6240,390,6630
RECT_E21_A21,21,21,1;3;5,1;3;5,1;3;5;11;13;15;21;23;25,3,3,9,6240,585,6825
RECT_E21_A22,21,22,1;3;5,2;3;5,6;8;10;11;13;15;21;23;25,3,3,9,6240,585,6825
RECT_E21_A23,21,23,1;3;5,1;2;3;5,1;3;5;6;8;10;11;13;15;21;23;25,3,4,12,6240,780,7020
RECT_E21_A24,21,24,1;3;5,4;5,16;18;20;21;23;25,3,2,6,6240,390,6630
RECT_E21_A25,21,25,1;3;5,1;4;5,1;3;5;16;18;20;21;23;25,3,3,9,6240,585,6825
RECT_E21_A26,21,26,1;3;5,2;4;5,6;8;10;16;18;20;21;23;25,3,3,9,6240,585,6825
RECT_E21_A27,21,27,1;3;5,1;2;4;5,1;3;5;6;8;10;16;18;20;21;23;25,3,4,12,6240,780,7020
RECT_E21_A28,21,28,1;3;5,3;4;5,11;13;15;16;18;20;21;23;25,3,3,9,6240,585,6825
RECT_E21_A29,21,29,1;3;5,1;3;4;5,1;3;5;11;13;15;16;18;20;21;23;25,3,4,12,6240,780,7020
RECT_E21_A30,21,30,1;3;5,2;3;4;5,6;8;10;11;13;15;16;18;20;21;23;25,3,4,12,6240,780,7020
RECT_E21_A31,21,31,1;3;5,1;2;3;4;5,1;3;5;6;8;10;11;13;15;16;18;20;21;23;25,3,5,15,6240,975,7215
RECT_E22_A01,22,1,2;3;5,1,2;3;5,3,1,3,6240,195,6435
RECT_E22_A02,22,2,2;3;5,2,7;8;10,3,1,3,6240,195,6435
RECT_E22_A03,22,3,2;3;5,1;2,2;3;5;7;8;10,3,2,6,6240,390,6630
RECT_E22_A04,22,4,2;3;5,3,12;13;15,3,1,3,6240,195,6435
RECT_E22_A05,22,5,2;3;5,1;3,2;3;5;12;13;15,3,2,6,6240,390,6630
RECT_E22_A06,22,6,2;3;5,2;3,7;8;10;12;13;15,3,2,6,6240,390,6630
RECT_E22_A07,22,7,2;3;5,1;2;3,2;3;5;7;8;10;12;13;15,3,3,9,6240,585,6825
RECT_E22_A08,22,8,2;3;5,4,17;18;20,3,1,3,6240,195,6435
RECT_E22_A09,22,9,2;3;5,1;4,2;3;5;17;18;20,3,2,6,6240,390,6630
RECT_E22_A10,22,10,2;3;5,2;4,7;8;10;17;18;20,3,2,6,6240,390,6630
RECT_E22_A11,22,11,2;3;5,1;2;4,2;3;5;7;8;10;17;18;20,3,3,9,6240,585,6825
RECT_E22_A12,22,12,2;3;5,3;4,12;13;15;17;18;20,3,2,6,6240,390,6630
RECT_E22_A13,22,13,2;3;5,1;3;4,2;3;5;12;13;15;17;18;20,3,3,9,6240,585,6825
RECT_E22_A14,22,14,2;3;5,2;3;4,7;8;10;12;13;15;17;18;20,3,3,9,6240,585,6825
RECT_E22_A15,22,15,2;3;5,1;2;3;4,2;3;5;7;8;10;12;13;15;17;18;20,3,4,12,6240,780,7020
RECT_E22_A16,22,16,2;3;5,5,22;23;25,3,1,3,6240,195,6435
RECT_E22_A17,22,17,2;3;5,1;5,2;3;5;22;23;25,3,2,6,6240,390,6630
RECT_E22_A18,22,18,2;3;5,2;5,7;8;10;22;23;25,3,2,6,6240,390,6630
RECT_E22_A19,22,19,2;3;5,1;2;5,2;3;5;7;8;10;22;23;25,3,3,9,6240,585,6825
RECT_E22_A20,22,20,2;3;5,3;5,12;13;15;22;23;25,3,2,6,6240,390,6630
RECT_E22_A21,22,21,2;3;5,1;3;5,2;3;5;12;13;15;22;23;25,3,3,9,6240,585,6825
RECT_E22_A22,22,22,2;3;5,2;3;5,7;8;10;12;13;15;22;23;25,3,3,9,6240,585,6825
RECT_E22_A23,22,23,2;3;5,1;2;3;5,2;3;5;7;8;10;12;13;15;22;23;25,3,4,12,6240,780,7020
RECT_E22_A24,22,24,2;3;5,4;5,17;18;20;22;23;25,3,2,6,6240,390,6630
RECT_E22_A25,22,25,2;3;5,1;4;5,2;3;5;17;18;20;22;23;25,3,3,9,6240,585,6825
RECT_E22_A26,22,26,2;3;5,2;4;5,7;8;10;17;18;20;22;23;25,3,3,9,6240,585,6825
RECT_E22_A27,22,27,2;3;5,1;2;4;5,2;3;5;7;8;10;17;18;20;22;23;25,3,4,12,6240,780,7020
RECT_E22_A28,22,28,2;3;5,3;4;5,12;13;15;17;18;20;22;23;25,3,3,9,6240,585,6825
RECT_E22_A29,22,29,2;3;5,1;3;4;5,2;3;5;12;13;15;17;18;20;22;23;25,3,4,12,6240,780,7020
RECT_E22_A30,22,30,2;3;5,2;3;4;5,7;8;10;12;13;15;17;18;20;22;23;25,3,4,12,6240,780,7020
RECT_E22_A31,22,31,2;3;5,1;2;3;4;5,2;3;5;7;8;10;12;13;15;17;18;20;22;23;25,3,5,15,6240,975,7215
RECT_E23_A01,23,1,1;2;3;5,1,1;2;3;5,4,1,4,8320,260,8580
RECT_E23_A02,23,2,1;2;3;5,2,6;7;8;10,4,1,4,8320,260,8580
RECT_E23_A03,23,3,1;2;3;5,1;2,1;2;3;5;6;7;8;10,4,2,8,8320,520,8840
RECT_E23_A04,23,4,1;2;3;5,3,11;12;13;15,4,1,4,8320,260,8580
RECT_E23_A05,23,5,1;2;3;5,1;3,1;2;3;5;11;12;13;15,4,2,8,8320,520,8840
RECT_E23_A06,23,6,1;2;3;5,2;3,6;7;8;10;11;12;13;15,4,2,8,8320,520,8840
RECT_E23_A07,23,7,1;2;3;5,1;2;3,1;2;3;5;6;7;8;10;11;12;13;15,4,3,12,8320,780,9100
RECT_E23_A08,23,8,1;2;3;5,4,16;17;18;20,4,1,4,8320,260,8580
RECT_E23_A09,23,9,1;2;3;5,1;4,1;2;3;5;16;17;18;20,4,2,8,8320,520,8840
RECT_E23_A10,23,10,1;2;3;5,2;4,6;7;8;10;16;17;18;20,4,2,8,8320,520,8840
RECT_E23_A11,23,11,1;2;3;5,1;2;4,1;2;3;5;6;7;8;10;16;17;18;20,4,3,12,8320,780,9100
RECT_E23_A12,23,12,1;2;3;5,3;4,11;12;13;15;16;17;18;20,4,2,8,8320,520,8840
RECT_E23_A13,23,13,1;2;3;5,1;3;4,1;2;3;5;11;12;13;15;16;17;18;20,4,3,12,8320,780,9100
RECT_E23_A14,23,14,1;2;3;5,2;3;4,6;7;8;10;11;12;13;15;16;17;18;20,4,3,12,8320,780,9100
RECT_E23_A15,23,15,1;2;3;5,1;2;3;4,1;2;3;5;6;7;8;10;11;12;13;15;16;17;18;20,4,4,16,8320,1040,9360
RECT_E23_A16,23,16,1;2;3;5,5,21;22;23;25,4,1,4,8320,260,8580
RECT_E23_A17,23,17,1;2;3;5,1;5,1;2;3;5;21;22;23;25,4,2,8,8320,520,8840
RECT_E23_A18,23,18,1;2;3;5,2;5,6;7;8;10;21;22;23;25,4,2,8,8320,520,8840
RECT_E23_A19,23,19,1;2;3;5,1;2;5,1;2;3;5;6;7;8;10;21;22;23;25,4,3,12,8320,780,9100
RECT_E23_A20,23,20,1;2;3;5,3;5,11;12;13;15;21;22;23;25,4,2,8,8320,520,8840
RECT_E23_A21,23,21,1;2;3;5,1;3;5,1;2;3;5;11;12;13;15;21;22;23;25,4,3,12,8320,780,9100
RECT_E23_A22,23,22,1;2;3;5,2;3;5,6;7;8;10;11;12;13;15;21;22;23;25,4,3,12,8320,780,9100
RECT_E23_A23,23,23,1;2;3;5,1;2;3;5,1;2;3;5;6;7;8;10;11;12;13;15;21;22;23;25,4,4,16,8320,1040,9360
RECT_E23_A24,23,24,1;2;3;5,4;5,16;17;18;20;21;22;23;25,4,2,8,8320,520,8840
RECT_E23_A25,23,25,1;2;3;5,1;4;5,1;2;3;5;16;17;18;20;21;22;23;25,4,3,12,8320,780,9100
RECT_E23_A26,23,26,1;2;3;5,2;4;5,6;7;8;10;16;17;18;20;21;22;23;25,4,3,12,8320,780,9100
RECT_E23_A27,23,27,1;2;3;5,1;2;4;5,1;2;3;5;6;7;8;10;16;17;18;20;21;22;23;25,4,4,16,8320,1040,9360
RECT_E23_A28,23,28,1;2;3;5,3;4;5,11;12;13;15;16;17;18;20;21;22;23;25,4,3,12,8320,780,9100
RECT_E23_A29,23,29,1;2;3;5,1;3;4;5,1;2;3;5;11;12;13;15;16;17;18;20;21;22;23;25,4,4,16,8320,1040,9360
RECT_E23_A30,23,30,1;2;3;5,2;3;4;5,6;7;8;10;11;12;13;15;16;17;18;20;21;22;23;25,4,4,16,8320,1040,9360
RECT_E23_A31,23,31,1;2;3;5,1;2;3;4;5,1;2;3;5;6;7;8;10;11;12;13;15;16;17;18;20;21;22;23;25,4,5,20,8320,1300,9620
RECT_E24_A01,24,1,4;5,1,4;5,2,1,2,4160,130,4290
RECT_E24_A02,24,2,4;5,2,9;10,2,1,2,4160,130,4290
RECT_E24_A03,24,3,4;5,1;2,4;5;9;10,2,2,4,4160,260,4420
RECT_E24_A04,24,4,4;5,3,14;15,2,1,2,4160,130,4290
RECT_E24_A05,24,5,4;5,1;3,4;5;14;15,2,2,4,4160,260,4420
RECT_E24_A06,24,6,4;5,2;3,9;10;14;15,2,2,4,4160,260,4420
RECT_E24_A07,24,7,4;5,1;2;3,4;5;9;10;14;15,2,3,6,4160,390,4550
RECT_E24_A08,24,8,4;5,4,19;20,2,1,2,4160,130,4290
RECT_E24_A09,24,9,4;5,1;4,4;5;19;20,2,2,4,4160,260,4420
RECT_E24_A10,24,10,4;5,2;4,9;10;19;20,2,2,4,4160,260,4420
RECT_E24_A11,24,11,4;5,1;2;4,4;5;9;10;19;20,2,3,6,4160,390,4550
RECT_E24_A12,24,12,4;5,3;4,14;15;19;20,2,2,4,4160,260,4420
RECT_E24_A13,24,13,4;5,1;3;4,4;5;14;15;19;20,2,3,6,4160,390,4550
RECT_E24_A14,24,14,4;5,2;3;4,9;10;14;15;19;20,2,3,6,4160,390,4550
RECT_E24_A15,24,15,4;5,1;2;3;4,4;5;9;10;14;15;19;20,2,4,8,4160,520,4680
RECT_E24_A16,24,16,4;5,5,24;25,2,1,2,4160,130,4290
RECT_E24_A17,24,17,4;5,1;5,4;5;24;25,2,2,4,4160,260,4420
RECT_E24_A18,24,18,4;5,2;5,9;10;24;25,2,2,4,4160,260,4420
RECT_E24_A19,24,19,4;5,1;2;5,4;5;9;10;24;25,2,3,6,4160,390,4550
RECT_E24_A20,24,20,4;5,3;5,14;15;24;25,2,2,4,4160,260,4420
RECT_E24_A21,24,21,4;5,1;3;5,4;5;14;15;24;25,2,3,6,4160,390,4550
RECT_E24_A22,24,22,4;5,2;3;5,9;10;14;15;24;25,2,3,6,4160,390,4550
RECT_E24_A23,24,23,4;5,1;2;3;5,4;5;9;10;14;15;24;25,2,4,8,4160,520,4680
RECT_E24_A24,24,24,4;5,4;5,19;20;24;25,2,2,4,4160,260,4420
RECT_E24_A25,24,25,4;5,1;4;5,4;5;19;20;24;25,2,3,6,4160,390,4550
RECT_E24_A26,24,26,4;5,2;4;5,9;10;19;20;24;25,2,3,6,4160,390,4550
RECT_E24_A27,24,27,4;5,1;2;4;5,4;5;9;10;19;20;24;25,2,4,8,4160,520,4680
RECT_E24_A28,24,28,4;5,3;4;5,14;15;19;20;24;25,2,3,6,4160,390,4550
RECT_E24_A29,24,29,4;5,1;3;4;5,4;5;14;15;19;20;24;25,2,4,8,4160,520,4680
RECT_E24_A30,24,30,4;5,2;3;4;5,9;10;14;15;19;20;24;25,2,4,8,4160,520,4680
RECT_E24_A31,24,31,4;5,1;2;3;4;5,4;5;9;10;14;15;19;20;24;25,2,5,10,4160,650,4810
RECT_E25_A01,25,1,1;4;5,1,1;4;5,3,1,3,6240,195,6435
RECT_E25_A02,25,2,1;4;5,2,6;9;10,3,1,3,6240,195,6435
RECT_E25_A03,25,3,1;4;5,1;2,1;4;5;6;9;10,3,2,6,6240,390,6630
RECT_E25_A04,25,4,1;4;5,3,11;14;15,3,1,3,6240,195,6435
RECT_E25_A05,25,5,1;4;5,1;3,1;4;5;11;14;15,3,2,6,6240,390,6630
RECT_E25_A06,25,6,1;4;5,2;3,6;9;10;11;14;15,3,2,6,6240,390,6630
RECT_E25_A07,25,7,1;4;5,1;2;3,1;4;5;6;9;10;11;14;15,3,3,9,6240,585,6825
RECT_E25_A08,25,8,1;4;5,4,16;19;20,3,1,3,6240,195,6435
RECT_E25_A09,25,9,1;4;5,1;4,1;4;5;16;19;20,3,2,6,6240,390,6630
RECT_E25_A10,25,10,1;4;5,2;4,6;9;10;16;19;20,3,2,6,6240,390,6630
RECT_E25_A11,25,11,1;4;5,1;2;4,1;4;5;6;9;10;16;19;20,3,3,9,6240,585,6825
RECT_E25_A12,25,12,1;4;5,3;4,11;14;15;16;19;20,3,2,6,6240,390,6630
RECT_E25_A13,25,13,1;4;5,1;3;4,1;4;5;11;14;15;16;19;20,3,3,9,6240,585,6825
RECT_E25_A14,25,14,1;4;5,2;3;4,6;9;10;11;14;15;16;19;20,3,3,9,6240,585,6825
RECT_E25_A15,25,15,1;4;5,1;2;3;4,1;4;5;6;9;10;11;14;15;16;19;20,3,4,12,6240,780,7020
RECT_E25_A16,25,16,1;4;5,5,21;24;25,3,1,3,6240,195,6435
RECT_E25_A17,25,17,1;4;5,1;5,1;4;5;21;24;25,3,2,6,6240,390,6630
RECT_E25_A18,25,18,1;4;5,2;5,6;9;10;21;24;25,3,2,6,6240,390,6630
RECT_E25_A19,25,19,1;4;5,1;2;5,1;4;5;6;9;10;21;24;25,3,3,9,6240,585,6825
RECT_E25_A20,25,20,1;4;5,3;5,11;14;15;21;24;25,3,2,6,6240,390,6630
RECT_E25_A21,25,21,1;4;5,1;3;5,1;4;5;11;14;15;21;24;25,3,3,9,6240,585,6825
RECT_E25_A22,25,22,1;4;5,2;3;5,6;9;10;11;14;15;21;24;25,3,3,9,6240,585,6825
RECT_E25_A23,25,23,1;4;5,1;2;3;5,1;4;5;6;9;10;11;14;15;21;24;25,3,4,12,6240,780,7020
RECT_E25_A24,25,24,1;4;5,4;5,16;19;20;21;24;25,3,2,6,6240,390,6630
RECT_E25_A25,25,25,1;4;5,1;4;5,1;4;5;16;19;20;21;24;25,3,3,9,6240,585,6825
RECT_E25_A26,25,26,1;4;5,2;4;5,6;9;10;16;19;20;21;24;25,3,3,9,6240,585,6825
RECT_E25_A27,25,27,1;4;5,1;2;4;5,1;4;5;6;9;10;16;19;20;21;24;25,3,4,12,6240,780,7020
RECT_E25_A28,25,28,1;4;5,3;4;5,11;14;15;16;19;20;21;24;25,3,3,9,6240,585,6825
RECT_E25_A29,25,29,1;4;5,1;3;4;5,1;4;5;11;14;15;16;19;20;21;24;25,3,4,12,6240,780,7020
RECT_E25_A30,25,30,1;4;5,2;3;4;5,6;9;10;11;14;15;16;19;20;21;24;25,3,4,12,6240,780,7020
RECT_E25_A31,25,31,1;4;5,1;2;3;4;5,1;4;5;6;9;10;11;14;15;16;19;20;21;24;25,3,5,15,6240,975,7215
RECT_E26_A01,26,1,2;4;5,1,2;4;5,3,1,3,6240,195,6435
RECT_E26_A02,26,2,2;4;5,2,7;9;10,3,1,3,6240,195,6435
RECT_E26_A03,26,3,2;4;5,1;2,2;4;5;7;9;10,3,2,6,6240,390,6630
RECT_E26_A04,26,4,2;4;5,3,12;14;15,3,1,3,6240,195,6435
RECT_E26_A05,26,5,2;4;5,1;3,2;4;5;12;14;15,3,2,6,6240,390,6630
RECT_E26_A06,26,6,2;4;5,2;3,7;9;10;12;14;15,3,2,6,6240,390,6630
RECT_E26_A07,26,7,2;4;5,1;2;3,2;4;5;7;9;10;12;14;15,3,3,9,6240,585,6825
RECT_E26_A08,26,8,2;4;5,4,17;19;20,3,1,3,6240,195,6435
RECT_E26_A09,26,9,2;4;5,1;4,2;4;5;17;19;20,3,2,6,6240,390,6630
RECT_E26_A10,26,10,2;4;5,2;4,7;9;10;17;19;20,3,2,6,6240,390,6630
RECT_E26_A11,26,11,2;4;5,1;2;4,2;4;5;7;9;10;17;19;20,3,3,9,6240,585,6825
RECT_E26_A12,26,12,2;4;5,3;4,12;14;15;17;19;20,3,2,6,6240,390,6630
RECT_E26_A13,26,13,2;4;5,1;3;4,2;4;5;12;14;15;17;19;20,3,3,9,6240,585,6825
RECT_E26_A14,26,14,2;4;5,2;3;4,7;9;10;12;14;15;17;19;20,3,3,9,6240,585,6825
RECT_E26_A15,26,15,2;4;5,1;2;3;4,2;4;5;7;9;10;12;14;15;17;19;20,3,4,12,6240,780,7020
RECT_E26_A16,26,16,2;4;5,5,22;24;25,3,1,3,6240,195,6435
RECT_E26_A17,26,17,2;4;5,1;5,2;4;5;22;24;25,3,2,6,6240,390,6630
RECT_E26_A18,26,18,2;4;5,2;5,7;9;10;22;24;25,3,2,6,6240,390,6630
RECT_E26_A19,26,19,2;4;5,1;2;5,2;4;5;7;9;10;22;24;25,3,3,9,6240,585,6825
RECT_E26_A20,26,20,2;4;5,3;5,12;14;15;22;24;25,3,2,6,6240,390,6630
RECT_E26_A21,26,21,2;4;5,1;3;5,2;4;5;12;14;15;22;24;25,3,3,9,6240,585,6825
RECT_E26_A22,26,22,2;4;5,2;3;5,7;9;10;12;14;15;22;24;25,3,3,9,6240,585,6825
RECT_E26_A23,26,23,2;4;5,1;2;3;5,2;4;5;7;9;10;12;14;15;22;24;25,3,4,12,6240,780,7020
RECT_E26_A24,26,24,2;4;5,4;5,17;19;20;22;24;25,3,2,6,6240,390,6630
RECT_E26_A25,26,25,2;4;5,1;4;5,2;4;5;17;19;20;22;24;25,3,3,9,6240,585,6825
RECT_E26_A26,26,26,2;4;5,2;4;5,7;9;10;17;19;20;22;24;25,3,3,9,6240,585,6825
RECT_E26_A27,26,27,2;4;5,1;2;4;5,2;4;5;7;9;10;17;19;20;22;24;25,3,4,12,6240,780,7020
RECT_E26_A28,26,28,2;4;5,3;4;5,12;14;15;17;19;20;22;24;25,3,3,9,6240,585,6825
RECT_E26_A29,26,29,2;4;5,1;3;4;5,2;4;5;12;14;15;17;19;20;22;24;25,3,4,12,6240,780,7020
RECT_E26_A30,26,30,2;4;5,2;3;4;5,7;9;10;12;14;15;17;19;20;22;24;25,3,4,12,6240,780,7020
RECT_E26_A31,26,31,2;4;5,1;2;3;4;5,2;4;5;7;9;10;12;14;15;17;19;20;22;24;25,3,5,15,6240,975,7215
RECT_E27_A01,27,1,1;2;4;5,1,1;2;4;5,4,1,4,8320,260,8580
RECT_E27_A02,27,2,1;2;4;5,2,6;7;9;10,4,1,4,8320,260,8580
RECT_E27_A03,27,3,1;2;4;5,1;2,1;2;4;5;6;7;9;10,4,2,8,8320,520,8840
RECT_E27_A04,27,4,1;2;4;5,3,11;12;14;15,4,1,4,8320,260,8580
RECT_E27_A05,27,5,1;2;4;5,1;3,1;2;4;5;11;12;14;15,4,2,8,8320,520,8840
RECT_E27_A06,27,6,1;2;4;5,2;3,6;7;9;10;11;12;14;15,4,2,8,8320,520,8840
RECT_E27_A07,27,7,1;2;4;5,1;2;3,1;2;4;5;6;7;9;10;11;12;14;15,4,3,12,8320,780,9100
RECT_E27_A08,27,8,1;2;4;5,4,16;17;19;20,4,1,4,8320,260,8580
RECT_E27_A09,27,9,1;2;4;5,1;4,1;2;4;5;16;17;19;20,4,2,8,8320,520,8840
RECT_E27_A10,27,10,1;2;4;5,2;4,6;7;9;10;16;17;19;20,4,2,8,8320,520,8840
RECT_E27_A11,27,11,1;2;4;5,1;2;4,1;2;4;5;6;7;9;10;16;17;19;20,4,3,12,8320,780,9100
RECT_E27_A12,27,12,1;2;4;5,3;4,11;12;14;15;16;17;19;20,4,2,8,8320,520,8840
RECT_E27_A13,27,13,1;2;4;5,1;3;4,1;2;4;5;11;12;14;15;16;17;19;20,4,3,12,8320,780,9100
RECT_E27_A14,27,14,1;2;4;5,2;3;4,6;7;9;10;11;12;14;15;16;17;19;20,4,3,12,8320,780,9100
RECT_E27_A15,27,15,1;2;4;5,1;2;3;4,1;2;4;5;6;7;9;10;11;12;14;15;16;17;19;20,4,4,16,8320,1040,9360
RECT_E27_A16,27,16,1;2;4;5,5,21;22;24;25,4,1,4,8320,260,8580
RECT_E27_A17,27,17,1;2;4;5,1;5,1;2;4;5;21;22;24;25,4,2,8,8320,520,8840
RECT_E27_A18,27,18,1;2;4;5,2;5,6;7;9;10;21;22;24;25,4,2,8,8320,520,8840
RECT_E27_A19,27,19,1;2;4;5,1;2;5,1;2;4;5;6;7;9;10;21;22;24;25,4,3,12,8320,780,9100
RECT_E27_A20,27,20,1;2;4;5,3;5,11;12;14;15;21;22;24;25,4,2,8,8320,520,8840
RECT_E27_A21,27,21,1;2;4;5,1;3;5,1;2;4;5;11;12;14;15;21;22;24;25,4,3,12,8320,780,9100
RECT_E27_A22,27,22,1;2;4;5,2;3;5,6;7;9;10;11;12;14;15;21;22;24;25,4,3,12,8320,780,9100
RECT_E27_A23,27,23,1;2;4;5,1;2;3;5,1;2;4;5;6;7;9;10;11;12;14;15;21;22;24;25,4,4,16,8320,1040,9360
RECT_E27_A24,27,24,1;2;4;5,4;5,16;17;19;20;21;22;24;25,4,2,8,8320,520,8840
RECT_E27_A25,27,25,1;2;4;5,1;4;5,1;2;4;5;16;17;19;20;21;22;24;25,4,3,12,8320,780,9100
RECT_E27_A26,27,26,1;2;4;5,2;4;5,6;7;9;10;16;17;19;20;21;22;24;25,4,3,12,8320,780,9100
RECT_E27_A27,27,27,1;2;4;5,1;2;4;5,1;2;4;5;6;7;9;10;16;17;19;20;21;22;24;25,4,4,16,8320,1040,9360
RECT_E27_A28,27,28,1;2;4;5,3;4;5,11;12;14;15;16;17;19;20;21;22;24;25,4,3,12,8320,780,9100
RECT_E27_A29,27,29,1;2;4;5,1;3;4;5,1;2;4;5;11;12;14;15;16;17;19;20;21;22;24;25,4,4,16,8320,1040,9360
RECT_E27_A30,27,30,1;2;4;5,2;3;4;5,6;7;9;10;11;12;14;15;16;17;19;20;21;22;24;25,4,4,16,8320,1040,9360
RECT_E27_A31,27,31,1;2;4;5,1;2;3;4;5,1;2;4;5;6;7;9;10;11;12;14;15;16;17;19;20;21;22;24;25,4,5,20,8320,1300,9620
RECT_E28_A01,28,1,3;4;5,1,3;4;5,3,1,3,6240,195,6435
RECT_E28_A02,28,2,3;4;5,2,8;9;10,3,1,3,6240,195,6435
RECT_E28_A03,28,3,3;4;5,1;2,3;4;5;8;9;10,3,2,6,6240,390,6630
RECT_E28_A04,28,4,3;4;5,3,13;14;15,3,1,3,6240,195,6435
RECT_E28_A05,28,5,3;4;5,1;3,3;4;5;13;14;15,3,2,6,6240,390,6630
RECT_E28_A06,28,6,3;4;5,2;3,8;9;10;13;14;15,3,2,6,6240,390,6630
RECT_E28_A07,28,7,3;4;5,1;2;3,3;4;5;8;9;10;13;14;15,3,3,9,6240,585,6825
RECT_E28_A08,28,8,3;4;5,4,18;19;20,3,1,3,6240,195,6435
RECT_E28_A09,28,9,3;4;5,1;4,3;4;5;18;19;20,3,2,6,6240,390,6630
RECT_E28_A10,28,10,3;4;5,2;4,8;9;10;18;19;20,3,2,6,6240,390,6630
RECT_E28_A11,28,11,3;4;5,1;2;4,3;4;5;8;9;10;18;19;20,3,3,9,6240,585,6825
RECT_E28_A12,28,12,3;4;5,3;4,13;14;15;18;19;20,3,2,6,6240,390,6630
RECT_E28_A13,28,13,3;4;5,1;3;4,3;4;5;13;14;15;18;19;20,3,3,9,6240,585,6825
RECT_E28_A14,28,14,3;4;5,2;3;4,8;9;10;13;14;15;18;19;20,3,3,9,6240,585,6825
RECT_E28_A15,28,15,3;4;5,1;2;3;4,3;4;5;8;9;10;13;14;15;18;19;20,3,4,12,6240,780,7020
RECT_E28_A16,28,16,3;4;5,5,23;24;25,3,1,3,6240,195,6435
RECT_E28_A17,28,17,3;4;5,1;5,3;4;5;23;24;25,3,2,6,6240,390,6630
RECT_E28_A18,28,18,3;4;5,2;5,8;9;10;23;24;25,3,2,6,6240,390,6630
RECT_E28_A19,28,19,3;4;5,1;2;5,3;4;5;8;9;10;23;24;25,3,3,9,6240,585,6825
RECT_E28_A20,28,20,3;4;5,3;5,13;14;15;23;24;25,3,2,6,6240,390,6630
RECT_E28_A21,28,21,3;4;5,1;3;5,3;4;5;13;14;15;23;24;25,3,3,9,6240,585,6825
RECT_E28_A22,28,22,3;4;5,2;3;5,8;9;10;13;14;15;23;24;25,3,3,9,6240,585,6825
RECT_E28_A23,28,23,3;4;5,1;2;3;5,3;4;5;8;9;10;13;14;15;23;24;25,3,4,12,6240,780,7020
RECT_E28_A24,28,24,3;4;5,4;5,18;19;20;23;24;25,3,2,6,6240,390,6630
RECT_E28_A25,28,25,3;4;5,1;4;5,3;4;5;18;19;20;23;24;25,3,3,9,6240,585,6825
RECT_E28_A26,28,26,3;4;5,2;4;5,8;9;10;18;19;20;23;24;25,3,3,9,6240,585,6825
RECT_E28_A27,28,27,3;4;5,1;2;4;5,3;4;5;8;9;10;18;19;20;23;24;25,3,4,12,6240,780,7020
RECT_E28_A28,28,28,3;4;5,3;4;5,13;14;15;18;19;20;23;24;25,3,3,9,6240,585,6825
RECT_E28_A29,28,29,3;4;5,1;3;4;5,3;4;5;13;14;15;18;19;20;23;24;25,3,4,12,6240,780,7020
RECT_E28_A30,28,30,3;4;5,2;3;4;5,8;9;10;13;14;15;18;19;20;23;24;25,3,4,12,6240,780,7020
RECT_E28_A31,28,31,3;4;5,1;2;3;4;5,3;4;5;8;9;10;13;14;15;18;19;20;23;24;25,3,5,15,6240,975,7215
RECT_E29_A01,29,1,1;3;4;5,1,1;3;4;5,4,1,4,8320,260,8580
RECT_E29_A02,29,2,1;3;4;5,2,6;8;9;10,4,1,4,8320,260,8580
RECT_E29_A03,29,3,1;3;4;5,1;2,1;3;4;5;6;8;9;10,4,2,8,8320,520,8840
RECT_E29_A04,29,4,1;3;4;5,3,11;13;14;15,4,1,4,8320,260,8580
RECT_E29_A05,29,5,1;3;4;5,1;3,1;3;4;5;11;13;14;15,4,2,8,8320,520,8840
RECT_E29_A06,29,6,1;3;4;5,2;3,6;8;9;10;11;13;14;15,4,2,8,8320,520,8840
RECT_E29_A07,29,7,1;3;4;5,1;2;3,1;3;4;5;6;8;9;10;11;13;14;15,4,3,12,8320,780,9100
RECT_E29_A08,29,8,1;3;4;5,4,16;18;19;20,4,1,4,8320,260,8580
RECT_E29_A09,29,9,1;3;4;5,1;4,1;3;4;5;16;18;19;20,4,2,8,8320,520,8840
RECT_E29_A10,29,10,1;3;4;5,2;4,6;8;9;10;16;18;19;20,4,2,8,8320,520,8840
RECT_E29_A11,29,11,1;3;4;5,1;2;4,1;3;4;5;6;8;9;10;16;18;19;20,4,3,12,8320,780,9100
RECT_E29_A12,29,12,1;3;4;5,3;4,11;13;14;15;16;18;19;20,4,2,8,8320,520,8840
RECT_E29_A13,29,13,1;3;4;5,1;3;4,1;3;4;5;11;13;14;15;16;18;19;20,4,3,12,8320,780,9100
RECT_E29_A14,29,14,1;3;4;5,2;3;4,6;8;9;10;11;13;14;15;16;18;19;20,4,3,12,8320,780,9100
RECT_E29_A15,29,15,1;3;4;5,1;2;3;4,1;3;4;5;6;8;9;10;11;13;14;15;16;18;19;20,4,4,16,8320,1040,9360
RECT_E29_A16,29,16,1;3;4;5,5,21;23;24;25,4,1,4,8320,260,8580
RECT_E29_A17,29,17,1;3;4;5,1;5,1;3;4;5;21;23;24;25,4,2,8,8320,520,8840
RECT_E29_A18,29,18,1;3;4;5,2;5,6;8;9;10;21;23;24;25,4,2,8,8320,520,8840
RECT_E29_A19,29,19,1;3;4;5,1;2;5,1;3;4;5;6;8;9;10;21;23;24;25,4,3,12,8320,780,9100
RECT_E29_A20,29,20,1;3;4;5,3;5,11;13;14;15;21;23;24;25,4,2,8,8320,520,8840
RECT_E29_A21,29,21,1;3;4;5,1;3;5,1;3;4;5;11;13;14;15;21;23;24;25,4,3,12,8320,780,9100
RECT_E29_A22,29,22,1;3;4;5,2;3;5,6;8;9;10;11;13;14;15;21;23;24;25,4,3,12,8320,780,9100
RECT_E29_A23,29,23,1;3;4;5,1;2;3;5,1;3;4;5;6;8;9;10;11;13;14;15;21;23;24;25,4,4,16,8320,1040,9360
RECT_E29_A24,29,24,1;3;4;5,4;5,16;18;19;20;21;23;24;25,4,2,8,8320,520,8840
RECT_E29_A25,29,25,1;3;4;5,1;4;5,1;3;4;5;16;18;19;20;21;23;24;25,4,3,12,8320,780,9100
RECT_E29_A26,29,26,1;3;4;5,2;4;5,6;8;9;10;16;18;19;20;21;23;24;25,4,3,12,8320,780,9100
RECT_E29_A27,29,27,1;3;4;5,1;2;4;5,1;3;4;5;6;8;9;10;16;18;19;20;21;23;24;25,4,4,16,8320,1040,9360
RECT_E29_A28,29,28,1;3;4;5,3;4;5,11;13;14;15;16;18;19;20;21;23;24;25,4,3,12,8320,780,9100
RECT_E29_A29,29,29,1;3;4;5,1;3;4;5,1;3;4;5;11;13;14;15;16;18;19;20;21;23;24;25,4,4,16,8320,1040,9360
RECT_E29_A30,29,30,1;3;4;5,2;3;4;5,6;8;9;10;11;13;14;15;16;18;19;20;21;23;24;25,4,4,16,8320,1040,9360
RECT_E29_A31,29,31,1;3;4;5,1;2;3;4;5,1;3;4;5;6;8;9;10;11;13;14;15;16;18;19;20;21;23;24;25,4,5,20,8320,1300,9620
RECT_E30_A01,30,1,2;3;4;5,1,2;3;4;5,4,1,4,8320,260,8580
RECT_E30_A02,30,2,2;3;4;5,2,7;8;9;10,4,1,4,8320,260,8580
RECT_E30_A03,30,3,2;3;4;5,1;2,2;3;4;5;7;8;9;10,4,2,8,8320,520,8840
RECT_E30_A04,30,4,2;3;4;5,3,12;13;14;15,4,1,4,8320,260,8580
RECT_E30_A05,30,5,2;3;4;5,1;3,2;3;4;5;12;13;14;15,4,2,8,8320,520,8840
RECT_E30_A06,30,6,2;3;4;5,2;3,7;8;9;10;12;13;14;15,4,2,8,8320,520,8840
RECT_E30_A07,30,7,2;3;4;5,1;2;3,2;3;4;5;7;8;9;10;12;13;14;15,4,3,12,8320,780,9100
RECT_E30_A08,30,8,2;3;4;5,4,17;18;19;20,4,1,4,8320,260,8580
RECT_E30_A09,30,9,2;3;4;5,1;4,2;3;4;5;17;18;19;20,4,2,8,8320,520,8840
RECT_E30_A10,30,10,2;3;4;5,2;4,7;8;9;10;17;18;19;20,4,2,8,8320,520,8840
RECT_E30_A11,30,11,2;3;4;5,1;2;4,2;3;4;5;7;8;9;10;17;18;19;20,4,3,12,8320,780,9100
RECT_E30_A12,30,12,2;3;4;5,3;4,12;13;14;15;17;18;19;20,4,2,8,8320,520,8840
RECT_E30_A13,30,13,2;3;4;5,1;3;4,2;3;4;5;12;13;14;15;17;18;19;20,4,3,12,8320,780,9100
RECT_E30_A14,30,14,2;3;4;5,2;3;4,7;8;9;10;12;13;14;15;17;18;19;20,4,3,12,8320,780,9100
RECT_E30_A15,30,15,2;3;4;5,1;2;3;4,2;3;4;5;7;8;9;10;12;13;14;15;17;18;19;20,4,4,16,8320,1040,9360
RECT_E30_A16,30,16,2;3;4;5,5,22;23;24;25,4,1,4,8320,260,8580
RECT_E30_A17,30,17,2;3;4;5,1;5,2;3;4;5;22;23;24;25,4,2,8,8320,520,8840
RECT_E30_A18,30,18,2;3;4;5,2;5,7;8;9;10;22;23;24;25,4,2,8,8320,520,8840
RECT_E30_A19,30,19,2;3;4;5,1;2;5,2;3;4;5;7;8;9;10;22;23;24;25,4,3,12,8320,780,9100
RECT_E30_A20,30,20,2;3;4;5,3;5,12;13;14;15;22;23;24;25,4,2,8,8320,520,8840
RECT_E30_A21,30,21,2;3;4;5,1;3;5,2;3;4;5;12;13;14;15;22;23;24;25,4,3,12,8320,780,9100
RECT_E30_A22,30,22,2;3;4;5,2;3;5,7;8;9;10;12;13;14;15;22;23;24;25,4,3,12,8320,780,9100
RECT_E30_A23,30,23,2;3;4;5,1;2;3;5,2;3;4;5;7;8;9;10;12;13;14;15;22;23;24;25,4,4,16,8320,1040,9360
RECT_E30_A24,30,24,2;3;4;5,4;5,17;18;19;20;22;23;24;25,4,2,8,8320,520,8840
RECT_E30_A25,30,25,2;3;4;5,1;4;5,2;3;4;5;17;18;19;20;22;23;24;25,4,3,12,8320,780,9100
RECT_E30_A26,30,26,2;3;4;5,2;4;5,7;8;9;10;17;18;19;20;22;23;24;25,4,3,12,8320,780,9100
RECT_E30_A27,30,27,2;3;4;5,1;2;4;5,2;3;4;5;7;8;9;10;17;18;19;20;22;23;24;25,4,4,16,8320,1040,9360
RECT_E30_A28,30,28,2;3;4;5,3;4;5,12;13;14;15;17;18;19;20;22;23;24;25,4,3,12,8320,780,9100
RECT_E30_A29,30,29,2;3;4;5,1;3;4;5,2;3;4;5;12;13;14;15;17;18;19;20;22;23;24;25,4,4,16,8320,1040,9360
RECT_E30_A30,30,30,2;3;4;5,2;3;4;5,7;8;9;10;12;13;14;15;17;18;19;20;22;23;24;25,4,4,16,8320,1040,9360
RECT_E30_A31,30,31,2;3;4;5,1;2;3;4;5,2;3;4;5;7;8;9;10;12;13;14;15;17;18;19;20;22;23;24;25,4,5,20,8320,1300,9620
RECT_E31_A01,31,1,1;2;3;4;5,1,1;2;3;4;5,5,1,5,10400,325,10725
RECT_E31_A02,31,2,1;2;3;4;5,2,6;7;8;9;10,5,1,5,10400,325,10725
RECT_E31_A03,31,3,1;2;3;4;5,1;2,1;2;3;4;5;6;7;8;9;10,5,2,10,10400,650,11050
RECT_E31_A04,31,4,1;2;3;4;5,3,11;12;13;14;15,5,1,5,10400,325,10725
RECT_E31_A05,31,5,1;2;3;4;5,1;3,1;2;3;4;5;11;12;13;14;15,5,2,10,10400,650,11050
RECT_E31_A06,31,6,1;2;3;4;5,2;3,6;7;8;9;10;11;12;13;14;15,5,2,10,10400,650,11050
RECT_E31_A07,31,7,1;2;3;4;5,1;2;3,1;2;3;4;5;6;7;8;9;10;11;12;13;14;15,5,3,15,10400,975,11375
RECT_E31_A08,31,8,1;2;3;4;5,4,16;17;18;19;20,5,1,5,10400,325,10725
RECT_E31_A09,31,9,1;2;3;4;5,1;4,1;2;3;4;5;16;17;18;19;20,5,2,10,10400,650,11050
RECT_E31_A10,31,10,1;2;3;4;5,2;4,6;7;8;9;10;16;17;18;19;20,5,2,10,10400,650,11050
RECT_E31_A11,31,11,1;2;3;4;5,1;2;4,1;2;3;4;5;6;7;8;9;10;16;17;18;19;20,5,3,15,10400,975,11375
RECT_E31_A12,31,12,1;2;3;4;5,3;4,11;12;13;14;15;16;17;18;19;20,5,2,10,10400,650,11050
RECT_E31_A13,31,13,1;2;3;4;5,1;3;4,1;2;3;4;5;11;12;13;14;15;16;17;18;19;20,5,3,15,10400,975,11375
RECT_E31_A14,31,14,1;2;3;4;5,2;3;4,6;7;8;9;10;11;12;13;14;15;16;17;18;19;20,5,3,15,10400,975,11375
RECT_E31_A15,31,15,1;2;3;4;5,1;2;3;4,1;2;3;4;5;6;7;8;9;10;11;12;13;14;15;16;17;18;19;20,5,4,20,10400,1300,11700
RECT_E31_A16,31,16,1;2;3;4;5,5,21;22;23;24;25,5,1,5,10400,325,10725
RECT_E31_A17,31,17,1;2;3;4;5,1;5,1;2;3;4;5;21;22;23;24;25,5,2,10,10400,650,11050
RECT_E31_A18,31,18,1;2;3;4;5,2;5,6;7;8;9;10;21;22;23;24;25,5,2,10,10400,650,11050
RECT_E31_A19,31,19,1;2;3;4;5,1;2;5,1;2;3;4;5;6;7;8;9;10;21;22;23;24;25,5,3,15,10400,975,11375
RECT_E31_A20,31,20,1;2;3;4;5,3;5,11;12;13;14;15;21;22;23;24;25,5,2,10,10400,650,11050
RECT_E31_A21,31,21,1;2;3;4;5,1;3;5,1;2;3;4;5;11;12;13;14;15;21;22;23;24;25,5,3,15,10400,975,11375
RECT_E31_A22,31,22,1;2;3;4;5,2;3;5,6;7;8;9;10;11;12;13;14;15;21;22;23;24;25,5,3,15,10400,975,11375
RECT_E31_A23,31,23,1;2;3;4;5,1;2;3;5,1;2;3;4;5;6;7;8;9;10;11;12;13;14;15;21;22;23;24;25,5,4,20,10400,1300,11700
RECT_E31_A24,31,24,1;2;3;4;5,4;5,16;17;18;19;20;21;22;23;24;25,5,2,10,10400,650,11050
RECT_E31_A25,31,25,1;2;3;4;5,1;4;5,1;2;3;4;5;16;17;18;19;20;21;22;23;24;25,5,3,15,10400,975,11375
RECT_E31_A26,31,26,1;2;3;4;5,2;4;5,6;7;8;9;10;16;17;18;19;20;21;22;23;24;25,5,3,15,10400,975,11375
RECT_E31_A27,31,27,1;2;3;4;5,1;2;4;5,1;2;3;4;5;6;7;8;9;10;16;17;18;19;20;21;22;23;24;25,5,4,20,10400,1300,11700
RECT_E31_A28,31,28,1;2;3;4;5,3;4;5,11;12;13;14;15;16;17;18;19;20;21;22;23;24;25,5,3,15,10400,975,11375
RECT_E31_A29,31,29,1;2;3;4;5,1;3;4;5,1;2;3;4;5;11;12;13;14;15;16;17;18;19;20;21;22;23;24;25,5,4,20,10400,1300,11700
RECT_E31_A30,31,30,1;2;3;4;5,2;3;4;5,6;7;8;9;10;11;12;13;14;15;16;17;18;19;20;21;22;23;24;25,5,4,20,10400,1300,11700
RECT_E31_A31,31,31,1;2;3;4;5,1;2;3;4;5,1;2;3;4;5;6;7;8;9;10;11;12;13;14;15;16;17;18;19;20;21;22;23;24;25,5,5,25,10400,1625,12025
