scenario_id,data_split,center_az_deg,center_el_deg,direction_az_component,direction_el_component,separation_deg,target1_az_deg,target1_el_deg,target2_az_deg,target2_el_deg,source_profile_id,L,secondary_power_db,correlation_magnitude,correlation_phase_rad,noise_covariance_id,registered_domain_pass,holdout_seed,sampling_rule
D0001,DESIGN,8,10,1,0,0.05,7.975,10,8.025,10,P0,4,0,0,0,WHITE,1,NaN,REGISTERED_CARTESIAN_PRODUCT
D0002,DESIGN,8,10,1,0,0.05,7.975,10,8.025,10,P0,4,0,0,0,STAGE5_TOEPLITZ_CORRELATED,1,NaN,REGISTERED_CARTESIAN_PRODUCT
D0003,DESIGN,8,10,1,0,0.05,7.975,10,8.025,10,P1,4,-6,0,0,WHITE,1,NaN,REGISTERED_CARTESIAN_PRODUCT
D0004,DESIGN,8,10,1,0,0.05,7.975,10,8.025,10,P1,4,-6,0,0,STAGE5_TOEPLITZ_CORRELATED,1,NaN,REGISTERED_CARTESIAN_PRODUCT
D0005,DESIGN,8,10,1,0,0.05,7.975,10,8.025,10,P2,4,0,0.9,0,WHITE,1,NaN,REGISTERED_CARTESIAN_PRODUCT
D0006,DESIGN,8,10,1,0,0.05,7.975,10,8.025,10,P2,4,0,0.9,0,STAGE5_TOEPLITZ_CORRELATED,1,NaN,REGISTERED_CARTESIAN_PRODUCT
D0007,DESIGN,8,10,1,0,0.05,7.975,10,8.025,10,P3,4,-6,0.9,1.5707963267949,WHITE,1,NaN,REGISTERED_CARTESIAN_PRODUCT
D0008,DESIGN,8,10,1,0,0.05,7.975,10,8.025,10,P3,4,-6,0.9,1.5707963267949,STAGE5_TOEPLITZ_CORRELATED,1,NaN,REGISTERED_CARTESIAN_PRODUCT
D0009,DESIGN,8,10,1,0,0.1,7.95,10,8.05,10,P0,4,0,0,0,WHITE,1,NaN,REGISTERED_CARTESIAN_PRODUCT
D0010,DESIGN,8,10,1,0,0.1,7.95,10,8.05,10,P0,4,0,0,0,STAGE5_TOEPLITZ_CORRELATED,1,NaN,REGISTERED_CARTESIAN_PRODUCT
D0011,DESIGN,8,10,1,0,0.1,7.95,10,8.05,10,P1,4,-6,0,0,WHITE,1,NaN,REGISTERED_CARTESIAN_PRODUCT
D0012,DESIGN,8,10,1,0,0.1,7.95,10,8.05,10,P1,4,-6,0,0,STAGE5_TOEPLITZ_CORRELATED,1,NaN,REGISTERED_CARTESIAN_PRODUCT
D0013,DESIGN,8,10,1,0,0.1,7.95,10,8.05,10,P2,4,0,0.9,0,WHITE,1,NaN,REGISTERED_CARTESIAN_PRODUCT
D0014,DESIGN,8,10,1,0,0.1,7.95,10,8.05,10,P2,4,0,0.9,0,STAGE5_TOEPLITZ_CORRELATED,1,NaN,REGISTERED_CARTESIAN_PRODUCT
D0015,DESIGN,8,10,1,0,0.1,7.95,10,8.05,10,P3,4,-6,0.9,1.5707963267949,WHITE,1,NaN,REGISTERED_CARTESIAN_PRODUCT
D0016,DESIGN,8,10,1,0,0.1,7.95,10,8.05,10,P3,4,-6,0.9,1.5707963267949,STAGE5_TOEPLITZ_CORRELATED,1,NaN,REGISTERED_CARTESIAN_PRODUCT
D0017,DESIGN,8,10,1,0,0.2,7.9,10,8.1,10,P0,4,0,0,0,WHITE,1,NaN,REGISTERED_CARTESIAN_PRODUCT
D0018,DESIGN,8,10,1,0,0.2,7.9,10,8.1,10,P0,4,0,0,0,STAGE5_TOEPLITZ_CORRELATED,1,NaN,REGISTERED_CARTESIAN_PRODUCT
D0019,DESIGN,8,10,1,0,0.2,7.9,10,8.1,10,P1,4,-6,0,0,WHITE,1,NaN,REGISTERED_CARTESIAN_PRODUCT
D0020,DESIGN,8,10,1,0,0.2,7.9,10,8.1,10,P1,4,-6,0,0,STAGE5_TOEPLITZ_CORRELATED,1,NaN,REGISTERED_CARTESIAN_PRODUCT
D0021,DESIGN,8,10,1,0,0.2,7.9,10,8.1,10,P2,4,0,0.9,0,WHITE,1,NaN,REGISTERED_CARTESIAN_PRODUCT
D0022,DESIGN,8,10,1,0,0.2,7.9,10,8.1,10,P2,4,0,0.9,0,STAGE5_TOEPLITZ_CORRELATED,1,NaN,REGISTERED_CARTESIAN_PRODUCT
D0023,DESIGN,8,10,1,0,0.2,7.9,10,8.1,10,P3,4,-6,0.9,1.5707963267949,WHITE,1,NaN,REGISTERED_CARTESIAN_PRODUCT
D0024,DESIGN,8,10,1,0,0.2,7.9,10,8.1,10,P3,4,-6,0.9,1.5707963267949,STAGE5_TOEPLITZ_CORRELATED,1,NaN,REGISTERED_CARTESIAN_PRODUCT
D0025,DESIGN,8,10,1,0,0.4,7.8,10,8.2,10,P0,4,0,0,0,WHITE,1,NaN,REGISTERED_CARTESIAN_PRODUCT
D0026,DESIGN,8,10,1,0,0.4,7.8,10,8.2,10,P0,4,0,0,0,STAGE5_TOEPLITZ_CORRELATED,1,NaN,REGISTERED_CARTESIAN_PRODUCT
D0027,DESIGN,8,10,1,0,0.4,7.8,10,8.2,10,P1,4,-6,0,0,WHITE,1,NaN,REGISTERED_CARTESIAN_PRODUCT
D0028,DESIGN,8,10,1,0,0.4,7.8,10,8.2,10,P1,4,-6,0,0,STAGE5_TOEPLITZ_CORRELATED,1,NaN,REGISTERED_CARTESIAN_PRODUCT
D0029,DESIGN,8,10,1,0,0.4,7.8,10,8.2,10,P2,4,0,0.9,0,WHITE,1,NaN,REGISTERED_CARTESIAN_PRODUCT
D0030,DESIGN,8,10,1,0,0.4,7.8,10,8.2,10,P2,4,0,0.9,0,STAGE5_TOEPLITZ_CORRELATED,1,NaN,REGISTERED_CARTESIAN_PRODUCT
D0031,DESIGN,8,10,1,0,0.4,7.8,10,8.2,10,P3,4,-6,0.9,1.5707963267949,WHITE,1,NaN,REGISTERED_CARTESIAN_PRODUCT
D0032,DESIGN,8,10,1,0,0.4,7.8,10,8.2,10,P3,4,-6,0.9,1.5707963267949,STAGE5_TOEPLITZ_CORRELATED,1,NaN,REGISTERED_CARTESIAN_PRODUCT
D0033,DESIGN,8,10,0,1,0.05,8,9.975,8,10.025,P0,4,0,0,0,WHITE,1,NaN,REGISTERED_CARTESIAN_PRODUCT
D0034,DESIGN,8,10,0,1,0.05,8,9.975,8,10.025,P0,4,0,0,0,STAGE5_TOEPLITZ_CORRELATED,1,NaN,REGISTERED_CARTESIAN_PRODUCT
D0035,DESIGN,8,10,0,1,0.05,8,9.975,8,10.025,P1,4,-6,0,0,WHITE,1,NaN,REGISTERED_CARTESIAN_PRODUCT
D0036,DESIGN,8,10,0,1,0.05,8,9.975,8,10.025,P1,4,-6,0,0,STAGE5_TOEPLITZ_CORRELATED,1,NaN,REGISTERED_CARTESIAN_PRODUCT
D0037,DESIGN,8,10,0,1,0.05,8,9.975,8,10.025,P2,4,0,0.9,0,WHITE,1,NaN,REGISTERED_CARTESIAN_PRODUCT
D0038,DESIGN,8,10,0,1,0.05,8,9.975,8,10.025,P2,4,0,0.9,0,STAGE5_TOEPLITZ_CORRELATED,1,NaN,REGISTERED_CARTESIAN_PRODUCT
D0039,DESIGN,8,10,0,1,0.05,8,9.975,8,10.025,P3,4,-6,0.9,1.5707963267949,WHITE,1,NaN,REGISTERED_CARTESIAN_PRODUCT
D0040,DESIGN,8,10,0,1,0.05,8,9.975,8,10.025,P3,4,-6,0.9,1.5707963267949,STAGE5_TOEPLITZ_CORRELATED,1,NaN,REGISTERED_CARTESIAN_PRODUCT
D0041,DESIGN,8,10,0,1,0.1,8,9.95,8,10.05,P0,4,0,0,0,WHITE,1,NaN,REGISTERED_CARTESIAN_PRODUCT
D0042,DESIGN,8,10,0,1,0.1,8,9.95,8,10.05,P0,4,0,0,0,STAGE5_TOEPLITZ_CORRELATED,1,NaN,REGISTERED_CARTESIAN_PRODUCT
D0043,DESIGN,8,10,0,1,0.1,8,9.95,8,10.05,P1,4,-6,0,0,WHITE,1,NaN,REGISTERED_CARTESIAN_PRODUCT
D0044,DESIGN,8,10,0,1,0.1,8,9.95,8,10.05,P1,4,-6,0,0,STAGE5_TOEPLITZ_CORRELATED,1,NaN,REGISTERED_CARTESIAN_PRODUCT
D0045,DESIGN,8,10,0,1,0.1,8,9.95,8,10.05,P2,4,0,0.9,0,WHITE,1,NaN,REGISTERED_CARTESIAN_PRODUCT
D0046,DESIGN,8,10,0,1,0.1,8,9.95,8,10.05,P2,4,0,0.9,0,STAGE5_TOEPLITZ_CORRELATED,1,NaN,REGISTERED_CARTESIAN_PRODUCT
D0047,DESIGN,8,10,0,1,0.1,8,9.95,8,10.05,P3,4,-6,0.9,1.5707963267949,WHITE,1,NaN,REGISTERED_CARTESIAN_PRODUCT
D0048,DESIGN,8,10,0,1,0.1,8,9.95,8,10.05,P3,4,-6,0.9,1.5707963267949,STAGE5_TOEPLITZ_CORRELATED,1,NaN,REGISTERED_CARTESIAN_PRODUCT
D0049,DESIGN,8,10,0,1,0.2,8,9.9,8,10.1,P0,4,0,0,0,WHITE,1,NaN,REGISTERED_CARTESIAN_PRODUCT
D0050,DESIGN,8,10,0,1,0.2,8,9.9,8,10.1,P0,4,0,0,0,STAGE5_TOEPLITZ_CORRELATED,1,NaN,REGISTERED_CARTESIAN_PRODUCT
D0051,DESIGN,8,10,0,1,0.2,8,9.9,8,10.1,P1,4,-6,0,0,WHITE,1,NaN,REGISTERED_CARTESIAN_PRODUCT
D0052,DESIGN,8,10,0,1,0.2,8,9.9,8,10.1,P1,4,-6,0,0,STAGE5_TOEPLITZ_CORRELATED,1,NaN,REGISTERED_CARTESIAN_PRODUCT
D0053,DESIGN,8,10,0,1,0.2,8,9.9,8,10.1,P2,4,0,0.9,0,WHITE,1,NaN,REGISTERED_CARTESIAN_PRODUCT
D0054,DESIGN,8,10,0,1,0.2,8,9.9,8,10.1,P2,4,0,0.9,0,STAGE5_TOEPLITZ_CORRELATED,1,NaN,REGISTERED_CARTESIAN_PRODUCT
D0055,DESIGN,8,10,0,1,0.2,8,9.9,8,10.1,P3,4,-6,0.9,1.5707963267949,WHITE,1,NaN,REGISTERED_CARTESIAN_PRODUCT
D0056,DESIGN,8,10,0,1,0.2,8,9.9,8,10.1,P3,4,-6,0.9,1.5707963267949,STAGE5_TOEPLITZ_CORRELATED,1,NaN,REGISTERED_CARTESIAN_PRODUCT
D0057,DESIGN,8,10,0,1,0.4,8,9.8,8,10.2,P0,4,0,0,0,WHITE,1,NaN,REGISTERED_CARTESIAN_PRODUCT
D0058,DESIGN,8,10,0,1,0.4,8,9.8,8,10.2,P0,4,0,0,0,STAGE5_TOEPLITZ_CORRELATED,1,NaN,REGISTERED_CARTESIAN_PRODUCT
D0059,DESIGN,8,10,0,1,0.4,8,9.8,8,10.2,P1,4,-6,0,0,WHITE,1,NaN,REGISTERED_CARTESIAN_PRODUCT
D0060,DESIGN,8,10,0,1,0.4,8,9.8,8,10.2,P1,4,-6,0,0,STAGE5_TOEPLITZ_CORRELATED,1,NaN,REGISTERED_CARTESIAN_PRODUCT
D0061,DESIGN,8,10,0,1,0.4,8,9.8,8,10.2,P2,4,0,0.9,0,WHITE,1,NaN,REGISTERED_CARTESIAN_PRODUCT
D0062,DESIGN,8,10,0,1,0.4,8,9.8,8,10.2,P2,4,0,0.9,0,STAGE5_TOEPLITZ_CORRELATED,1,NaN,REGISTERED_CARTESIAN_PRODUCT
D0063,DESIGN,8,10,0,1,0.4,8,9.8,8,10.2,P3,4,-6,0.9,1.5707963267949,WHITE,1,NaN,REGISTERED_CARTESIAN_PRODUCT
D0064,DESIGN,8,10,0,1,0.4,8,9.8,8,10.2,P3,4,-6,0.9,1.5707963267949,STAGE5_TOEPLITZ_CORRELATED,1,NaN,REGISTERED_CARTESIAN_PRODUCT
D0065,DESIGN,8,10,0.707106781186547,0.707106781186547,0.05,7.98232233047034,9.98232233047034,8.01767766952966,10.0176776695297,P0,4,0,0,0,WHITE,1,NaN,REGISTERED_CARTESIAN_PRODUCT
D0066,DESIGN,8,10,0.707106781186547,0.707106781186547,0.05,7.98232233047034,9.98232233047034,8.01767766952966,10.0176776695297,P0,4,0,0,0,STAGE5_TOEPLITZ_CORRELATED,1,NaN,REGISTERED_CARTESIAN_PRODUCT
D0067,DESIGN,8,10,0.707106781186547,0.707106781186547,0.05,7.98232233047034,9.98232233047034,8.01767766952966,10.0176776695297,P1,4,-6,0,0,WHITE,1,NaN,REGISTERED_CARTESIAN_PRODUCT
D0068,DESIGN,8,10,0.707106781186547,0.707106781186547,0.05,7.98232233047034,9.98232233047034,8.01767766952966,10.0176776695297,P1,4,-6,0,0,STAGE5_TOEPLITZ_CORRELATED,1,NaN,REGISTERED_CARTESIAN_PRODUCT
D0069,DESIGN,8,10,0.707106781186547,0.707106781186547,0.05,7.98232233047034,9.98232233047034,8.01767766952966,10.0176776695297,P2,4,0,0.9,0,WHITE,1,NaN,REGISTERED_CARTESIAN_PRODUCT
D0070,DESIGN,8,10,0.707106781186547,0.707106781186547,0.05,7.98232233047034,9.98232233047034,8.01767766952966,10.0176776695297,P2,4,0,0.9,0,STAGE5_TOEPLITZ_CORRELATED,1,NaN,REGISTERED_CARTESIAN_PRODUCT
D0071,DESIGN,8,10,0.707106781186547,0.707106781186547,0.05,7.98232233047034,9.98232233047034,8.01767766952966,10.0176776695297,P3,4,-6,0.9,1.5707963267949,WHITE,1,NaN,REGISTERED_CARTESIAN_PRODUCT
D0072,DESIGN,8,10,0.707106781186547,0.707106781186547,0.05,7.98232233047034,9.98232233047034,8.01767766952966,10.0176776695297,P3,4,-6,0.9,1.5707963267949,STAGE5_TOEPLITZ_CORRELATED,1,NaN,REGISTERED_CARTESIAN_PRODUCT
D0073,DESIGN,8,10,0.707106781186547,0.707106781186547,0.1,7.96464466094067,9.96464466094067,8.03535533905933,10.0353553390593,P0,4,0,0,0,WHITE,1,NaN,REGISTERED_CARTESIAN_PRODUCT
D0074,DESIGN,8,10,0.707106781186547,0.707106781186547,0.1,7.96464466094067,9.96464466094067,8.03535533905933,10.0353553390593,P0,4,0,0,0,STAGE5_TOEPLITZ_CORRELATED,1,NaN,REGISTERED_CARTESIAN_PRODUCT
D0075,DESIGN,8,10,0.707106781186547,0.707106781186547,0.1,7.96464466094067,9.96464466094067,8.03535533905933,10.0353553390593,P1,4,-6,0,0,WHITE,1,NaN,REGISTERED_CARTESIAN_PRODUCT
D0076,DESIGN,8,10,0.707106781186547,0.707106781186547,0.1,7.96464466094067,9.96464466094067,8.03535533905933,10.0353553390593,P1,4,-6,0,0,STAGE5_TOEPLITZ_CORRELATED,1,NaN,REGISTERED_CARTESIAN_PRODUCT
D0077,DESIGN,8,10,0.707106781186547,0.707106781186547,0.1,7.96464466094067,9.96464466094067,8.03535533905933,10.0353553390593,P2,4,0,0.9,0,WHITE,1,NaN,REGISTERED_CARTESIAN_PRODUCT
D0078,DESIGN,8,10,0.707106781186547,0.707106781186547,0.1,7.96464466094067,9.96464466094067,8.03535533905933,10.0353553390593,P2,4,0,0.9,0,STAGE5_TOEPLITZ_CORRELATED,1,NaN,REGISTERED_CARTESIAN_PRODUCT
D0079,DESIGN,8,10,0.707106781186547,0.707106781186547,0.1,7.96464466094067,9.96464466094067,8.03535533905933,10.0353553390593,P3,4,-6,0.9,1.5707963267949,WHITE,1,NaN,REGISTERED_CARTESIAN_PRODUCT
D0080,DESIGN,8,10,0.707106781186547,0.707106781186547,0.1,7.96464466094067,9.96464466094067,8.03535533905933,10.0353553390593,P3,4,-6,0.9,1.5707963267949,STAGE5_TOEPLITZ_CORRELATED,1,NaN,REGISTERED_CARTESIAN_PRODUCT
D0081,DESIGN,8,10,0.707106781186547,0.707106781186547,0.2,7.92928932188135,9.92928932188135,8.07071067811865,10.0707106781187,P0,4,0,0,0,WHITE,1,NaN,REGISTERED_CARTESIAN_PRODUCT
D0082,DESIGN,8,10,0.707106781186547,0.707106781186547,0.2,7.92928932188135,9.92928932188135,8.07071067811865,10.0707106781187,P0,4,0,0,0,STAGE5_TOEPLITZ_CORRELATED,1,NaN,REGISTERED_CARTESIAN_PRODUCT
D0083,DESIGN,8,10,0.707106781186547,0.707106781186547,0.2,7.92928932188135,9.92928932188135,8.07071067811865,10.0707106781187,P1,4,-6,0,0,WHITE,1,NaN,REGISTERED_CARTESIAN_PRODUCT
D0084,DESIGN,8,10,0.707106781186547,0.707106781186547,0.2,7.92928932188135,9.92928932188135,8.07071067811865,10.0707106781187,P1,4,-6,0,0,STAGE5_TOEPLITZ_CORRELATED,1,NaN,REGISTERED_CARTESIAN_PRODUCT
D0085,DESIGN,8,10,0.707106781186547,0.707106781186547,0.2,7.92928932188135,9.92928932188135,8.07071067811865,10.0707106781187,P2,4,0,0.9,0,WHITE,1,NaN,REGISTERED_CARTESIAN_PRODUCT
D0086,DESIGN,8,10,0.707106781186547,0.707106781186547,0.2,7.92928932188135,9.92928932188135,8.07071067811865,10.0707106781187,P2,4,0,0.9,0,STAGE5_TOEPLITZ_CORRELATED,1,NaN,REGISTERED_CARTESIAN_PRODUCT
D0087,DESIGN,8,10,0.707106781186547,0.707106781186547,0.2,7.92928932188135,9.92928932188135,8.07071067811865,10.0707106781187,P3,4,-6,0.9,1.5707963267949,WHITE,1,NaN,REGISTERED_CARTESIAN_PRODUCT
D0088,DESIGN,8,10,0.707106781186547,0.707106781186547,0.2,7.92928932188135,9.92928932188135,8.07071067811865,10.0707106781187,P3,4,-6,0.9,1.5707963267949,STAGE5_TOEPLITZ_CORRELATED,1,NaN,REGISTERED_CARTESIAN_PRODUCT
D0089,DESIGN,8,10,0.707106781186547,0.707106781186547,0.4,7.85857864376269,9.85857864376269,8.14142135623731,10.1414213562373,P0,4,0,0,0,WHITE,1,NaN,REGISTERED_CARTESIAN_PRODUCT
D0090,DESIGN,8,10,0.707106781186547,0.707106781186547,0.4,7.85857864376269,9.85857864376269,8.14142135623731,10.1414213562373,P0,4,0,0,0,STAGE5_TOEPLITZ_CORRELATED,1,NaN,REGISTERED_CARTESIAN_PRODUCT
D0091,DESIGN,8,10,0.707106781186547,0.707106781186547,0.4,7.85857864376269,9.85857864376269,8.14142135623731,10.1414213562373,P1,4,-6,0,0,WHITE,1,NaN,REGISTERED_CARTESIAN_PRODUCT
D0092,DESIGN,8,10,0.707106781186547,0.707106781186547,0.4,7.85857864376269,9.85857864376269,8.14142135623731,10.1414213562373,P1,4,-6,0,0,STAGE5_TOEPLITZ_CORRELATED,1,NaN,REGISTERED_CARTESIAN_PRODUCT
D0093,DESIGN,8,10,0.707106781186547,0.707106781186547,0.4,7.85857864376269,9.85857864376269,8.14142135623731,10.1414213562373,P2,4,0,0.9,0,WHITE,1,NaN,REGISTERED_CARTESIAN_PRODUCT
D0094,DESIGN,8,10,0.707106781186547,0.707106781186547,0.4,7.85857864376269,9.85857864376269,8.14142135623731,10.1414213562373,P2,4,0,0.9,0,STAGE5_TOEPLITZ_CORRELATED,1,NaN,REGISTERED_CARTESIAN_PRODUCT
D0095,DESIGN,8,10,0.707106781186547,0.707106781186547,0.4,7.85857864376269,9.85857864376269,8.14142135623731,10.1414213562373,P3,4,-6,0.9,1.5707963267949,WHITE,1,NaN,REGISTERED_CARTESIAN_PRODUCT
D0096,DESIGN,8,10,0.707106781186547,0.707106781186547,0.4,7.85857864376269,9.85857864376269,8.14142135623731,10.1414213562373,P3,4,-6,0.9,1.5707963267949,STAGE5_TOEPLITZ_CORRELATED,1,NaN,REGISTERED_CARTESIAN_PRODUCT
D0097,DESIGN,8,10,0.707106781186547,-0.707106781186547,0.05,7.98232233047034,10.0176776695297,8.01767766952966,9.98232233047034,P0,4,0,0,0,WHITE,1,NaN,REGISTERED_CARTESIAN_PRODUCT
D0098,DESIGN,8,10,0.707106781186547,-0.707106781186547,0.05,7.98232233047034,10.0176776695297,8.01767766952966,9.98232233047034,P0,4,0,0,0,STAGE5_TOEPLITZ_CORRELATED,1,NaN,REGISTERED_CARTESIAN_PRODUCT
D0099,DESIGN,8,10,0.707106781186547,-0.707106781186547,0.05,7.98232233047034,10.0176776695297,8.01767766952966,9.98232233047034,P1,4,-6,0,0,WHITE,1,NaN,REGISTERED_CARTESIAN_PRODUCT
D0100,DESIGN,8,10,0.707106781186547,-0.707106781186547,0.05,7.98232233047034,10.0176776695297,8.01767766952966,9.98232233047034,P1,4,-6,0,0,STAGE5_TOEPLITZ_CORRELATED,1,NaN,REGISTERED_CARTESIAN_PRODUCT
D0101,DESIGN,8,10,0.707106781186547,-0.707106781186547,0.05,7.98232233047034,10.0176776695297,8.01767766952966,9.98232233047034,P2,4,0,0.9,0,WHITE,1,NaN,REGISTERED_CARTESIAN_PRODUCT
D0102,DESIGN,8,10,0.707106781186547,-0.707106781186547,0.05,7.98232233047034,10.0176776695297,8.01767766952966,9.98232233047034,P2,4,0,0.9,0,STAGE5_TOEPLITZ_CORRELATED,1,NaN,REGISTERED_CARTESIAN_PRODUCT
D0103,DESIGN,8,10,0.707106781186547,-0.707106781186547,0.05,7.98232233047034,10.0176776695297,8.01767766952966,9.98232233047034,P3,4,-6,0.9,1.5707963267949,WHITE,1,NaN,REGISTERED_CARTESIAN_PRODUCT
D0104,DESIGN,8,10,0.707106781186547,-0.707106781186547,0.05,7.98232233047034,10.0176776695297,8.01767766952966,9.98232233047034,P3,4,-6,0.9,1.5707963267949,STAGE5_TOEPLITZ_CORRELATED,1,NaN,REGISTERED_CARTESIAN_PRODUCT
D0105,DESIGN,8,10,0.707106781186547,-0.707106781186547,0.1,7.96464466094067,10.0353553390593,8.03535533905933,9.96464466094067,P0,4,0,0,0,WHITE,1,NaN,REGISTERED_CARTESIAN_PRODUCT
D0106,DESIGN,8,10,0.707106781186547,-0.707106781186547,0.1,7.96464466094067,10.0353553390593,8.03535533905933,9.96464466094067,P0,4,0,0,0,STAGE5_TOEPLITZ_CORRELATED,1,NaN,REGISTERED_CARTESIAN_PRODUCT
D0107,DESIGN,8,10,0.707106781186547,-0.707106781186547,0.1,7.96464466094067,10.0353553390593,8.03535533905933,9.96464466094067,P1,4,-6,0,0,WHITE,1,NaN,REGISTERED_CARTESIAN_PRODUCT
D0108,DESIGN,8,10,0.707106781186547,-0.707106781186547,0.1,7.96464466094067,10.0353553390593,8.03535533905933,9.96464466094067,P1,4,-6,0,0,STAGE5_TOEPLITZ_CORRELATED,1,NaN,REGISTERED_CARTESIAN_PRODUCT
D0109,DESIGN,8,10,0.707106781186547,-0.707106781186547,0.1,7.96464466094067,10.0353553390593,8.03535533905933,9.96464466094067,P2,4,0,0.9,0,WHITE,1,NaN,REGISTERED_CARTESIAN_PRODUCT
D0110,DESIGN,8,10,0.707106781186547,-0.707106781186547,0.1,7.96464466094067,10.0353553390593,8.03535533905933,9.96464466094067,P2,4,0,0.9,0,STAGE5_TOEPLITZ_CORRELATED,1,NaN,REGISTERED_CARTESIAN_PRODUCT
D0111,DESIGN,8,10,0.707106781186547,-0.707106781186547,0.1,7.96464466094067,10.0353553390593,8.03535533905933,9.96464466094067,P3,4,-6,0.9,1.5707963267949,WHITE,1,NaN,REGISTERED_CARTESIAN_PRODUCT
D0112,DESIGN,8,10,0.707106781186547,-0.707106781186547,0.1,7.96464466094067,10.0353553390593,8.03535533905933,9.96464466094067,P3,4,-6,0.9,1.5707963267949,STAGE5_TOEPLITZ_CORRELATED,1,NaN,REGISTERED_CARTESIAN_PRODUCT
D0113,DESIGN,8,10,0.707106781186547,-0.707106781186547,0.2,7.92928932188135,10.0707106781187,8.07071067811865,9.92928932188135,P0,4,0,0,0,WHITE,1,NaN,REGISTERED_CARTESIAN_PRODUCT
D0114,DESIGN,8,10,0.707106781186547,-0.707106781186547,0.2,7.92928932188135,10.0707106781187,8.07071067811865,9.92928932188135,P0,4,0,0,0,STAGE5_TOEPLITZ_CORRELATED,1,NaN,REGISTERED_CARTESIAN_PRODUCT
D0115,DESIGN,8,10,0.707106781186547,-0.707106781186547,0.2,7.92928932188135,10.0707106781187,8.07071067811865,9.92928932188135,P1,4,-6,0,0,WHITE,1,NaN,REGISTERED_CARTESIAN_PRODUCT
D0116,DESIGN,8,10,0.707106781186547,-0.707106781186547,0.2,7.92928932188135,10.0707106781187,8.07071067811865,9.92928932188135,P1,4,-6,0,0,STAGE5_TOEPLITZ_CORRELATED,1,NaN,REGISTERED_CARTESIAN_PRODUCT
D0117,DESIGN,8,10,0.707106781186547,-0.707106781186547,0.2,7.92928932188135,10.0707106781187,8.07071067811865,9.92928932188135,P2,4,0,0.9,0,WHITE,1,NaN,REGISTERED_CARTESIAN_PRODUCT
D0118,DESIGN,8,10,0.707106781186547,-0.707106781186547,0.2,7.92928932188135,10.0707106781187,8.07071067811865,9.92928932188135,P2,4,0,0.9,0,STAGE5_TOEPLITZ_CORRELATED,1,NaN,REGISTERED_CARTESIAN_PRODUCT
D0119,DESIGN,8,10,0.707106781186547,-0.707106781186547,0.2,7.92928932188135,10.0707106781187,8.07071067811865,9.92928932188135,P3,4,-6,0.9,1.5707963267949,WHITE,1,NaN,REGISTERED_CARTESIAN_PRODUCT
D0120,DESIGN,8,10,0.707106781186547,-0.707106781186547,0.2,7.92928932188135,10.0707106781187,8.07071067811865,9.92928932188135,P3,4,-6,0.9,1.5707963267949,STAGE5_TOEPLITZ_CORRELATED,1,NaN,REGISTERED_CARTESIAN_PRODUCT
D0121,DESIGN,8,10,0.707106781186547,-0.707106781186547,0.4,7.85857864376269,10.1414213562373,8.14142135623731,9.85857864376269,P0,4,0,0,0,WHITE,1,NaN,REGISTERED_CARTESIAN_PRODUCT
D0122,DESIGN,8,10,0.707106781186547,-0.707106781186547,0.4,7.85857864376269,10.1414213562373,8.14142135623731,9.85857864376269,P0,4,0,0,0,STAGE5_TOEPLITZ_CORRELATED,1,NaN,REGISTERED_CARTESIAN_PRODUCT
D0123,DESIGN,8,10,0.707106781186547,-0.707106781186547,0.4,7.85857864376269,10.1414213562373,8.14142135623731,9.85857864376269,P1,4,-6,0,0,WHITE,1,NaN,REGISTERED_CARTESIAN_PRODUCT
D0124,DESIGN,8,10,0.707106781186547,-0.707106781186547,0.4,7.85857864376269,10.1414213562373,8.14142135623731,9.85857864376269,P1,4,-6,0,0,STAGE5_TOEPLITZ_CORRELATED,1,NaN,REGISTERED_CARTESIAN_PRODUCT
D0125,DESIGN,8,10,0.707106781186547,-0.707106781186547,0.4,7.85857864376269,10.1414213562373,8.14142135623731,9.85857864376269,P2,4,0,0.9,0,WHITE,1,NaN,REGISTERED_CARTESIAN_PRODUCT
D0126,DESIGN,8,10,0.707106781186547,-0.707106781186547,0.4,7.85857864376269,10.1414213562373,8.14142135623731,9.85857864376269,P2,4,0,0.9,0,STAGE5_TOEPLITZ_CORRELATED,1,NaN,REGISTERED_CARTESIAN_PRODUCT
D0127,DESIGN,8,10,0.707106781186547,-0.707106781186547,0.4,7.85857864376269,10.1414213562373,8.14142135623731,9.85857864376269,P3,4,-6,0.9,1.5707963267949,WHITE,1,NaN,REGISTERED_CARTESIAN_PRODUCT
D0128,DESIGN,8,10,0.707106781186547,-0.707106781186547,0.4,7.85857864376269,10.1414213562373,8.14142135623731,9.85857864376269,P3,4,-6,0.9,1.5707963267949,STAGE5_TOEPLITZ_CORRELATED,1,NaN,REGISTERED_CARTESIAN_PRODUCT
D0129,DESIGN,7.6,9.8,1,0,0.05,7.575,9.8,7.625,9.8,P0,4,0,0,0,WHITE,1,NaN,REGISTERED_CARTESIAN_PRODUCT
D0130,DESIGN,7.6,9.8,1,0,0.05,7.575,9.8,7.625,9.8,P0,4,0,0,0,STAGE5_TOEPLITZ_CORRELATED,1,NaN,REGISTERED_CARTESIAN_PRODUCT
D0131,DESIGN,7.6,9.8,1,0,0.05,7.575,9.8,7.625,9.8,P1,4,-6,0,0,WHITE,1,NaN,REGISTERED_CARTESIAN_PRODUCT
D0132,DESIGN,7.6,9.8,1,0,0.05,7.575,9.8,7.625,9.8,P1,4,-6,0,0,STAGE5_TOEPLITZ_CORRELATED,1,NaN,REGISTERED_CARTESIAN_PRODUCT
D0133,DESIGN,7.6,9.8,1,0,0.05,7.575,9.8,7.625,9.8,P2,4,0,0.9,0,WHITE,1,NaN,REGISTERED_CARTESIAN_PRODUCT
D0134,DESIGN,7.6,9.8,1,0,0.05,7.575,9.8,7.625,9.8,P2,4,0,0.9,0,STAGE5_TOEPLITZ_CORRELATED,1,NaN,REGISTERED_CARTESIAN_PRODUCT
D0135,DESIGN,7.6,9.8,1,0,0.05,7.575,9.8,7.625,9.8,P3,4,-6,0.9,1.5707963267949,WHITE,1,NaN,REGISTERED_CARTESIAN_PRODUCT
D0136,DESIGN,7.6,9.8,1,0,0.05,7.575,9.8,7.625,9.8,P3,4,-6,0.9,1.5707963267949,STAGE5_TOEPLITZ_CORRELATED,1,NaN,REGISTERED_CARTESIAN_PRODUCT
D0137,DESIGN,7.6,9.8,1,0,0.1,7.55,9.8,7.65,9.8,P0,4,0,0,0,WHITE,1,NaN,REGISTERED_CARTESIAN_PRODUCT
D0138,DESIGN,7.6,9.8,1,0,0.1,7.55,9.8,7.65,9.8,P0,4,0,0,0,STAGE5_TOEPLITZ_CORRELATED,1,NaN,REGISTERED_CARTESIAN_PRODUCT
D0139,DESIGN,7.6,9.8,1,0,0.1,7.55,9.8,7.65,9.8,P1,4,-6,0,0,WHITE,1,NaN,REGISTERED_CARTESIAN_PRODUCT
D0140,DESIGN,7.6,9.8,1,0,0.1,7.55,9.8,7.65,9.8,P1,4,-6,0,0,STAGE5_TOEPLITZ_CORRELATED,1,NaN,REGISTERED_CARTESIAN_PRODUCT
D0141,DESIGN,7.6,9.8,1,0,0.1,7.55,9.8,7.65,9.8,P2,4,0,0.9,0,WHITE,1,NaN,REGISTERED_CARTESIAN_PRODUCT
D0142,DESIGN,7.6,9.8,1,0,0.1,7.55,9.8,7.65,9.8,P2,4,0,0.9,0,STAGE5_TOEPLITZ_CORRELATED,1,NaN,REGISTERED_CARTESIAN_PRODUCT
D0143,DESIGN,7.6,9.8,1,0,0.1,7.55,9.8,7.65,9.8,P3,4,-6,0.9,1.5707963267949,WHITE,1,NaN,REGISTERED_CARTESIAN_PRODUCT
D0144,DESIGN,7.6,9.8,1,0,0.1,7.55,9.8,7.65,9.8,P3,4,-6,0.9,1.5707963267949,STAGE5_TOEPLITZ_CORRELATED,1,NaN,REGISTERED_CARTESIAN_PRODUCT
D0145,DESIGN,7.6,9.8,1,0,0.2,7.5,9.8,7.7,9.8,P0,4,0,0,0,WHITE,1,NaN,REGISTERED_CARTESIAN_PRODUCT
D0146,DESIGN,7.6,9.8,1,0,0.2,7.5,9.8,7.7,9.8,P0,4,0,0,0,STAGE5_TOEPLITZ_CORRELATED,1,NaN,REGISTERED_CARTESIAN_PRODUCT
D0147,DESIGN,7.6,9.8,1,0,0.2,7.5,9.8,7.7,9.8,P1,4,-6,0,0,WHITE,1,NaN,REGISTERED_CARTESIAN_PRODUCT
D0148,DESIGN,7.6,9.8,1,0,0.2,7.5,9.8,7.7,9.8,P1,4,-6,0,0,STAGE5_TOEPLITZ_CORRELATED,1,NaN,REGISTERED_CARTESIAN_PRODUCT
D0149,DESIGN,7.6,9.8,1,0,0.2,7.5,9.8,7.7,9.8,P2,4,0,0.9,0,WHITE,1,NaN,REGISTERED_CARTESIAN_PRODUCT
D0150,DESIGN,7.6,9.8,1,0,0.2,7.5,9.8,7.7,9.8,P2,4,0,0.9,0,STAGE5_TOEPLITZ_CORRELATED,1,NaN,REGISTERED_CARTESIAN_PRODUCT
D0151,DESIGN,7.6,9.8,1,0,0.2,7.5,9.8,7.7,9.8,P3,4,-6,0.9,1.5707963267949,WHITE,1,NaN,REGISTERED_CARTESIAN_PRODUCT
D0152,DESIGN,7.6,9.8,1,0,0.2,7.5,9.8,7.7,9.8,P3,4,-6,0.9,1.5707963267949,STAGE5_TOEPLITZ_CORRELATED,1,NaN,REGISTERED_CARTESIAN_PRODUCT
D0153,DESIGN,7.6,9.8,1,0,0.4,7.4,9.8,7.8,9.8,P0,4,0,0,0,WHITE,0,NaN,REGISTERED_CARTESIAN_PRODUCT
D0154,DESIGN,7.6,9.8,1,0,0.4,7.4,9.8,7.8,9.8,P0,4,0,0,0,STAGE5_TOEPLITZ_CORRELATED,0,NaN,REGISTERED_CARTESIAN_PRODUCT
D0155,DESIGN,7.6,9.8,1,0,0.4,7.4,9.8,7.8,9.8,P1,4,-6,0,0,WHITE,0,NaN,REGISTERED_CARTESIAN_PRODUCT
D0156,DESIGN,7.6,9.8,1,0,0.4,7.4,9.8,7.8,9.8,P1,4,-6,0,0,STAGE5_TOEPLITZ_CORRELATED,0,NaN,REGISTERED_CARTESIAN_PRODUCT
D0157,DESIGN,7.6,9.8,1,0,0.4,7.4,9.8,7.8,9.8,P2,4,0,0.9,0,WHITE,0,NaN,REGISTERED_CARTESIAN_PRODUCT
D0158,DESIGN,7.6,9.8,1,0,0.4,7.4,9.8,7.8,9.8,P2,4,0,0.9,0,STAGE5_TOEPLITZ_CORRELATED,0,NaN,REGISTERED_CARTESIAN_PRODUCT
D0159,DESIGN,7.6,9.8,1,0,0.4,7.4,9.8,7.8,9.8,P3,4,-6,0.9,1.5707963267949,WHITE,0,NaN,REGISTERED_CARTESIAN_PRODUCT
D0160,DESIGN,7.6,9.8,1,0,0.4,7.4,9.8,7.8,9.8,P3,4,-6,0.9,1.5707963267949,STAGE5_TOEPLITZ_CORRELATED,0,NaN,REGISTERED_CARTESIAN_PRODUCT
D0161,DESIGN,7.6,9.8,0,1,0.05,7.6,9.775,7.6,9.825,P0,4,0,0,0,WHITE,1,NaN,REGISTERED_CARTESIAN_PRODUCT
D0162,DESIGN,7.6,9.8,0,1,0.05,7.6,9.775,7.6,9.825,P0,4,0,0,0,STAGE5_TOEPLITZ_CORRELATED,1,NaN,REGISTERED_CARTESIAN_PRODUCT
D0163,DESIGN,7.6,9.8,0,1,0.05,7.6,9.775,7.6,9.825,P1,4,-6,0,0,WHITE,1,NaN,REGISTERED_CARTESIAN_PRODUCT
D0164,DESIGN,7.6,9.8,0,1,0.05,7.6,9.775,7.6,9.825,P1,4,-6,0,0,STAGE5_TOEPLITZ_CORRELATED,1,NaN,REGISTERED_CARTESIAN_PRODUCT
D0165,DESIGN,7.6,9.8,0,1,0.05,7.6,9.775,7.6,9.825,P2,4,0,0.9,0,WHITE,1,NaN,REGISTERED_CARTESIAN_PRODUCT
D0166,DESIGN,7.6,9.8,0,1,0.05,7.6,9.775,7.6,9.825,P2,4,0,0.9,0,STAGE5_TOEPLITZ_CORRELATED,1,NaN,REGISTERED_CARTESIAN_PRODUCT
D0167,DESIGN,7.6,9.8,0,1,0.05,7.6,9.775,7.6,9.825,P3,4,-6,0.9,1.5707963267949,WHITE,1,NaN,REGISTERED_CARTESIAN_PRODUCT
D0168,DESIGN,7.6,9.8,0,1,0.05,7.6,9.775,7.6,9.825,P3,4,-6,0.9,1.5707963267949,STAGE5_TOEPLITZ_CORRELATED,1,NaN,REGISTERED_CARTESIAN_PRODUCT
D0169,DESIGN,7.6,9.8,0,1,0.1,7.6,9.75,7.6,9.85,P0,4,0,0,0,WHITE,1,NaN,REGISTERED_CARTESIAN_PRODUCT
D0170,DESIGN,7.6,9.8,0,1,0.1,7.6,9.75,7.6,9.85,P0,4,0,0,0,STAGE5_TOEPLITZ_CORRELATED,1,NaN,REGISTERED_CARTESIAN_PRODUCT
D0171,DESIGN,7.6,9.8,0,1,0.1,7.6,9.75,7.6,9.85,P1,4,-6,0,0,WHITE,1,NaN,REGISTERED_CARTESIAN_PRODUCT
D0172,DESIGN,7.6,9.8,0,1,0.1,7.6,9.75,7.6,9.85,P1,4,-6,0,0,STAGE5_TOEPLITZ_CORRELATED,1,NaN,REGISTERED_CARTESIAN_PRODUCT
D0173,DESIGN,7.6,9.8,0,1,0.1,7.6,9.75,7.6,9.85,P2,4,0,0.9,0,WHITE,1,NaN,REGISTERED_CARTESIAN_PRODUCT
D0174,DESIGN,7.6,9.8,0,1,0.1,7.6,9.75,7.6,9.85,P2,4,0,0.9,0,STAGE5_TOEPLITZ_CORRELATED,1,NaN,REGISTERED_CARTESIAN_PRODUCT
D0175,DESIGN,7.6,9.8,0,1,0.1,7.6,9.75,7.6,9.85,P3,4,-6,0.9,1.5707963267949,WHITE,1,NaN,REGISTERED_CARTESIAN_PRODUCT
D0176,DESIGN,7.6,9.8,0,1,0.1,7.6,9.75,7.6,9.85,P3,4,-6,0.9,1.5707963267949,STAGE5_TOEPLITZ_CORRELATED,1,NaN,REGISTERED_CARTESIAN_PRODUCT
D0177,DESIGN,7.6,9.8,0,1,0.2,7.6,9.7,7.6,9.9,P0,4,0,0,0,WHITE,1,NaN,REGISTERED_CARTESIAN_PRODUCT
D0178,DESIGN,7.6,9.8,0,1,0.2,7.6,9.7,7.6,9.9,P0,4,0,0,0,STAGE5_TOEPLITZ_CORRELATED,1,NaN,REGISTERED_CARTESIAN_PRODUCT
D0179,DESIGN,7.6,9.8,0,1,0.2,7.6,9.7,7.6,9.9,P1,4,-6,0,0,WHITE,1,NaN,REGISTERED_CARTESIAN_PRODUCT
D0180,DESIGN,7.6,9.8,0,1,0.2,7.6,9.7,7.6,9.9,P1,4,-6,0,0,STAGE5_TOEPLITZ_CORRELATED,1,NaN,REGISTERED_CARTESIAN_PRODUCT
D0181,DESIGN,7.6,9.8,0,1,0.2,7.6,9.7,7.6,9.9,P2,4,0,0.9,0,WHITE,1,NaN,REGISTERED_CARTESIAN_PRODUCT
D0182,DESIGN,7.6,9.8,0,1,0.2,7.6,9.7,7.6,9.9,P2,4,0,0.9,0,STAGE5_TOEPLITZ_CORRELATED,1,NaN,REGISTERED_CARTESIAN_PRODUCT
D0183,DESIGN,7.6,9.8,0,1,0.2,7.6,9.7,7.6,9.9,P3,4,-6,0.9,1.5707963267949,WHITE,1,NaN,REGISTERED_CARTESIAN_PRODUCT
D0184,DESIGN,7.6,9.8,0,1,0.2,7.6,9.7,7.6,9.9,P3,4,-6,0.9,1.5707963267949,STAGE5_TOEPLITZ_CORRELATED,1,NaN,REGISTERED_CARTESIAN_PRODUCT
D0185,DESIGN,7.6,9.8,0,1,0.4,7.6,9.6,7.6,10,P0,4,0,0,0,WHITE,1,NaN,REGISTERED_CARTESIAN_PRODUCT
D0186,DESIGN,7.6,9.8,0,1,0.4,7.6,9.6,7.6,10,P0,4,0,0,0,STAGE5_TOEPLITZ_CORRELATED,1,NaN,REGISTERED_CARTESIAN_PRODUCT
D0187,DESIGN,7.6,9.8,0,1,0.4,7.6,9.6,7.6,10,P1,4,-6,0,0,WHITE,1,NaN,REGISTERED_CARTESIAN_PRODUCT
D0188,DESIGN,7.6,9.8,0,1,0.4,7.6,9.6,7.6,10,P1,4,-6,0,0,STAGE5_TOEPLITZ_CORRELATED,1,NaN,REGISTERED_CARTESIAN_PRODUCT
D0189,DESIGN,7.6,9.8,0,1,0.4,7.6,9.6,7.6,10,P2,4,0,0.9,0,WHITE,1,NaN,REGISTERED_CARTESIAN_PRODUCT
D0190,DESIGN,7.6,9.8,0,1,0.4,7.6,9.6,7.6,10,P2,4,0,0.9,0,STAGE5_TOEPLITZ_CORRELATED,1,NaN,REGISTERED_CARTESIAN_PRODUCT
D0191,DESIGN,7.6,9.8,0,1,0.4,7.6,9.6,7.6,10,P3,4,-6,0.9,1.5707963267949,WHITE,1,NaN,REGISTERED_CARTESIAN_PRODUCT
D0192,DESIGN,7.6,9.8,0,1,0.4,7.6,9.6,7.6,10,P3,4,-6,0.9,1.5707963267949,STAGE5_TOEPLITZ_CORRELATED,1,NaN,REGISTERED_CARTESIAN_PRODUCT
D0193,DESIGN,7.6,9.8,0.707106781186547,0.707106781186547,0.05,7.58232233047034,9.78232233047034,7.61767766952966,9.81767766952967,P0,4,0,0,0,WHITE,1,NaN,REGISTERED_CARTESIAN_PRODUCT
D0194,DESIGN,7.6,9.8,0.707106781186547,0.707106781186547,0.05,7.58232233047034,9.78232233047034,7.61767766952966,9.81767766952967,P0,4,0,0,0,STAGE5_TOEPLITZ_CORRELATED,1,NaN,REGISTERED_CARTESIAN_PRODUCT
D0195,DESIGN,7.6,9.8,0.707106781186547,0.707106781186547,0.05,7.58232233047034,9.78232233047034,7.61767766952966,9.81767766952967,P1,4,-6,0,0,WHITE,1,NaN,REGISTERED_CARTESIAN_PRODUCT
D0196,DESIGN,7.6,9.8,0.707106781186547,0.707106781186547,0.05,7.58232233047034,9.78232233047034,7.61767766952966,9.81767766952967,P1,4,-6,0,0,STAGE5_TOEPLITZ_CORRELATED,1,NaN,REGISTERED_CARTESIAN_PRODUCT
D0197,DESIGN,7.6,9.8,0.707106781186547,0.707106781186547,0.05,7.58232233047034,9.78232233047034,7.61767766952966,9.81767766952967,P2,4,0,0.9,0,WHITE,1,NaN,REGISTERED_CARTESIAN_PRODUCT
D0198,DESIGN,7.6,9.8,0.707106781186547,0.707106781186547,0.05,7.58232233047034,9.78232233047034,7.61767766952966,9.81767766952967,P2,4,0,0.9,0,STAGE5_TOEPLITZ_CORRELATED,1,NaN,REGISTERED_CARTESIAN_PRODUCT
D0199,DESIGN,7.6,9.8,0.707106781186547,0.707106781186547,0.05,7.58232233047034,9.78232233047034,7.61767766952966,9.81767766952967,P3,4,-6,0.9,1.5707963267949,WHITE,1,NaN,REGISTERED_CARTESIAN_PRODUCT
D0200,DESIGN,7.6,9.8,0.707106781186547,0.707106781186547,0.05,7.58232233047034,9.78232233047034,7.61767766952966,9.81767766952967,P3,4,-6,0.9,1.5707963267949,STAGE5_TOEPLITZ_CORRELATED,1,NaN,REGISTERED_CARTESIAN_PRODUCT
D0201,DESIGN,7.6,9.8,0.707106781186547,0.707106781186547,0.1,7.56464466094067,9.76464466094067,7.63535533905933,9.83535533905933,P0,4,0,0,0,WHITE,1,NaN,REGISTERED_CARTESIAN_PRODUCT
D0202,DESIGN,7.6,9.8,0.707106781186547,0.707106781186547,0.1,7.56464466094067,9.76464466094067,7.63535533905933,9.83535533905933,P0,4,0,0,0,STAGE5_TOEPLITZ_CORRELATED,1,NaN,REGISTERED_CARTESIAN_PRODUCT
D0203,DESIGN,7.6,9.8,0.707106781186547,0.707106781186547,0.1,7.56464466094067,9.76464466094067,7.63535533905933,9.83535533905933,P1,4,-6,0,0,WHITE,1,NaN,REGISTERED_CARTESIAN_PRODUCT
D0204,DESIGN,7.6,9.8,0.707106781186547,0.707106781186547,0.1,7.56464466094067,9.76464466094067,7.63535533905933,9.83535533905933,P1,4,-6,0,0,STAGE5_TOEPLITZ_CORRELATED,1,NaN,REGISTERED_CARTESIAN_PRODUCT
D0205,DESIGN,7.6,9.8,0.707106781186547,0.707106781186547,0.1,7.56464466094067,9.76464466094067,7.63535533905933,9.83535533905933,P2,4,0,0.9,0,WHITE,1,NaN,REGISTERED_CARTESIAN_PRODUCT
D0206,DESIGN,7.6,9.8,0.707106781186547,0.707106781186547,0.1,7.56464466094067,9.76464466094067,7.63535533905933,9.83535533905933,P2,4,0,0.9,0,STAGE5_TOEPLITZ_CORRELATED,1,NaN,REGISTERED_CARTESIAN_PRODUCT
D0207,DESIGN,7.6,9.8,0.707106781186547,0.707106781186547,0.1,7.56464466094067,9.76464466094067,7.63535533905933,9.83535533905933,P3,4,-6,0.9,1.5707963267949,WHITE,1,NaN,REGISTERED_CARTESIAN_PRODUCT
D0208,DESIGN,7.6,9.8,0.707106781186547,0.707106781186547,0.1,7.56464466094067,9.76464466094067,7.63535533905933,9.83535533905933,P3,4,-6,0.9,1.5707963267949,STAGE5_TOEPLITZ_CORRELATED,1,NaN,REGISTERED_CARTESIAN_PRODUCT
D0209,DESIGN,7.6,9.8,0.707106781186547,0.707106781186547,0.2,7.52928932188135,9.72928932188135,7.67071067811865,9.87071067811866,P0,4,0,0,0,WHITE,1,NaN,REGISTERED_CARTESIAN_PRODUCT
D0210,DESIGN,7.6,9.8,0.707106781186547,0.707106781186547,0.2,7.52928932188135,9.72928932188135,7.67071067811865,9.87071067811866,P0,4,0,0,0,STAGE5_TOEPLITZ_CORRELATED,1,NaN,REGISTERED_CARTESIAN_PRODUCT
D0211,DESIGN,7.6,9.8,0.707106781186547,0.707106781186547,0.2,7.52928932188135,9.72928932188135,7.67071067811865,9.87071067811866,P1,4,-6,0,0,WHITE,1,NaN,REGISTERED_CARTESIAN_PRODUCT
D0212,DESIGN,7.6,9.8,0.707106781186547,0.707106781186547,0.2,7.52928932188135,9.72928932188135,7.67071067811865,9.87071067811866,P1,4,-6,0,0,STAGE5_TOEPLITZ_CORRELATED,1,NaN,REGISTERED_CARTESIAN_PRODUCT
D0213,DESIGN,7.6,9.8,0.707106781186547,0.707106781186547,0.2,7.52928932188135,9.72928932188135,7.67071067811865,9.87071067811866,P2,4,0,0.9,0,WHITE,1,NaN,REGISTERED_CARTESIAN_PRODUCT
D0214,DESIGN,7.6,9.8,0.707106781186547,0.707106781186547,0.2,7.52928932188135,9.72928932188135,7.67071067811865,9.87071067811866,P2,4,0,0.9,0,STAGE5_TOEPLITZ_CORRELATED,1,NaN,REGISTERED_CARTESIAN_PRODUCT
D0215,DESIGN,7.6,9.8,0.707106781186547,0.707106781186547,0.2,7.52928932188135,9.72928932188135,7.67071067811865,9.87071067811866,P3,4,-6,0.9,1.5707963267949,WHITE,1,NaN,REGISTERED_CARTESIAN_PRODUCT
D0216,DESIGN,7.6,9.8,0.707106781186547,0.707106781186547,0.2,7.52928932188135,9.72928932188135,7.67071067811865,9.87071067811866,P3,4,-6,0.9,1.5707963267949,STAGE5_TOEPLITZ_CORRELATED,1,NaN,REGISTERED_CARTESIAN_PRODUCT
D0217,DESIGN,7.6,9.8,0.707106781186547,0.707106781186547,0.4,7.45857864376269,9.65857864376269,7.74142135623731,9.94142135623731,P0,4,0,0,0,WHITE,1,NaN,REGISTERED_CARTESIAN_PRODUCT
D0218,DESIGN,7.6,9.8,0.707106781186547,0.707106781186547,0.4,7.45857864376269,9.65857864376269,7.74142135623731,9.94142135623731,P0,4,0,0,0,STAGE5_TOEPLITZ_CORRELATED,1,NaN,REGISTERED_CARTESIAN_PRODUCT
D0219,DESIGN,7.6,9.8,0.707106781186547,0.707106781186547,0.4,7.45857864376269,9.65857864376269,7.74142135623731,9.94142135623731,P1,4,-6,0,0,WHITE,1,NaN,REGISTERED_CARTESIAN_PRODUCT
D0220,DESIGN,7.6,9.8,0.707106781186547,0.707106781186547,0.4,7.45857864376269,9.65857864376269,7.74142135623731,9.94142135623731,P1,4,-6,0,0,STAGE5_TOEPLITZ_CORRELATED,1,NaN,REGISTERED_CARTESIAN_PRODUCT
D0221,DESIGN,7.6,9.8,0.707106781186547,0.707106781186547,0.4,7.45857864376269,9.65857864376269,7.74142135623731,9.94142135623731,P2,4,0,0.9,0,WHITE,1,NaN,REGISTERED_CARTESIAN_PRODUCT
D0222,DESIGN,7.6,9.8,0.707106781186547,0.707106781186547,0.4,7.45857864376269,9.65857864376269,7.74142135623731,9.94142135623731,P2,4,0,0.9,0,STAGE5_TOEPLITZ_CORRELATED,1,NaN,REGISTERED_CARTESIAN_PRODUCT
D0223,DESIGN,7.6,9.8,0.707106781186547,0.707106781186547,0.4,7.45857864376269,9.65857864376269,7.74142135623731,9.94142135623731,P3,4,-6,0.9,1.5707963267949,WHITE,1,NaN,REGISTERED_CARTESIAN_PRODUCT
D0224,DESIGN,7.6,9.8,0.707106781186547,0.707106781186547,0.4,7.45857864376269,9.65857864376269,7.74142135623731,9.94142135623731,P3,4,-6,0.9,1.5707963267949,STAGE5_TOEPLITZ_CORRELATED,1,NaN,REGISTERED_CARTESIAN_PRODUCT
D0225,DESIGN,7.6,9.8,0.707106781186547,-0.707106781186547,0.05,7.58232233047034,9.81767766952967,7.61767766952966,9.78232233047034,P0,4,0,0,0,WHITE,1,NaN,REGISTERED_CARTESIAN_PRODUCT
D0226,DESIGN,7.6,9.8,0.707106781186547,-0.707106781186547,0.05,7.58232233047034,9.81767766952967,7.61767766952966,9.78232233047034,P0,4,0,0,0,STAGE5_TOEPLITZ_CORRELATED,1,NaN,REGISTERED_CARTESIAN_PRODUCT
D0227,DESIGN,7.6,9.8,0.707106781186547,-0.707106781186547,0.05,7.58232233047034,9.81767766952967,7.61767766952966,9.78232233047034,P1,4,-6,0,0,WHITE,1,NaN,REGISTERED_CARTESIAN_PRODUCT
D0228,DESIGN,7.6,9.8,0.707106781186547,-0.707106781186547,0.05,7.58232233047034,9.81767766952967,7.61767766952966,9.78232233047034,P1,4,-6,0,0,STAGE5_TOEPLITZ_CORRELATED,1,NaN,REGISTERED_CARTESIAN_PRODUCT
D0229,DESIGN,7.6,9.8,0.707106781186547,-0.707106781186547,0.05,7.58232233047034,9.81767766952967,7.61767766952966,9.78232233047034,P2,4,0,0.9,0,WHITE,1,NaN,REGISTERED_CARTESIAN_PRODUCT
D0230,DESIGN,7.6,9.8,0.707106781186547,-0.707106781186547,0.05,7.58232233047034,9.81767766952967,7.61767766952966,9.78232233047034,P2,4,0,0.9,0,STAGE5_TOEPLITZ_CORRELATED,1,NaN,REGISTERED_CARTESIAN_PRODUCT
D0231,DESIGN,7.6,9.8,0.707106781186547,-0.707106781186547,0.05,7.58232233047034,9.81767766952967,7.61767766952966,9.78232233047034,P3,4,-6,0.9,1.5707963267949,WHITE,1,NaN,REGISTERED_CARTESIAN_PRODUCT
D0232,DESIGN,7.6,9.8,0.707106781186547,-0.707106781186547,0.05,7.58232233047034,9.81767766952967,7.61767766952966,9.78232233047034,P3,4,-6,0.9,1.5707963267949,STAGE5_TOEPLITZ_CORRELATED,1,NaN,REGISTERED_CARTESIAN_PRODUCT
D0233,DESIGN,7.6,9.8,0.707106781186547,-0.707106781186547,0.1,7.56464466094067,9.83535533905933,7.63535533905933,9.76464466094067,P0,4,0,0,0,WHITE,1,NaN,REGISTERED_CARTESIAN_PRODUCT
D0234,DESIGN,7.6,9.8,0.707106781186547,-0.707106781186547,0.1,7.56464466094067,9.83535533905933,7.63535533905933,9.76464466094067,P0,4,0,0,0,STAGE5_TOEPLITZ_CORRELATED,1,NaN,REGISTERED_CARTESIAN_PRODUCT
D0235,DESIGN,7.6,9.8,0.707106781186547,-0.707106781186547,0.1,7.56464466094067,9.83535533905933,7.63535533905933,9.76464466094067,P1,4,-6,0,0,WHITE,1,NaN,REGISTERED_CARTESIAN_PRODUCT
D0236,DESIGN,7.6,9.8,0.707106781186547,-0.707106781186547,0.1,7.56464466094067,9.83535533905933,7.63535533905933,9.76464466094067,P1,4,-6,0,0,STAGE5_TOEPLITZ_CORRELATED,1,NaN,REGISTERED_CARTESIAN_PRODUCT
D0237,DESIGN,7.6,9.8,0.707106781186547,-0.707106781186547,0.1,7.56464466094067,9.83535533905933,7.63535533905933,9.76464466094067,P2,4,0,0.9,0,WHITE,1,NaN,REGISTERED_CARTESIAN_PRODUCT
D0238,DESIGN,7.6,9.8,0.707106781186547,-0.707106781186547,0.1,7.56464466094067,9.83535533905933,7.63535533905933,9.76464466094067,P2,4,0,0.9,0,STAGE5_TOEPLITZ_CORRELATED,1,NaN,REGISTERED_CARTESIAN_PRODUCT
D0239,DESIGN,7.6,9.8,0.707106781186547,-0.707106781186547,0.1,7.56464466094067,9.83535533905933,7.63535533905933,9.76464466094067,P3,4,-6,0.9,1.5707963267949,WHITE,1,NaN,REGISTERED_CARTESIAN_PRODUCT
D0240,DESIGN,7.6,9.8,0.707106781186547,-0.707106781186547,0.1,7.56464466094067,9.83535533905933,7.63535533905933,9.76464466094067,P3,4,-6,0.9,1.5707963267949,STAGE5_TOEPLITZ_CORRELATED,1,NaN,REGISTERED_CARTESIAN_PRODUCT
D0241,DESIGN,7.6,9.8,0.707106781186547,-0.707106781186547,0.2,7.52928932188135,9.87071067811866,7.67071067811865,9.72928932188135,P0,4,0,0,0,WHITE,1,NaN,REGISTERED_CARTESIAN_PRODUCT
D0242,DESIGN,7.6,9.8,0.707106781186547,-0.707106781186547,0.2,7.52928932188135,9.87071067811866,7.67071067811865,9.72928932188135,P0,4,0,0,0,STAGE5_TOEPLITZ_CORRELATED,1,NaN,REGISTERED_CARTESIAN_PRODUCT
D0243,DESIGN,7.6,9.8,0.707106781186547,-0.707106781186547,0.2,7.52928932188135,9.87071067811866,7.67071067811865,9.72928932188135,P1,4,-6,0,0,WHITE,1,NaN,REGISTERED_CARTESIAN_PRODUCT
D0244,DESIGN,7.6,9.8,0.707106781186547,-0.707106781186547,0.2,7.52928932188135,9.87071067811866,7.67071067811865,9.72928932188135,P1,4,-6,0,0,STAGE5_TOEPLITZ_CORRELATED,1,NaN,REGISTERED_CARTESIAN_PRODUCT
D0245,DESIGN,7.6,9.8,0.707106781186547,-0.707106781186547,0.2,7.52928932188135,9.87071067811866,7.67071067811865,9.72928932188135,P2,4,0,0.9,0,WHITE,1,NaN,REGISTERED_CARTESIAN_PRODUCT
D0246,DESIGN,7.6,9.8,0.707106781186547,-0.707106781186547,0.2,7.52928932188135,9.87071067811866,7.67071067811865,9.72928932188135,P2,4,0,0.9,0,STAGE5_TOEPLITZ_CORRELATED,1,NaN,REGISTERED_CARTESIAN_PRODUCT
D0247,DESIGN,7.6,9.8,0.707106781186547,-0.707106781186547,0.2,7.52928932188135,9.87071067811866,7.67071067811865,9.72928932188135,P3,4,-6,0.9,1.5707963267949,WHITE,1,NaN,REGISTERED_CARTESIAN_PRODUCT
D0248,DESIGN,7.6,9.8,0.707106781186547,-0.707106781186547,0.2,7.52928932188135,9.87071067811866,7.67071067811865,9.72928932188135,P3,4,-6,0.9,1.5707963267949,STAGE5_TOEPLITZ_CORRELATED,1,NaN,REGISTERED_CARTESIAN_PRODUCT
D0249,DESIGN,7.6,9.8,0.707106781186547,-0.707106781186547,0.4,7.45857864376269,9.94142135623731,7.74142135623731,9.65857864376269,P0,4,0,0,0,WHITE,1,NaN,REGISTERED_CARTESIAN_PRODUCT
D0250,DESIGN,7.6,9.8,0.707106781186547,-0.707106781186547,0.4,7.45857864376269,9.94142135623731,7.74142135623731,9.65857864376269,P0,4,0,0,0,STAGE5_TOEPLITZ_CORRELATED,1,NaN,REGISTERED_CARTESIAN_PRODUCT
D0251,DESIGN,7.6,9.8,0.707106781186547,-0.707106781186547,0.4,7.45857864376269,9.94142135623731,7.74142135623731,9.65857864376269,P1,4,-6,0,0,WHITE,1,NaN,REGISTERED_CARTESIAN_PRODUCT
D0252,DESIGN,7.6,9.8,0.707106781186547,-0.707106781186547,0.4,7.45857864376269,9.94142135623731,7.74142135623731,9.65857864376269,P1,4,-6,0,0,STAGE5_TOEPLITZ_CORRELATED,1,NaN,REGISTERED_CARTESIAN_PRODUCT
D0253,DESIGN,7.6,9.8,0.707106781186547,-0.707106781186547,0.4,7.45857864376269,9.94142135623731,7.74142135623731,9.65857864376269,P2,4,0,0.9,0,WHITE,1,NaN,REGISTERED_CARTESIAN_PRODUCT
D0254,DESIGN,7.6,9.8,0.707106781186547,-0.707106781186547,0.4,7.45857864376269,9.94142135623731,7.74142135623731,9.65857864376269,P2,4,0,0.9,0,STAGE5_TOEPLITZ_CORRELATED,1,NaN,REGISTERED_CARTESIAN_PRODUCT
D0255,DESIGN,7.6,9.8,0.707106781186547,-0.707106781186547,0.4,7.45857864376269,9.94142135623731,7.74142135623731,9.65857864376269,P3,4,-6,0.9,1.5707963267949,WHITE,1,NaN,REGISTERED_CARTESIAN_PRODUCT
D0256,DESIGN,7.6,9.8,0.707106781186547,-0.707106781186547,0.4,7.45857864376269,9.94142135623731,7.74142135623731,9.65857864376269,P3,4,-6,0.9,1.5707963267949,STAGE5_TOEPLITZ_CORRELATED,1,NaN,REGISTERED_CARTESIAN_PRODUCT
D0257,DESIGN,7.6,10.2,1,0,0.05,7.575,10.2,7.625,10.2,P0,4,0,0,0,WHITE,1,NaN,REGISTERED_CARTESIAN_PRODUCT
D0258,DESIGN,7.6,10.2,1,0,0.05,7.575,10.2,7.625,10.2,P0,4,0,0,0,STAGE5_TOEPLITZ_CORRELATED,1,NaN,REGISTERED_CARTESIAN_PRODUCT
D0259,DESIGN,7.6,10.2,1,0,0.05,7.575,10.2,7.625,10.2,P1,4,-6,0,0,WHITE,1,NaN,REGISTERED_CARTESIAN_PRODUCT
D0260,DESIGN,7.6,10.2,1,0,0.05,7.575,10.2,7.625,10.2,P1,4,-6,0,0,STAGE5_TOEPLITZ_CORRELATED,1,NaN,REGISTERED_CARTESIAN_PRODUCT
D0261,DESIGN,7.6,10.2,1,0,0.05,7.575,10.2,7.625,10.2,P2,4,0,0.9,0,WHITE,1,NaN,REGISTERED_CARTESIAN_PRODUCT
D0262,DESIGN,7.6,10.2,1,0,0.05,7.575,10.2,7.625,10.2,P2,4,0,0.9,0,STAGE5_TOEPLITZ_CORRELATED,1,NaN,REGISTERED_CARTESIAN_PRODUCT
D0263,DESIGN,7.6,10.2,1,0,0.05,7.575,10.2,7.625,10.2,P3,4,-6,0.9,1.5707963267949,WHITE,1,NaN,REGISTERED_CARTESIAN_PRODUCT
D0264,DESIGN,7.6,10.2,1,0,0.05,7.575,10.2,7.625,10.2,P3,4,-6,0.9,1.5707963267949,STAGE5_TOEPLITZ_CORRELATED,1,NaN,REGISTERED_CARTESIAN_PRODUCT
D0265,DESIGN,7.6,10.2,1,0,0.1,7.55,10.2,7.65,10.2,P0,4,0,0,0,WHITE,1,NaN,REGISTERED_CARTESIAN_PRODUCT
D0266,DESIGN,7.6,10.2,1,0,0.1,7.55,10.2,7.65,10.2,P0,4,0,0,0,STAGE5_TOEPLITZ_CORRELATED,1,NaN,REGISTERED_CARTESIAN_PRODUCT
D0267,DESIGN,7.6,10.2,1,0,0.1,7.55,10.2,7.65,10.2,P1,4,-6,0,0,WHITE,1,NaN,REGISTERED_CARTESIAN_PRODUCT
D0268,DESIGN,7.6,10.2,1,0,0.1,7.55,10.2,7.65,10.2,P1,4,-6,0,0,STAGE5_TOEPLITZ_CORRELATED,1,NaN,REGISTERED_CARTESIAN_PRODUCT
D0269,DESIGN,7.6,10.2,1,0,0.1,7.55,10.2,7.65,10.2,P2,4,0,0.9,0,WHITE,1,NaN,REGISTERED_CARTESIAN_PRODUCT
D0270,DESIGN,7.6,10.2,1,0,0.1,7.55,10.2,7.65,10.2,P2,4,0,0.9,0,STAGE5_TOEPLITZ_CORRELATED,1,NaN,REGISTERED_CARTESIAN_PRODUCT
D0271,DESIGN,7.6,10.2,1,0,0.1,7.55,10.2,7.65,10.2,P3,4,-6,0.9,1.5707963267949,WHITE,1,NaN,REGISTERED_CARTESIAN_PRODUCT
D0272,DESIGN,7.6,10.2,1,0,0.1,7.55,10.2,7.65,10.2,P3,4,-6,0.9,1.5707963267949,STAGE5_TOEPLITZ_CORRELATED,1,NaN,REGISTERED_CARTESIAN_PRODUCT
D0273,DESIGN,7.6,10.2,1,0,0.2,7.5,10.2,7.7,10.2,P0,4,0,0,0,WHITE,1,NaN,REGISTERED_CARTESIAN_PRODUCT
D0274,DESIGN,7.6,10.2,1,0,0.2,7.5,10.2,7.7,10.2,P0,4,0,0,0,STAGE5_TOEPLITZ_CORRELATED,1,NaN,REGISTERED_CARTESIAN_PRODUCT
D0275,DESIGN,7.6,10.2,1,0,0.2,7.5,10.2,7.7,10.2,P1,4,-6,0,0,WHITE,1,NaN,REGISTERED_CARTESIAN_PRODUCT
D0276,DESIGN,7.6,10.2,1,0,0.2,7.5,10.2,7.7,10.2,P1,4,-6,0,0,STAGE5_TOEPLITZ_CORRELATED,1,NaN,REGISTERED_CARTESIAN_PRODUCT
D0277,DESIGN,7.6,10.2,1,0,0.2,7.5,10.2,7.7,10.2,P2,4,0,0.9,0,WHITE,1,NaN,REGISTERED_CARTESIAN_PRODUCT
D0278,DESIGN,7.6,10.2,1,0,0.2,7.5,10.2,7.7,10.2,P2,4,0,0.9,0,STAGE5_TOEPLITZ_CORRELATED,1,NaN,REGISTERED_CARTESIAN_PRODUCT
D0279,DESIGN,7.6,10.2,1,0,0.2,7.5,10.2,7.7,10.2,P3,4,-6,0.9,1.5707963267949,WHITE,1,NaN,REGISTERED_CARTESIAN_PRODUCT
D0280,DESIGN,7.6,10.2,1,0,0.2,7.5,10.2,7.7,10.2,P3,4,-6,0.9,1.5707963267949,STAGE5_TOEPLITZ_CORRELATED,1,NaN,REGISTERED_CARTESIAN_PRODUCT
D0281,DESIGN,7.6,10.2,1,0,0.4,7.4,10.2,7.8,10.2,P0,4,0,0,0,WHITE,0,NaN,REGISTERED_CARTESIAN_PRODUCT
D0282,DESIGN,7.6,10.2,1,0,0.4,7.4,10.2,7.8,10.2,P0,4,0,0,0,STAGE5_TOEPLITZ_CORRELATED,0,NaN,REGISTERED_CARTESIAN_PRODUCT
D0283,DESIGN,7.6,10.2,1,0,0.4,7.4,10.2,7.8,10.2,P1,4,-6,0,0,WHITE,0,NaN,REGISTERED_CARTESIAN_PRODUCT
D0284,DESIGN,7.6,10.2,1,0,0.4,7.4,10.2,7.8,10.2,P1,4,-6,0,0,STAGE5_TOEPLITZ_CORRELATED,0,NaN,REGISTERED_CARTESIAN_PRODUCT
D0285,DESIGN,7.6,10.2,1,0,0.4,7.4,10.2,7.8,10.2,P2,4,0,0.9,0,WHITE,0,NaN,REGISTERED_CARTESIAN_PRODUCT
D0286,DESIGN,7.6,10.2,1,0,0.4,7.4,10.2,7.8,10.2,P2,4,0,0.9,0,STAGE5_TOEPLITZ_CORRELATED,0,NaN,REGISTERED_CARTESIAN_PRODUCT
D0287,DESIGN,7.6,10.2,1,0,0.4,7.4,10.2,7.8,10.2,P3,4,-6,0.9,1.5707963267949,WHITE,0,NaN,REGISTERED_CARTESIAN_PRODUCT
D0288,DESIGN,7.6,10.2,1,0,0.4,7.4,10.2,7.8,10.2,P3,4,-6,0.9,1.5707963267949,STAGE5_TOEPLITZ_CORRELATED,0,NaN,REGISTERED_CARTESIAN_PRODUCT
D0289,DESIGN,7.6,10.2,0,1,0.05,7.6,10.175,7.6,10.225,P0,4,0,0,0,WHITE,1,NaN,REGISTERED_CARTESIAN_PRODUCT
D0290,DESIGN,7.6,10.2,0,1,0.05,7.6,10.175,7.6,10.225,P0,4,0,0,0,STAGE5_TOEPLITZ_CORRELATED,1,NaN,REGISTERED_CARTESIAN_PRODUCT
D0291,DESIGN,7.6,10.2,0,1,0.05,7.6,10.175,7.6,10.225,P1,4,-6,0,0,WHITE,1,NaN,REGISTERED_CARTESIAN_PRODUCT
D0292,DESIGN,7.6,10.2,0,1,0.05,7.6,10.175,7.6,10.225,P1,4,-6,0,0,STAGE5_TOEPLITZ_CORRELATED,1,NaN,REGISTERED_CARTESIAN_PRODUCT
D0293,DESIGN,7.6,10.2,0,1,0.05,7.6,10.175,7.6,10.225,P2,4,0,0.9,0,WHITE,1,NaN,REGISTERED_CARTESIAN_PRODUCT
D0294,DESIGN,7.6,10.2,0,1,0.05,7.6,10.175,7.6,10.225,P2,4,0,0.9,0,STAGE5_TOEPLITZ_CORRELATED,1,NaN,REGISTERED_CARTESIAN_PRODUCT
D0295,DESIGN,7.6,10.2,0,1,0.05,7.6,10.175,7.6,10.225,P3,4,-6,0.9,1.5707963267949,WHITE,1,NaN,REGISTERED_CARTESIAN_PRODUCT
D0296,DESIGN,7.6,10.2,0,1,0.05,7.6,10.175,7.6,10.225,P3,4,-6,0.9,1.5707963267949,STAGE5_TOEPLITZ_CORRELATED,1,NaN,REGISTERED_CARTESIAN_PRODUCT
D0297,DESIGN,7.6,10.2,0,1,0.1,7.6,10.15,7.6,10.25,P0,4,0,0,0,WHITE,1,NaN,REGISTERED_CARTESIAN_PRODUCT
D0298,DESIGN,7.6,10.2,0,1,0.1,7.6,10.15,7.6,10.25,P0,4,0,0,0,STAGE5_TOEPLITZ_CORRELATED,1,NaN,REGISTERED_CARTESIAN_PRODUCT
D0299,DESIGN,7.6,10.2,0,1,0.1,7.6,10.15,7.6,10.25,P1,4,-6,0,0,WHITE,1,NaN,REGISTERED_CARTESIAN_PRODUCT
D0300,DESIGN,7.6,10.2,0,1,0.1,7.6,10.15,7.6,10.25,P1,4,-6,0,0,STAGE5_TOEPLITZ_CORRELATED,1,NaN,REGISTERED_CARTESIAN_PRODUCT
D0301,DESIGN,7.6,10.2,0,1,0.1,7.6,10.15,7.6,10.25,P2,4,0,0.9,0,WHITE,1,NaN,REGISTERED_CARTESIAN_PRODUCT
D0302,DESIGN,7.6,10.2,0,1,0.1,7.6,10.15,7.6,10.25,P2,4,0,0.9,0,STAGE5_TOEPLITZ_CORRELATED,1,NaN,REGISTERED_CARTESIAN_PRODUCT
D0303,DESIGN,7.6,10.2,0,1,0.1,7.6,10.15,7.6,10.25,P3,4,-6,0.9,1.5707963267949,WHITE,1,NaN,REGISTERED_CARTESIAN_PRODUCT
D0304,DESIGN,7.6,10.2,0,1,0.1,7.6,10.15,7.6,10.25,P3,4,-6,0.9,1.5707963267949,STAGE5_TOEPLITZ_CORRELATED,1,NaN,REGISTERED_CARTESIAN_PRODUCT
D0305,DESIGN,7.6,10.2,0,1,0.2,7.6,10.1,7.6,10.3,P0,4,0,0,0,WHITE,1,NaN,REGISTERED_CARTESIAN_PRODUCT
D0306,DESIGN,7.6,10.2,0,1,0.2,7.6,10.1,7.6,10.3,P0,4,0,0,0,STAGE5_TOEPLITZ_CORRELATED,1,NaN,REGISTERED_CARTESIAN_PRODUCT
D0307,DESIGN,7.6,10.2,0,1,0.2,7.6,10.1,7.6,10.3,P1,4,-6,0,0,WHITE,1,NaN,REGISTERED_CARTESIAN_PRODUCT
D0308,DESIGN,7.6,10.2,0,1,0.2,7.6,10.1,7.6,10.3,P1,4,-6,0,0,STAGE5_TOEPLITZ_CORRELATED,1,NaN,REGISTERED_CARTESIAN_PRODUCT
D0309,DESIGN,7.6,10.2,0,1,0.2,7.6,10.1,7.6,10.3,P2,4,0,0.9,0,WHITE,1,NaN,REGISTERED_CARTESIAN_PRODUCT
D0310,DESIGN,7.6,10.2,0,1,0.2,7.6,10.1,7.6,10.3,P2,4,0,0.9,0,STAGE5_TOEPLITZ_CORRELATED,1,NaN,REGISTERED_CARTESIAN_PRODUCT
D0311,DESIGN,7.6,10.2,0,1,0.2,7.6,10.1,7.6,10.3,P3,4,-6,0.9,1.5707963267949,WHITE,1,NaN,REGISTERED_CARTESIAN_PRODUCT
D0312,DESIGN,7.6,10.2,0,1,0.2,7.6,10.1,7.6,10.3,P3,4,-6,0.9,1.5707963267949,STAGE5_TOEPLITZ_CORRELATED,1,NaN,REGISTERED_CARTESIAN_PRODUCT
D0313,DESIGN,7.6,10.2,0,1,0.4,7.6,10,7.6,10.4,P0,4,0,0,0,WHITE,1,NaN,REGISTERED_CARTESIAN_PRODUCT
D0314,DESIGN,7.6,10.2,0,1,0.4,7.6,10,7.6,10.4,P0,4,0,0,0,STAGE5_TOEPLITZ_CORRELATED,1,NaN,REGISTERED_CARTESIAN_PRODUCT
D0315,DESIGN,7.6,10.2,0,1,0.4,7.6,10,7.6,10.4,P1,4,-6,0,0,WHITE,1,NaN,REGISTERED_CARTESIAN_PRODUCT
D0316,DESIGN,7.6,10.2,0,1,0.4,7.6,10,7.6,10.4,P1,4,-6,0,0,STAGE5_TOEPLITZ_CORRELATED,1,NaN,REGISTERED_CARTESIAN_PRODUCT
D0317,DESIGN,7.6,10.2,0,1,0.4,7.6,10,7.6,10.4,P2,4,0,0.9,0,WHITE,1,NaN,REGISTERED_CARTESIAN_PRODUCT
D0318,DESIGN,7.6,10.2,0,1,0.4,7.6,10,7.6,10.4,P2,4,0,0.9,0,STAGE5_TOEPLITZ_CORRELATED,1,NaN,REGISTERED_CARTESIAN_PRODUCT
D0319,DESIGN,7.6,10.2,0,1,0.4,7.6,10,7.6,10.4,P3,4,-6,0.9,1.5707963267949,WHITE,1,NaN,REGISTERED_CARTESIAN_PRODUCT
D0320,DESIGN,7.6,10.2,0,1,0.4,7.6,10,7.6,10.4,P3,4,-6,0.9,1.5707963267949,STAGE5_TOEPLITZ_CORRELATED,1,NaN,REGISTERED_CARTESIAN_PRODUCT
D0321,DESIGN,7.6,10.2,0.707106781186547,0.707106781186547,0.05,7.58232233047034,10.1823223304703,7.61767766952966,10.2176776695297,P0,4,0,0,0,WHITE,1,NaN,REGISTERED_CARTESIAN_PRODUCT
D0322,DESIGN,7.6,10.2,0.707106781186547,0.707106781186547,0.05,7.58232233047034,10.1823223304703,7.61767766952966,10.2176776695297,P0,4,0,0,0,STAGE5_TOEPLITZ_CORRELATED,1,NaN,REGISTERED_CARTESIAN_PRODUCT
D0323,DESIGN,7.6,10.2,0.707106781186547,0.707106781186547,0.05,7.58232233047034,10.1823223304703,7.61767766952966,10.2176776695297,P1,4,-6,0,0,WHITE,1,NaN,REGISTERED_CARTESIAN_PRODUCT
D0324,DESIGN,7.6,10.2,0.707106781186547,0.707106781186547,0.05,7.58232233047034,10.1823223304703,7.61767766952966,10.2176776695297,P1,4,-6,0,0,STAGE5_TOEPLITZ_CORRELATED,1,NaN,REGISTERED_CARTESIAN_PRODUCT
D0325,DESIGN,7.6,10.2,0.707106781186547,0.707106781186547,0.05,7.58232233047034,10.1823223304703,7.61767766952966,10.2176776695297,P2,4,0,0.9,0,WHITE,1,NaN,REGISTERED_CARTESIAN_PRODUCT
D0326,DESIGN,7.6,10.2,0.707106781186547,0.707106781186547,0.05,7.58232233047034,10.1823223304703,7.61767766952966,10.2176776695297,P2,4,0,0.9,0,STAGE5_TOEPLITZ_CORRELATED,1,NaN,REGISTERED_CARTESIAN_PRODUCT
D0327,DESIGN,7.6,10.2,0.707106781186547,0.707106781186547,0.05,7.58232233047034,10.1823223304703,7.61767766952966,10.2176776695297,P3,4,-6,0.9,1.5707963267949,WHITE,1,NaN,REGISTERED_CARTESIAN_PRODUCT
D0328,DESIGN,7.6,10.2,0.707106781186547,0.707106781186547,0.05,7.58232233047034,10.1823223304703,7.61767766952966,10.2176776695297,P3,4,-6,0.9,1.5707963267949,STAGE5_TOEPLITZ_CORRELATED,1,NaN,REGISTERED_CARTESIAN_PRODUCT
D0329,DESIGN,7.6,10.2,0.707106781186547,0.707106781186547,0.1,7.56464466094067,10.1646446609407,7.63535533905933,10.2353553390593,P0,4,0,0,0,WHITE,1,NaN,REGISTERED_CARTESIAN_PRODUCT
D0330,DESIGN,7.6,10.2,0.707106781186547,0.707106781186547,0.1,7.56464466094067,10.1646446609407,7.63535533905933,10.2353553390593,P0,4,0,0,0,STAGE5_TOEPLITZ_CORRELATED,1,NaN,REGISTERED_CARTESIAN_PRODUCT
D0331,DESIGN,7.6,10.2,0.707106781186547,0.707106781186547,0.1,7.56464466094067,10.1646446609407,7.63535533905933,10.2353553390593,P1,4,-6,0,0,WHITE,1,NaN,REGISTERED_CARTESIAN_PRODUCT
D0332,DESIGN,7.6,10.2,0.707106781186547,0.707106781186547,0.1,7.56464466094067,10.1646446609407,7.63535533905933,10.2353553390593,P1,4,-6,0,0,STAGE5_TOEPLITZ_CORRELATED,1,NaN,REGISTERED_CARTESIAN_PRODUCT
D0333,DESIGN,7.6,10.2,0.707106781186547,0.707106781186547,0.1,7.56464466094067,10.1646446609407,7.63535533905933,10.2353553390593,P2,4,0,0.9,0,WHITE,1,NaN,REGISTERED_CARTESIAN_PRODUCT
D0334,DESIGN,7.6,10.2,0.707106781186547,0.707106781186547,0.1,7.56464466094067,10.1646446609407,7.63535533905933,10.2353553390593,P2,4,0,0.9,0,STAGE5_TOEPLITZ_CORRELATED,1,NaN,REGISTERED_CARTESIAN_PRODUCT
D0335,DESIGN,7.6,10.2,0.707106781186547,0.707106781186547,0.1,7.56464466094067,10.1646446609407,7.63535533905933,10.2353553390593,P3,4,-6,0.9,1.5707963267949,WHITE,1,NaN,REGISTERED_CARTESIAN_PRODUCT
D0336,DESIGN,7.6,10.2,0.707106781186547,0.707106781186547,0.1,7.56464466094067,10.1646446609407,7.63535533905933,10.2353553390593,P3,4,-6,0.9,1.5707963267949,STAGE5_TOEPLITZ_CORRELATED,1,NaN,REGISTERED_CARTESIAN_PRODUCT
D0337,DESIGN,7.6,10.2,0.707106781186547,0.707106781186547,0.2,7.52928932188135,10.1292893218813,7.67071067811865,10.2707106781187,P0,4,0,0,0,WHITE,1,NaN,REGISTERED_CARTESIAN_PRODUCT
D0338,DESIGN,7.6,10.2,0.707106781186547,0.707106781186547,0.2,7.52928932188135,10.1292893218813,7.67071067811865,10.2707106781187,P0,4,0,0,0,STAGE5_TOEPLITZ_CORRELATED,1,NaN,REGISTERED_CARTESIAN_PRODUCT
D0339,DESIGN,7.6,10.2,0.707106781186547,0.707106781186547,0.2,7.52928932188135,10.1292893218813,7.67071067811865,10.2707106781187,P1,4,-6,0,0,WHITE,1,NaN,REGISTERED_CARTESIAN_PRODUCT
D0340,DESIGN,7.6,10.2,0.707106781186547,0.707106781186547,0.2,7.52928932188135,10.1292893218813,7.67071067811865,10.2707106781187,P1,4,-6,0,0,STAGE5_TOEPLITZ_CORRELATED,1,NaN,REGISTERED_CARTESIAN_PRODUCT
D0341,DESIGN,7.6,10.2,0.707106781186547,0.707106781186547,0.2,7.52928932188135,10.1292893218813,7.67071067811865,10.2707106781187,P2,4,0,0.9,0,WHITE,1,NaN,REGISTERED_CARTESIAN_PRODUCT
D0342,DESIGN,7.6,10.2,0.707106781186547,0.707106781186547,0.2,7.52928932188135,10.1292893218813,7.67071067811865,10.2707106781187,P2,4,0,0.9,0,STAGE5_TOEPLITZ_CORRELATED,1,NaN,REGISTERED_CARTESIAN_PRODUCT
D0343,DESIGN,7.6,10.2,0.707106781186547,0.707106781186547,0.2,7.52928932188135,10.1292893218813,7.67071067811865,10.2707106781187,P3,4,-6,0.9,1.5707963267949,WHITE,1,NaN,REGISTERED_CARTESIAN_PRODUCT
D0344,DESIGN,7.6,10.2,0.707106781186547,0.707106781186547,0.2,7.52928932188135,10.1292893218813,7.67071067811865,10.2707106781187,P3,4,-6,0.9,1.5707963267949,STAGE5_TOEPLITZ_CORRELATED,1,NaN,REGISTERED_CARTESIAN_PRODUCT
D0345,DESIGN,7.6,10.2,0.707106781186547,0.707106781186547,0.4,7.45857864376269,10.0585786437627,7.74142135623731,10.3414213562373,P0,4,0,0,0,WHITE,1,NaN,REGISTERED_CARTESIAN_PRODUCT
D0346,DESIGN,7.6,10.2,0.707106781186547,0.707106781186547,0.4,7.45857864376269,10.0585786437627,7.74142135623731,10.3414213562373,P0,4,0,0,0,STAGE5_TOEPLITZ_CORRELATED,1,NaN,REGISTERED_CARTESIAN_PRODUCT
D0347,DESIGN,7.6,10.2,0.707106781186547,0.707106781186547,0.4,7.45857864376269,10.0585786437627,7.74142135623731,10.3414213562373,P1,4,-6,0,0,WHITE,1,NaN,REGISTERED_CARTESIAN_PRODUCT
D0348,DESIGN,7.6,10.2,0.707106781186547,0.707106781186547,0.4,7.45857864376269,10.0585786437627,7.74142135623731,10.3414213562373,P1,4,-6,0,0,STAGE5_TOEPLITZ_CORRELATED,1,NaN,REGISTERED_CARTESIAN_PRODUCT
D0349,DESIGN,7.6,10.2,0.707106781186547,0.707106781186547,0.4,7.45857864376269,10.0585786437627,7.74142135623731,10.3414213562373,P2,4,0,0.9,0,WHITE,1,NaN,REGISTERED_CARTESIAN_PRODUCT
D0350,DESIGN,7.6,10.2,0.707106781186547,0.707106781186547,0.4,7.45857864376269,10.0585786437627,7.74142135623731,10.3414213562373,P2,4,0,0.9,0,STAGE5_TOEPLITZ_CORRELATED,1,NaN,REGISTERED_CARTESIAN_PRODUCT
D0351,DESIGN,7.6,10.2,0.707106781186547,0.707106781186547,0.4,7.45857864376269,10.0585786437627,7.74142135623731,10.3414213562373,P3,4,-6,0.9,1.5707963267949,WHITE,1,NaN,REGISTERED_CARTESIAN_PRODUCT
D0352,DESIGN,7.6,10.2,0.707106781186547,0.707106781186547,0.4,7.45857864376269,10.0585786437627,7.74142135623731,10.3414213562373,P3,4,-6,0.9,1.5707963267949,STAGE5_TOEPLITZ_CORRELATED,1,NaN,REGISTERED_CARTESIAN_PRODUCT
D0353,DESIGN,7.6,10.2,0.707106781186547,-0.707106781186547,0.05,7.58232233047034,10.2176776695297,7.61767766952966,10.1823223304703,P0,4,0,0,0,WHITE,1,NaN,REGISTERED_CARTESIAN_PRODUCT
D0354,DESIGN,7.6,10.2,0.707106781186547,-0.707106781186547,0.05,7.58232233047034,10.2176776695297,7.61767766952966,10.1823223304703,P0,4,0,0,0,STAGE5_TOEPLITZ_CORRELATED,1,NaN,REGISTERED_CARTESIAN_PRODUCT
D0355,DESIGN,7.6,10.2,0.707106781186547,-0.707106781186547,0.05,7.58232233047034,10.2176776695297,7.61767766952966,10.1823223304703,P1,4,-6,0,0,WHITE,1,NaN,REGISTERED_CARTESIAN_PRODUCT
D0356,DESIGN,7.6,10.2,0.707106781186547,-0.707106781186547,0.05,7.58232233047034,10.2176776695297,7.61767766952966,10.1823223304703,P1,4,-6,0,0,STAGE5_TOEPLITZ_CORRELATED,1,NaN,REGISTERED_CARTESIAN_PRODUCT
D0357,DESIGN,7.6,10.2,0.707106781186547,-0.707106781186547,0.05,7.58232233047034,10.2176776695297,7.61767766952966,10.1823223304703,P2,4,0,0.9,0,WHITE,1,NaN,REGISTERED_CARTESIAN_PRODUCT
D0358,DESIGN,7.6,10.2,0.707106781186547,-0.707106781186547,0.05,7.58232233047034,10.2176776695297,7.61767766952966,10.1823223304703,P2,4,0,0.9,0,STAGE5_TOEPLITZ_CORRELATED,1,NaN,REGISTERED_CARTESIAN_PRODUCT
D0359,DESIGN,7.6,10.2,0.707106781186547,-0.707106781186547,0.05,7.58232233047034,10.2176776695297,7.61767766952966,10.1823223304703,P3,4,-6,0.9,1.5707963267949,WHITE,1,NaN,REGISTERED_CARTESIAN_PRODUCT
D0360,DESIGN,7.6,10.2,0.707106781186547,-0.707106781186547,0.05,7.58232233047034,10.2176776695297,7.61767766952966,10.1823223304703,P3,4,-6,0.9,1.5707963267949,STAGE5_TOEPLITZ_CORRELATED,1,NaN,REGISTERED_CARTESIAN_PRODUCT
D0361,DESIGN,7.6,10.2,0.707106781186547,-0.707106781186547,0.1,7.56464466094067,10.2353553390593,7.63535533905933,10.1646446609407,P0,4,0,0,0,WHITE,1,NaN,REGISTERED_CARTESIAN_PRODUCT
D0362,DESIGN,7.6,10.2,0.707106781186547,-0.707106781186547,0.1,7.56464466094067,10.2353553390593,7.63535533905933,10.1646446609407,P0,4,0,0,0,STAGE5_TOEPLITZ_CORRELATED,1,NaN,REGISTERED_CARTESIAN_PRODUCT
D0363,DESIGN,7.6,10.2,0.707106781186547,-0.707106781186547,0.1,7.56464466094067,10.2353553390593,7.63535533905933,10.1646446609407,P1,4,-6,0,0,WHITE,1,NaN,REGISTERED_CARTESIAN_PRODUCT
D0364,DESIGN,7.6,10.2,0.707106781186547,-0.707106781186547,0.1,7.56464466094067,10.2353553390593,7.63535533905933,10.1646446609407,P1,4,-6,0,0,STAGE5_TOEPLITZ_CORRELATED,1,NaN,REGISTERED_CARTESIAN_PRODUCT
D0365,DESIGN,7.6,10.2,0.707106781186547,-0.707106781186547,0.1,7.56464466094067,10.2353553390593,7.63535533905933,10.1646446609407,P2,4,0,0.9,0,WHITE,1,NaN,REGISTERED_CARTESIAN_PRODUCT
D0366,DESIGN,7.6,10.2,0.707106781186547,-0.707106781186547,0.1,7.56464466094067,10.2353553390593,7.63535533905933,10.1646446609407,P2,4,0,0.9,0,STAGE5_TOEPLITZ_CORRELATED,1,NaN,REGISTERED_CARTESIAN_PRODUCT
D0367,DESIGN,7.6,10.2,0.707106781186547,-0.707106781186547,0.1,7.56464466094067,10.2353553390593,7.63535533905933,10.1646446609407,P3,4,-6,0.9,1.5707963267949,WHITE,1,NaN,REGISTERED_CARTESIAN_PRODUCT
D0368,DESIGN,7.6,10.2,0.707106781186547,-0.707106781186547,0.1,7.56464466094067,10.2353553390593,7.63535533905933,10.1646446609407,P3,4,-6,0.9,1.5707963267949,STAGE5_TOEPLITZ_CORRELATED,1,NaN,REGISTERED_CARTESIAN_PRODUCT
D0369,DESIGN,7.6,10.2,0.707106781186547,-0.707106781186547,0.2,7.52928932188135,10.2707106781187,7.67071067811865,10.1292893218813,P0,4,0,0,0,WHITE,1,NaN,REGISTERED_CARTESIAN_PRODUCT
D0370,DESIGN,7.6,10.2,0.707106781186547,-0.707106781186547,0.2,7.52928932188135,10.2707106781187,7.67071067811865,10.1292893218813,P0,4,0,0,0,STAGE5_TOEPLITZ_CORRELATED,1,NaN,REGISTERED_CARTESIAN_PRODUCT
D0371,DESIGN,7.6,10.2,0.707106781186547,-0.707106781186547,0.2,7.52928932188135,10.2707106781187,7.67071067811865,10.1292893218813,P1,4,-6,0,0,WHITE,1,NaN,REGISTERED_CARTESIAN_PRODUCT
D0372,DESIGN,7.6,10.2,0.707106781186547,-0.707106781186547,0.2,7.52928932188135,10.2707106781187,7.67071067811865,10.1292893218813,P1,4,-6,0,0,STAGE5_TOEPLITZ_CORRELATED,1,NaN,REGISTERED_CARTESIAN_PRODUCT
D0373,DESIGN,7.6,10.2,0.707106781186547,-0.707106781186547,0.2,7.52928932188135,10.2707106781187,7.67071067811865,10.1292893218813,P2,4,0,0.9,0,WHITE,1,NaN,REGISTERED_CARTESIAN_PRODUCT
D0374,DESIGN,7.6,10.2,0.707106781186547,-0.707106781186547,0.2,7.52928932188135,10.2707106781187,7.67071067811865,10.1292893218813,P2,4,0,0.9,0,STAGE5_TOEPLITZ_CORRELATED,1,NaN,REGISTERED_CARTESIAN_PRODUCT
D0375,DESIGN,7.6,10.2,0.707106781186547,-0.707106781186547,0.2,7.52928932188135,10.2707106781187,7.67071067811865,10.1292893218813,P3,4,-6,0.9,1.5707963267949,WHITE,1,NaN,REGISTERED_CARTESIAN_PRODUCT
D0376,DESIGN,7.6,10.2,0.707106781186547,-0.707106781186547,0.2,7.52928932188135,10.2707106781187,7.67071067811865,10.1292893218813,P3,4,-6,0.9,1.5707963267949,STAGE5_TOEPLITZ_CORRELATED,1,NaN,REGISTERED_CARTESIAN_PRODUCT
D0377,DESIGN,7.6,10.2,0.707106781186547,-0.707106781186547,0.4,7.45857864376269,10.3414213562373,7.74142135623731,10.0585786437627,P0,4,0,0,0,WHITE,1,NaN,REGISTERED_CARTESIAN_PRODUCT
D0378,DESIGN,7.6,10.2,0.707106781186547,-0.707106781186547,0.4,7.45857864376269,10.3414213562373,7.74142135623731,10.0585786437627,P0,4,0,0,0,STAGE5_TOEPLITZ_CORRELATED,1,NaN,REGISTERED_CARTESIAN_PRODUCT
D0379,DESIGN,7.6,10.2,0.707106781186547,-0.707106781186547,0.4,7.45857864376269,10.3414213562373,7.74142135623731,10.0585786437627,P1,4,-6,0,0,WHITE,1,NaN,REGISTERED_CARTESIAN_PRODUCT
D0380,DESIGN,7.6,10.2,0.707106781186547,-0.707106781186547,0.4,7.45857864376269,10.3414213562373,7.74142135623731,10.0585786437627,P1,4,-6,0,0,STAGE5_TOEPLITZ_CORRELATED,1,NaN,REGISTERED_CARTESIAN_PRODUCT
D0381,DESIGN,7.6,10.2,0.707106781186547,-0.707106781186547,0.4,7.45857864376269,10.3414213562373,7.74142135623731,10.0585786437627,P2,4,0,0.9,0,WHITE,1,NaN,REGISTERED_CARTESIAN_PRODUCT
D0382,DESIGN,7.6,10.2,0.707106781186547,-0.707106781186547,0.4,7.45857864376269,10.3414213562373,7.74142135623731,10.0585786437627,P2,4,0,0.9,0,STAGE5_TOEPLITZ_CORRELATED,1,NaN,REGISTERED_CARTESIAN_PRODUCT
D0383,DESIGN,7.6,10.2,0.707106781186547,-0.707106781186547,0.4,7.45857864376269,10.3414213562373,7.74142135623731,10.0585786437627,P3,4,-6,0.9,1.5707963267949,WHITE,1,NaN,REGISTERED_CARTESIAN_PRODUCT
D0384,DESIGN,7.6,10.2,0.707106781186547,-0.707106781186547,0.4,7.45857864376269,10.3414213562373,7.74142135623731,10.0585786437627,P3,4,-6,0.9,1.5707963267949,STAGE5_TOEPLITZ_CORRELATED,1,NaN,REGISTERED_CARTESIAN_PRODUCT
D0385,DESIGN,8.4,9.8,1,0,0.05,8.375,9.8,8.425,9.8,P0,4,0,0,0,WHITE,1,NaN,REGISTERED_CARTESIAN_PRODUCT
D0386,DESIGN,8.4,9.8,1,0,0.05,8.375,9.8,8.425,9.8,P0,4,0,0,0,STAGE5_TOEPLITZ_CORRELATED,1,NaN,REGISTERED_CARTESIAN_PRODUCT
D0387,DESIGN,8.4,9.8,1,0,0.05,8.375,9.8,8.425,9.8,P1,4,-6,0,0,WHITE,1,NaN,REGISTERED_CARTESIAN_PRODUCT
D0388,DESIGN,8.4,9.8,1,0,0.05,8.375,9.8,8.425,9.8,P1,4,-6,0,0,STAGE5_TOEPLITZ_CORRELATED,1,NaN,REGISTERED_CARTESIAN_PRODUCT
D0389,DESIGN,8.4,9.8,1,0,0.05,8.375,9.8,8.425,9.8,P2,4,0,0.9,0,WHITE,1,NaN,REGISTERED_CARTESIAN_PRODUCT
D0390,DESIGN,8.4,9.8,1,0,0.05,8.375,9.8,8.425,9.8,P2,4,0,0.9,0,STAGE5_TOEPLITZ_CORRELATED,1,NaN,REGISTERED_CARTESIAN_PRODUCT
D0391,DESIGN,8.4,9.8,1,0,0.05,8.375,9.8,8.425,9.8,P3,4,-6,0.9,1.5707963267949,WHITE,1,NaN,REGISTERED_CARTESIAN_PRODUCT
D0392,DESIGN,8.4,9.8,1,0,0.05,8.375,9.8,8.425,9.8,P3,4,-6,0.9,1.5707963267949,STAGE5_TOEPLITZ_CORRELATED,1,NaN,REGISTERED_CARTESIAN_PRODUCT
D0393,DESIGN,8.4,9.8,1,0,0.1,8.35,9.8,8.45,9.8,P0,4,0,0,0,WHITE,1,NaN,REGISTERED_CARTESIAN_PRODUCT
D0394,DESIGN,8.4,9.8,1,0,0.1,8.35,9.8,8.45,9.8,P0,4,0,0,0,STAGE5_TOEPLITZ_CORRELATED,1,NaN,REGISTERED_CARTESIAN_PRODUCT
D0395,DESIGN,8.4,9.8,1,0,0.1,8.35,9.8,8.45,9.8,P1,4,-6,0,0,WHITE,1,NaN,REGISTERED_CARTESIAN_PRODUCT
D0396,DESIGN,8.4,9.8,1,0,0.1,8.35,9.8,8.45,9.8,P1,4,-6,0,0,STAGE5_TOEPLITZ_CORRELATED,1,NaN,REGISTERED_CARTESIAN_PRODUCT
D0397,DESIGN,8.4,9.8,1,0,0.1,8.35,9.8,8.45,9.8,P2,4,0,0.9,0,WHITE,1,NaN,REGISTERED_CARTESIAN_PRODUCT
D0398,DESIGN,8.4,9.8,1,0,0.1,8.35,9.8,8.45,9.8,P2,4,0,0.9,0,STAGE5_TOEPLITZ_CORRELATED,1,NaN,REGISTERED_CARTESIAN_PRODUCT
D0399,DESIGN,8.4,9.8,1,0,0.1,8.35,9.8,8.45,9.8,P3,4,-6,0.9,1.5707963267949,WHITE,1,NaN,REGISTERED_CARTESIAN_PRODUCT
D0400,DESIGN,8.4,9.8,1,0,0.1,8.35,9.8,8.45,9.8,P3,4,-6,0.9,1.5707963267949,STAGE5_TOEPLITZ_CORRELATED,1,NaN,REGISTERED_CARTESIAN_PRODUCT
D0401,DESIGN,8.4,9.8,1,0,0.2,8.3,9.8,8.5,9.8,P0,4,0,0,0,WHITE,1,NaN,REGISTERED_CARTESIAN_PRODUCT
D0402,DESIGN,8.4,9.8,1,0,0.2,8.3,9.8,8.5,9.8,P0,4,0,0,0,STAGE5_TOEPLITZ_CORRELATED,1,NaN,REGISTERED_CARTESIAN_PRODUCT
D0403,DESIGN,8.4,9.8,1,0,0.2,8.3,9.8,8.5,9.8,P1,4,-6,0,0,WHITE,1,NaN,REGISTERED_CARTESIAN_PRODUCT
D0404,DESIGN,8.4,9.8,1,0,0.2,8.3,9.8,8.5,9.8,P1,4,-6,0,0,STAGE5_TOEPLITZ_CORRELATED,1,NaN,REGISTERED_CARTESIAN_PRODUCT
D0405,DESIGN,8.4,9.8,1,0,0.2,8.3,9.8,8.5,9.8,P2,4,0,0.9,0,WHITE,1,NaN,REGISTERED_CARTESIAN_PRODUCT
D0406,DESIGN,8.4,9.8,1,0,0.2,8.3,9.8,8.5,9.8,P2,4,0,0.9,0,STAGE5_TOEPLITZ_CORRELATED,1,NaN,REGISTERED_CARTESIAN_PRODUCT
D0407,DESIGN,8.4,9.8,1,0,0.2,8.3,9.8,8.5,9.8,P3,4,-6,0.9,1.5707963267949,WHITE,1,NaN,REGISTERED_CARTESIAN_PRODUCT
D0408,DESIGN,8.4,9.8,1,0,0.2,8.3,9.8,8.5,9.8,P3,4,-6,0.9,1.5707963267949,STAGE5_TOEPLITZ_CORRELATED,1,NaN,REGISTERED_CARTESIAN_PRODUCT
D0409,DESIGN,8.4,9.8,1,0,0.4,8.2,9.8,8.6,9.8,P0,4,0,0,0,WHITE,1,NaN,REGISTERED_CARTESIAN_PRODUCT
D0410,DESIGN,8.4,9.8,1,0,0.4,8.2,9.8,8.6,9.8,P0,4,0,0,0,STAGE5_TOEPLITZ_CORRELATED,1,NaN,REGISTERED_CARTESIAN_PRODUCT
D0411,DESIGN,8.4,9.8,1,0,0.4,8.2,9.8,8.6,9.8,P1,4,-6,0,0,WHITE,1,NaN,REGISTERED_CARTESIAN_PRODUCT
D0412,DESIGN,8.4,9.8,1,0,0.4,8.2,9.8,8.6,9.8,P1,4,-6,0,0,STAGE5_TOEPLITZ_CORRELATED,1,NaN,REGISTERED_CARTESIAN_PRODUCT
D0413,DESIGN,8.4,9.8,1,0,0.4,8.2,9.8,8.6,9.8,P2,4,0,0.9,0,WHITE,1,NaN,REGISTERED_CARTESIAN_PRODUCT
D0414,DESIGN,8.4,9.8,1,0,0.4,8.2,9.8,8.6,9.8,P2,4,0,0.9,0,STAGE5_TOEPLITZ_CORRELATED,1,NaN,REGISTERED_CARTESIAN_PRODUCT
D0415,DESIGN,8.4,9.8,1,0,0.4,8.2,9.8,8.6,9.8,P3,4,-6,0.9,1.5707963267949,WHITE,1,NaN,REGISTERED_CARTESIAN_PRODUCT
D0416,DESIGN,8.4,9.8,1,0,0.4,8.2,9.8,8.6,9.8,P3,4,-6,0.9,1.5707963267949,STAGE5_TOEPLITZ_CORRELATED,1,NaN,REGISTERED_CARTESIAN_PRODUCT
D0417,DESIGN,8.4,9.8,0,1,0.05,8.4,9.775,8.4,9.825,P0,4,0,0,0,WHITE,1,NaN,REGISTERED_CARTESIAN_PRODUCT
D0418,DESIGN,8.4,9.8,0,1,0.05,8.4,9.775,8.4,9.825,P0,4,0,0,0,STAGE5_TOEPLITZ_CORRELATED,1,NaN,REGISTERED_CARTESIAN_PRODUCT
D0419,DESIGN,8.4,9.8,0,1,0.05,8.4,9.775,8.4,9.825,P1,4,-6,0,0,WHITE,1,NaN,REGISTERED_CARTESIAN_PRODUCT
D0420,DESIGN,8.4,9.8,0,1,0.05,8.4,9.775,8.4,9.825,P1,4,-6,0,0,STAGE5_TOEPLITZ_CORRELATED,1,NaN,REGISTERED_CARTESIAN_PRODUCT
D0421,DESIGN,8.4,9.8,0,1,0.05,8.4,9.775,8.4,9.825,P2,4,0,0.9,0,WHITE,1,NaN,REGISTERED_CARTESIAN_PRODUCT
D0422,DESIGN,8.4,9.8,0,1,0.05,8.4,9.775,8.4,9.825,P2,4,0,0.9,0,STAGE5_TOEPLITZ_CORRELATED,1,NaN,REGISTERED_CARTESIAN_PRODUCT
D0423,DESIGN,8.4,9.8,0,1,0.05,8.4,9.775,8.4,9.825,P3,4,-6,0.9,1.5707963267949,WHITE,1,NaN,REGISTERED_CARTESIAN_PRODUCT
D0424,DESIGN,8.4,9.8,0,1,0.05,8.4,9.775,8.4,9.825,P3,4,-6,0.9,1.5707963267949,STAGE5_TOEPLITZ_CORRELATED,1,NaN,REGISTERED_CARTESIAN_PRODUCT
D0425,DESIGN,8.4,9.8,0,1,0.1,8.4,9.75,8.4,9.85,P0,4,0,0,0,WHITE,1,NaN,REGISTERED_CARTESIAN_PRODUCT
D0426,DESIGN,8.4,9.8,0,1,0.1,8.4,9.75,8.4,9.85,P0,4,0,0,0,STAGE5_TOEPLITZ_CORRELATED,1,NaN,REGISTERED_CARTESIAN_PRODUCT
D0427,DESIGN,8.4,9.8,0,1,0.1,8.4,9.75,8.4,9.85,P1,4,-6,0,0,WHITE,1,NaN,REGISTERED_CARTESIAN_PRODUCT
D0428,DESIGN,8.4,9.8,0,1,0.1,8.4,9.75,8.4,9.85,P1,4,-6,0,0,STAGE5_TOEPLITZ_CORRELATED,1,NaN,REGISTERED_CARTESIAN_PRODUCT
D0429,DESIGN,8.4,9.8,0,1,0.1,8.4,9.75,8.4,9.85,P2,4,0,0.9,0,WHITE,1,NaN,REGISTERED_CARTESIAN_PRODUCT
D0430,DESIGN,8.4,9.8,0,1,0.1,8.4,9.75,8.4,9.85,P2,4,0,0.9,0,STAGE5_TOEPLITZ_CORRELATED,1,NaN,REGISTERED_CARTESIAN_PRODUCT
D0431,DESIGN,8.4,9.8,0,1,0.1,8.4,9.75,8.4,9.85,P3,4,-6,0.9,1.5707963267949,WHITE,1,NaN,REGISTERED_CARTESIAN_PRODUCT
D0432,DESIGN,8.4,9.8,0,1,0.1,8.4,9.75,8.4,9.85,P3,4,-6,0.9,1.5707963267949,STAGE5_TOEPLITZ_CORRELATED,1,NaN,REGISTERED_CARTESIAN_PRODUCT
D0433,DESIGN,8.4,9.8,0,1,0.2,8.4,9.7,8.4,9.9,P0,4,0,0,0,WHITE,1,NaN,REGISTERED_CARTESIAN_PRODUCT
D0434,DESIGN,8.4,9.8,0,1,0.2,8.4,9.7,8.4,9.9,P0,4,0,0,0,STAGE5_TOEPLITZ_CORRELATED,1,NaN,REGISTERED_CARTESIAN_PRODUCT
D0435,DESIGN,8.4,9.8,0,1,0.2,8.4,9.7,8.4,9.9,P1,4,-6,0,0,WHITE,1,NaN,REGISTERED_CARTESIAN_PRODUCT
D0436,DESIGN,8.4,9.8,0,1,0.2,8.4,9.7,8.4,9.9,P1,4,-6,0,0,STAGE5_TOEPLITZ_CORRELATED,1,NaN,REGISTERED_CARTESIAN_PRODUCT
D0437,DESIGN,8.4,9.8,0,1,0.2,8.4,9.7,8.4,9.9,P2,4,0,0.9,0,WHITE,1,NaN,REGISTERED_CARTESIAN_PRODUCT
D0438,DESIGN,8.4,9.8,0,1,0.2,8.4,9.7,8.4,9.9,P2,4,0,0.9,0,STAGE5_TOEPLITZ_CORRELATED,1,NaN,REGISTERED_CARTESIAN_PRODUCT
D0439,DESIGN,8.4,9.8,0,1,0.2,8.4,9.7,8.4,9.9,P3,4,-6,0.9,1.5707963267949,WHITE,1,NaN,REGISTERED_CARTESIAN_PRODUCT
D0440,DESIGN,8.4,9.8,0,1,0.2,8.4,9.7,8.4,9.9,P3,4,-6,0.9,1.5707963267949,STAGE5_TOEPLITZ_CORRELATED,1,NaN,REGISTERED_CARTESIAN_PRODUCT
D0441,DESIGN,8.4,9.8,0,1,0.4,8.4,9.6,8.4,10,P0,4,0,0,0,WHITE,1,NaN,REGISTERED_CARTESIAN_PRODUCT
D0442,DESIGN,8.4,9.8,0,1,0.4,8.4,9.6,8.4,10,P0,4,0,0,0,STAGE5_TOEPLITZ_CORRELATED,1,NaN,REGISTERED_CARTESIAN_PRODUCT
D0443,DESIGN,8.4,9.8,0,1,0.4,8.4,9.6,8.4,10,P1,4,-6,0,0,WHITE,1,NaN,REGISTERED_CARTESIAN_PRODUCT
D0444,DESIGN,8.4,9.8,0,1,0.4,8.4,9.6,8.4,10,P1,4,-6,0,0,STAGE5_TOEPLITZ_CORRELATED,1,NaN,REGISTERED_CARTESIAN_PRODUCT
D0445,DESIGN,8.4,9.8,0,1,0.4,8.4,9.6,8.4,10,P2,4,0,0.9,0,WHITE,1,NaN,REGISTERED_CARTESIAN_PRODUCT
D0446,DESIGN,8.4,9.8,0,1,0.4,8.4,9.6,8.4,10,P2,4,0,0.9,0,STAGE5_TOEPLITZ_CORRELATED,1,NaN,REGISTERED_CARTESIAN_PRODUCT
D0447,DESIGN,8.4,9.8,0,1,0.4,8.4,9.6,8.4,10,P3,4,-6,0.9,1.5707963267949,WHITE,1,NaN,REGISTERED_CARTESIAN_PRODUCT
D0448,DESIGN,8.4,9.8,0,1,0.4,8.4,9.6,8.4,10,P3,4,-6,0.9,1.5707963267949,STAGE5_TOEPLITZ_CORRELATED,1,NaN,REGISTERED_CARTESIAN_PRODUCT
D0449,DESIGN,8.4,9.8,0.707106781186547,0.707106781186547,0.05,8.38232233047034,9.78232233047034,8.41767766952966,9.81767766952967,P0,4,0,0,0,WHITE,1,NaN,REGISTERED_CARTESIAN_PRODUCT
D0450,DESIGN,8.4,9.8,0.707106781186547,0.707106781186547,0.05,8.38232233047034,9.78232233047034,8.41767766952966,9.81767766952967,P0,4,0,0,0,STAGE5_TOEPLITZ_CORRELATED,1,NaN,REGISTERED_CARTESIAN_PRODUCT
D0451,DESIGN,8.4,9.8,0.707106781186547,0.707106781186547,0.05,8.38232233047034,9.78232233047034,8.41767766952966,9.81767766952967,P1,4,-6,0,0,WHITE,1,NaN,REGISTERED_CARTESIAN_PRODUCT
D0452,DESIGN,8.4,9.8,0.707106781186547,0.707106781186547,0.05,8.38232233047034,9.78232233047034,8.41767766952966,9.81767766952967,P1,4,-6,0,0,STAGE5_TOEPLITZ_CORRELATED,1,NaN,REGISTERED_CARTESIAN_PRODUCT
D0453,DESIGN,8.4,9.8,0.707106781186547,0.707106781186547,0.05,8.38232233047034,9.78232233047034,8.41767766952966,9.81767766952967,P2,4,0,0.9,0,WHITE,1,NaN,REGISTERED_CARTESIAN_PRODUCT
D0454,DESIGN,8.4,9.8,0.707106781186547,0.707106781186547,0.05,8.38232233047034,9.78232233047034,8.41767766952966,9.81767766952967,P2,4,0,0.9,0,STAGE5_TOEPLITZ_CORRELATED,1,NaN,REGISTERED_CARTESIAN_PRODUCT
D0455,DESIGN,8.4,9.8,0.707106781186547,0.707106781186547,0.05,8.38232233047034,9.78232233047034,8.41767766952966,9.81767766952967,P3,4,-6,0.9,1.5707963267949,WHITE,1,NaN,REGISTERED_CARTESIAN_PRODUCT
D0456,DESIGN,8.4,9.8,0.707106781186547,0.707106781186547,0.05,8.38232233047034,9.78232233047034,8.41767766952966,9.81767766952967,P3,4,-6,0.9,1.5707963267949,STAGE5_TOEPLITZ_CORRELATED,1,NaN,REGISTERED_CARTESIAN_PRODUCT
D0457,DESIGN,8.4,9.8,0.707106781186547,0.707106781186547,0.1,8.36464466094067,9.76464466094067,8.43535533905933,9.83535533905933,P0,4,0,0,0,WHITE,1,NaN,REGISTERED_CARTESIAN_PRODUCT
D0458,DESIGN,8.4,9.8,0.707106781186547,0.707106781186547,0.1,8.36464466094067,9.76464466094067,8.43535533905933,9.83535533905933,P0,4,0,0,0,STAGE5_TOEPLITZ_CORRELATED,1,NaN,REGISTERED_CARTESIAN_PRODUCT
D0459,DESIGN,8.4,9.8,0.707106781186547,0.707106781186547,0.1,8.36464466094067,9.76464466094067,8.43535533905933,9.83535533905933,P1,4,-6,0,0,WHITE,1,NaN,REGISTERED_CARTESIAN_PRODUCT
D0460,DESIGN,8.4,9.8,0.707106781186547,0.707106781186547,0.1,8.36464466094067,9.76464466094067,8.43535533905933,9.83535533905933,P1,4,-6,0,0,STAGE5_TOEPLITZ_CORRELATED,1,NaN,REGISTERED_CARTESIAN_PRODUCT
D0461,DESIGN,8.4,9.8,0.707106781186547,0.707106781186547,0.1,8.36464466094067,9.76464466094067,8.43535533905933,9.83535533905933,P2,4,0,0.9,0,WHITE,1,NaN,REGISTERED_CARTESIAN_PRODUCT
D0462,DESIGN,8.4,9.8,0.707106781186547,0.707106781186547,0.1,8.36464466094067,9.76464466094067,8.43535533905933,9.83535533905933,P2,4,0,0.9,0,STAGE5_TOEPLITZ_CORRELATED,1,NaN,REGISTERED_CARTESIAN_PRODUCT
D0463,DESIGN,8.4,9.8,0.707106781186547,0.707106781186547,0.1,8.36464466094067,9.76464466094067,8.43535533905933,9.83535533905933,P3,4,-6,0.9,1.5707963267949,WHITE,1,NaN,REGISTERED_CARTESIAN_PRODUCT
D0464,DESIGN,8.4,9.8,0.707106781186547,0.707106781186547,0.1,8.36464466094067,9.76464466094067,8.43535533905933,9.83535533905933,P3,4,-6,0.9,1.5707963267949,STAGE5_TOEPLITZ_CORRELATED,1,NaN,REGISTERED_CARTESIAN_PRODUCT
D0465,DESIGN,8.4,9.8,0.707106781186547,0.707106781186547,0.2,8.32928932188135,9.72928932188135,8.47071067811865,9.87071067811866,P0,4,0,0,0,WHITE,1,NaN,REGISTERED_CARTESIAN_PRODUCT
D0466,DESIGN,8.4,9.8,0.707106781186547,0.707106781186547,0.2,8.32928932188135,9.72928932188135,8.47071067811865,9.87071067811866,P0,4,0,0,0,STAGE5_TOEPLITZ_CORRELATED,1,NaN,REGISTERED_CARTESIAN_PRODUCT
D0467,DESIGN,8.4,9.8,0.707106781186547,0.707106781186547,0.2,8.32928932188135,9.72928932188135,8.47071067811865,9.87071067811866,P1,4,-6,0,0,WHITE,1,NaN,REGISTERED_CARTESIAN_PRODUCT
D0468,DESIGN,8.4,9.8,0.707106781186547,0.707106781186547,0.2,8.32928932188135,9.72928932188135,8.47071067811865,9.87071067811866,P1,4,-6,0,0,STAGE5_TOEPLITZ_CORRELATED,1,NaN,REGISTERED_CARTESIAN_PRODUCT
D0469,DESIGN,8.4,9.8,0.707106781186547,0.707106781186547,0.2,8.32928932188135,9.72928932188135,8.47071067811865,9.87071067811866,P2,4,0,0.9,0,WHITE,1,NaN,REGISTERED_CARTESIAN_PRODUCT
D0470,DESIGN,8.4,9.8,0.707106781186547,0.707106781186547,0.2,8.32928932188135,9.72928932188135,8.47071067811865,9.87071067811866,P2,4,0,0.9,0,STAGE5_TOEPLITZ_CORRELATED,1,NaN,REGISTERED_CARTESIAN_PRODUCT
D0471,DESIGN,8.4,9.8,0.707106781186547,0.707106781186547,0.2,8.32928932188135,9.72928932188135,8.47071067811865,9.87071067811866,P3,4,-6,0.9,1.5707963267949,WHITE,1,NaN,REGISTERED_CARTESIAN_PRODUCT
D0472,DESIGN,8.4,9.8,0.707106781186547,0.707106781186547,0.2,8.32928932188135,9.72928932188135,8.47071067811865,9.87071067811866,P3,4,-6,0.9,1.5707963267949,STAGE5_TOEPLITZ_CORRELATED,1,NaN,REGISTERED_CARTESIAN_PRODUCT
D0473,DESIGN,8.4,9.8,0.707106781186547,0.707106781186547,0.4,8.25857864376269,9.65857864376269,8.54142135623731,9.94142135623731,P0,4,0,0,0,WHITE,1,NaN,REGISTERED_CARTESIAN_PRODUCT
D0474,DESIGN,8.4,9.8,0.707106781186547,0.707106781186547,0.4,8.25857864376269,9.65857864376269,8.54142135623731,9.94142135623731,P0,4,0,0,0,STAGE5_TOEPLITZ_CORRELATED,1,NaN,REGISTERED_CARTESIAN_PRODUCT
D0475,DESIGN,8.4,9.8,0.707106781186547,0.707106781186547,0.4,8.25857864376269,9.65857864376269,8.54142135623731,9.94142135623731,P1,4,-6,0,0,WHITE,1,NaN,REGISTERED_CARTESIAN_PRODUCT
D0476,DESIGN,8.4,9.8,0.707106781186547,0.707106781186547,0.4,8.25857864376269,9.65857864376269,8.54142135623731,9.94142135623731,P1,4,-6,0,0,STAGE5_TOEPLITZ_CORRELATED,1,NaN,REGISTERED_CARTESIAN_PRODUCT
D0477,DESIGN,8.4,9.8,0.707106781186547,0.707106781186547,0.4,8.25857864376269,9.65857864376269,8.54142135623731,9.94142135623731,P2,4,0,0.9,0,WHITE,1,NaN,REGISTERED_CARTESIAN_PRODUCT
D0478,DESIGN,8.4,9.8,0.707106781186547,0.707106781186547,0.4,8.25857864376269,9.65857864376269,8.54142135623731,9.94142135623731,P2,4,0,0.9,0,STAGE5_TOEPLITZ_CORRELATED,1,NaN,REGISTERED_CARTESIAN_PRODUCT
D0479,DESIGN,8.4,9.8,0.707106781186547,0.707106781186547,0.4,8.25857864376269,9.65857864376269,8.54142135623731,9.94142135623731,P3,4,-6,0.9,1.5707963267949,WHITE,1,NaN,REGISTERED_CARTESIAN_PRODUCT
D0480,DESIGN,8.4,9.8,0.707106781186547,0.707106781186547,0.4,8.25857864376269,9.65857864376269,8.54142135623731,9.94142135623731,P3,4,-6,0.9,1.5707963267949,STAGE5_TOEPLITZ_CORRELATED,1,NaN,REGISTERED_CARTESIAN_PRODUCT
D0481,DESIGN,8.4,9.8,0.707106781186547,-0.707106781186547,0.05,8.38232233047034,9.81767766952967,8.41767766952966,9.78232233047034,P0,4,0,0,0,WHITE,1,NaN,REGISTERED_CARTESIAN_PRODUCT
D0482,DESIGN,8.4,9.8,0.707106781186547,-0.707106781186547,0.05,8.38232233047034,9.81767766952967,8.41767766952966,9.78232233047034,P0,4,0,0,0,STAGE5_TOEPLITZ_CORRELATED,1,NaN,REGISTERED_CARTESIAN_PRODUCT
D0483,DESIGN,8.4,9.8,0.707106781186547,-0.707106781186547,0.05,8.38232233047034,9.81767766952967,8.41767766952966,9.78232233047034,P1,4,-6,0,0,WHITE,1,NaN,REGISTERED_CARTESIAN_PRODUCT
D0484,DESIGN,8.4,9.8,0.707106781186547,-0.707106781186547,0.05,8.38232233047034,9.81767766952967,8.41767766952966,9.78232233047034,P1,4,-6,0,0,STAGE5_TOEPLITZ_CORRELATED,1,NaN,REGISTERED_CARTESIAN_PRODUCT
D0485,DESIGN,8.4,9.8,0.707106781186547,-0.707106781186547,0.05,8.38232233047034,9.81767766952967,8.41767766952966,9.78232233047034,P2,4,0,0.9,0,WHITE,1,NaN,REGISTERED_CARTESIAN_PRODUCT
D0486,DESIGN,8.4,9.8,0.707106781186547,-0.707106781186547,0.05,8.38232233047034,9.81767766952967,8.41767766952966,9.78232233047034,P2,4,0,0.9,0,STAGE5_TOEPLITZ_CORRELATED,1,NaN,REGISTERED_CARTESIAN_PRODUCT
D0487,DESIGN,8.4,9.8,0.707106781186547,-0.707106781186547,0.05,8.38232233047034,9.81767766952967,8.41767766952966,9.78232233047034,P3,4,-6,0.9,1.5707963267949,WHITE,1,NaN,REGISTERED_CARTESIAN_PRODUCT
D0488,DESIGN,8.4,9.8,0.707106781186547,-0.707106781186547,0.05,8.38232233047034,9.81767766952967,8.41767766952966,9.78232233047034,P3,4,-6,0.9,1.5707963267949,STAGE5_TOEPLITZ_CORRELATED,1,NaN,REGISTERED_CARTESIAN_PRODUCT
D0489,DESIGN,8.4,9.8,0.707106781186547,-0.707106781186547,0.1,8.36464466094067,9.83535533905933,8.43535533905933,9.76464466094067,P0,4,0,0,0,WHITE,1,NaN,REGISTERED_CARTESIAN_PRODUCT
D0490,DESIGN,8.4,9.8,0.707106781186547,-0.707106781186547,0.1,8.36464466094067,9.83535533905933,8.43535533905933,9.76464466094067,P0,4,0,0,0,STAGE5_TOEPLITZ_CORRELATED,1,NaN,REGISTERED_CARTESIAN_PRODUCT
D0491,DESIGN,8.4,9.8,0.707106781186547,-0.707106781186547,0.1,8.36464466094067,9.83535533905933,8.43535533905933,9.76464466094067,P1,4,-6,0,0,WHITE,1,NaN,REGISTERED_CARTESIAN_PRODUCT
D0492,DESIGN,8.4,9.8,0.707106781186547,-0.707106781186547,0.1,8.36464466094067,9.83535533905933,8.43535533905933,9.76464466094067,P1,4,-6,0,0,STAGE5_TOEPLITZ_CORRELATED,1,NaN,REGISTERED_CARTESIAN_PRODUCT
D0493,DESIGN,8.4,9.8,0.707106781186547,-0.707106781186547,0.1,8.36464466094067,9.83535533905933,8.43535533905933,9.76464466094067,P2,4,0,0.9,0,WHITE,1,NaN,REGISTERED_CARTESIAN_PRODUCT
D0494,DESIGN,8.4,9.8,0.707106781186547,-0.707106781186547,0.1,8.36464466094067,9.83535533905933,8.43535533905933,9.76464466094067,P2,4,0,0.9,0,STAGE5_TOEPLITZ_CORRELATED,1,NaN,REGISTERED_CARTESIAN_PRODUCT
D0495,DESIGN,8.4,9.8,0.707106781186547,-0.707106781186547,0.1,8.36464466094067,9.83535533905933,8.43535533905933,9.76464466094067,P3,4,-6,0.9,1.5707963267949,WHITE,1,NaN,REGISTERED_CARTESIAN_PRODUCT
D0496,DESIGN,8.4,9.8,0.707106781186547,-0.707106781186547,0.1,8.36464466094067,9.83535533905933,8.43535533905933,9.76464466094067,P3,4,-6,0.9,1.5707963267949,STAGE5_TOEPLITZ_CORRELATED,1,NaN,REGISTERED_CARTESIAN_PRODUCT
D0497,DESIGN,8.4,9.8,0.707106781186547,-0.707106781186547,0.2,8.32928932188135,9.87071067811866,8.47071067811865,9.72928932188135,P0,4,0,0,0,WHITE,1,NaN,REGISTERED_CARTESIAN_PRODUCT
D0498,DESIGN,8.4,9.8,0.707106781186547,-0.707106781186547,0.2,8.32928932188135,9.87071067811866,8.47071067811865,9.72928932188135,P0,4,0,0,0,STAGE5_TOEPLITZ_CORRELATED,1,NaN,REGISTERED_CARTESIAN_PRODUCT
D0499,DESIGN,8.4,9.8,0.707106781186547,-0.707106781186547,0.2,8.32928932188135,9.87071067811866,8.47071067811865,9.72928932188135,P1,4,-6,0,0,WHITE,1,NaN,REGISTERED_CARTESIAN_PRODUCT
D0500,DESIGN,8.4,9.8,0.707106781186547,-0.707106781186547,0.2,8.32928932188135,9.87071067811866,8.47071067811865,9.72928932188135,P1,4,-6,0,0,STAGE5_TOEPLITZ_CORRELATED,1,NaN,REGISTERED_CARTESIAN_PRODUCT
D0501,DESIGN,8.4,9.8,0.707106781186547,-0.707106781186547,0.2,8.32928932188135,9.87071067811866,8.47071067811865,9.72928932188135,P2,4,0,0.9,0,WHITE,1,NaN,REGISTERED_CARTESIAN_PRODUCT
D0502,DESIGN,8.4,9.8,0.707106781186547,-0.707106781186547,0.2,8.32928932188135,9.87071067811866,8.47071067811865,9.72928932188135,P2,4,0,0.9,0,STAGE5_TOEPLITZ_CORRELATED,1,NaN,REGISTERED_CARTESIAN_PRODUCT
D0503,DESIGN,8.4,9.8,0.707106781186547,-0.707106781186547,0.2,8.32928932188135,9.87071067811866,8.47071067811865,9.72928932188135,P3,4,-6,0.9,1.5707963267949,WHITE,1,NaN,REGISTERED_CARTESIAN_PRODUCT
D0504,DESIGN,8.4,9.8,0.707106781186547,-0.707106781186547,0.2,8.32928932188135,9.87071067811866,8.47071067811865,9.72928932188135,P3,4,-6,0.9,1.5707963267949,STAGE5_TOEPLITZ_CORRELATED,1,NaN,REGISTERED_CARTESIAN_PRODUCT
D0505,DESIGN,8.4,9.8,0.707106781186547,-0.707106781186547,0.4,8.25857864376269,9.94142135623731,8.54142135623731,9.65857864376269,P0,4,0,0,0,WHITE,1,NaN,REGISTERED_CARTESIAN_PRODUCT
D0506,DESIGN,8.4,9.8,0.707106781186547,-0.707106781186547,0.4,8.25857864376269,9.94142135623731,8.54142135623731,9.65857864376269,P0,4,0,0,0,STAGE5_TOEPLITZ_CORRELATED,1,NaN,REGISTERED_CARTESIAN_PRODUCT
D0507,DESIGN,8.4,9.8,0.707106781186547,-0.707106781186547,0.4,8.25857864376269,9.94142135623731,8.54142135623731,9.65857864376269,P1,4,-6,0,0,WHITE,1,NaN,REGISTERED_CARTESIAN_PRODUCT
D0508,DESIGN,8.4,9.8,0.707106781186547,-0.707106781186547,0.4,8.25857864376269,9.94142135623731,8.54142135623731,9.65857864376269,P1,4,-6,0,0,STAGE5_TOEPLITZ_CORRELATED,1,NaN,REGISTERED_CARTESIAN_PRODUCT
D0509,DESIGN,8.4,9.8,0.707106781186547,-0.707106781186547,0.4,8.25857864376269,9.94142135623731,8.54142135623731,9.65857864376269,P2,4,0,0.9,0,WHITE,1,NaN,REGISTERED_CARTESIAN_PRODUCT
D0510,DESIGN,8.4,9.8,0.707106781186547,-0.707106781186547,0.4,8.25857864376269,9.94142135623731,8.54142135623731,9.65857864376269,P2,4,0,0.9,0,STAGE5_TOEPLITZ_CORRELATED,1,NaN,REGISTERED_CARTESIAN_PRODUCT
D0511,DESIGN,8.4,9.8,0.707106781186547,-0.707106781186547,0.4,8.25857864376269,9.94142135623731,8.54142135623731,9.65857864376269,P3,4,-6,0.9,1.5707963267949,WHITE,1,NaN,REGISTERED_CARTESIAN_PRODUCT
D0512,DESIGN,8.4,9.8,0.707106781186547,-0.707106781186547,0.4,8.25857864376269,9.94142135623731,8.54142135623731,9.65857864376269,P3,4,-6,0.9,1.5707963267949,STAGE5_TOEPLITZ_CORRELATED,1,NaN,REGISTERED_CARTESIAN_PRODUCT
D0513,DESIGN,8.4,10.2,1,0,0.05,8.375,10.2,8.425,10.2,P0,4,0,0,0,WHITE,1,NaN,REGISTERED_CARTESIAN_PRODUCT
D0514,DESIGN,8.4,10.2,1,0,0.05,8.375,10.2,8.425,10.2,P0,4,0,0,0,STAGE5_TOEPLITZ_CORRELATED,1,NaN,REGISTERED_CARTESIAN_PRODUCT
D0515,DESIGN,8.4,10.2,1,0,0.05,8.375,10.2,8.425,10.2,P1,4,-6,0,0,WHITE,1,NaN,REGISTERED_CARTESIAN_PRODUCT
D0516,DESIGN,8.4,10.2,1,0,0.05,8.375,10.2,8.425,10.2,P1,4,-6,0,0,STAGE5_TOEPLITZ_CORRELATED,1,NaN,REGISTERED_CARTESIAN_PRODUCT
D0517,DESIGN,8.4,10.2,1,0,0.05,8.375,10.2,8.425,10.2,P2,4,0,0.9,0,WHITE,1,NaN,REGISTERED_CARTESIAN_PRODUCT
D0518,DESIGN,8.4,10.2,1,0,0.05,8.375,10.2,8.425,10.2,P2,4,0,0.9,0,STAGE5_TOEPLITZ_CORRELATED,1,NaN,REGISTERED_CARTESIAN_PRODUCT
D0519,DESIGN,8.4,10.2,1,0,0.05,8.375,10.2,8.425,10.2,P3,4,-6,0.9,1.5707963267949,WHITE,1,NaN,REGISTERED_CARTESIAN_PRODUCT
D0520,DESIGN,8.4,10.2,1,0,0.05,8.375,10.2,8.425,10.2,P3,4,-6,0.9,1.5707963267949,STAGE5_TOEPLITZ_CORRELATED,1,NaN,REGISTERED_CARTESIAN_PRODUCT
D0521,DESIGN,8.4,10.2,1,0,0.1,8.35,10.2,8.45,10.2,P0,4,0,0,0,WHITE,1,NaN,REGISTERED_CARTESIAN_PRODUCT
D0522,DESIGN,8.4,10.2,1,0,0.1,8.35,10.2,8.45,10.2,P0,4,0,0,0,STAGE5_TOEPLITZ_CORRELATED,1,NaN,REGISTERED_CARTESIAN_PRODUCT
D0523,DESIGN,8.4,10.2,1,0,0.1,8.35,10.2,8.45,10.2,P1,4,-6,0,0,WHITE,1,NaN,REGISTERED_CARTESIAN_PRODUCT
D0524,DESIGN,8.4,10.2,1,0,0.1,8.35,10.2,8.45,10.2,P1,4,-6,0,0,STAGE5_TOEPLITZ_CORRELATED,1,NaN,REGISTERED_CARTESIAN_PRODUCT
D0525,DESIGN,8.4,10.2,1,0,0.1,8.35,10.2,8.45,10.2,P2,4,0,0.9,0,WHITE,1,NaN,REGISTERED_CARTESIAN_PRODUCT
D0526,DESIGN,8.4,10.2,1,0,0.1,8.35,10.2,8.45,10.2,P2,4,0,0.9,0,STAGE5_TOEPLITZ_CORRELATED,1,NaN,REGISTERED_CARTESIAN_PRODUCT
D0527,DESIGN,8.4,10.2,1,0,0.1,8.35,10.2,8.45,10.2,P3,4,-6,0.9,1.5707963267949,WHITE,1,NaN,REGISTERED_CARTESIAN_PRODUCT
D0528,DESIGN,8.4,10.2,1,0,0.1,8.35,10.2,8.45,10.2,P3,4,-6,0.9,1.5707963267949,STAGE5_TOEPLITZ_CORRELATED,1,NaN,REGISTERED_CARTESIAN_PRODUCT
D0529,DESIGN,8.4,10.2,1,0,0.2,8.3,10.2,8.5,10.2,P0,4,0,0,0,WHITE,1,NaN,REGISTERED_CARTESIAN_PRODUCT
D0530,DESIGN,8.4,10.2,1,0,0.2,8.3,10.2,8.5,10.2,P0,4,0,0,0,STAGE5_TOEPLITZ_CORRELATED,1,NaN,REGISTERED_CARTESIAN_PRODUCT
D0531,DESIGN,8.4,10.2,1,0,0.2,8.3,10.2,8.5,10.2,P1,4,-6,0,0,WHITE,1,NaN,REGISTERED_CARTESIAN_PRODUCT
D0532,DESIGN,8.4,10.2,1,0,0.2,8.3,10.2,8.5,10.2,P1,4,-6,0,0,STAGE5_TOEPLITZ_CORRELATED,1,NaN,REGISTERED_CARTESIAN_PRODUCT
D0533,DESIGN,8.4,10.2,1,0,0.2,8.3,10.2,8.5,10.2,P2,4,0,0.9,0,WHITE,1,NaN,REGISTERED_CARTESIAN_PRODUCT
D0534,DESIGN,8.4,10.2,1,0,0.2,8.3,10.2,8.5,10.2,P2,4,0,0.9,0,STAGE5_TOEPLITZ_CORRELATED,1,NaN,REGISTERED_CARTESIAN_PRODUCT
D0535,DESIGN,8.4,10.2,1,0,0.2,8.3,10.2,8.5,10.2,P3,4,-6,0.9,1.5707963267949,WHITE,1,NaN,REGISTERED_CARTESIAN_PRODUCT
D0536,DESIGN,8.4,10.2,1,0,0.2,8.3,10.2,8.5,10.2,P3,4,-6,0.9,1.5707963267949,STAGE5_TOEPLITZ_CORRELATED,1,NaN,REGISTERED_CARTESIAN_PRODUCT
D0537,DESIGN,8.4,10.2,1,0,0.4,8.2,10.2,8.6,10.2,P0,4,0,0,0,WHITE,1,NaN,REGISTERED_CARTESIAN_PRODUCT
D0538,DESIGN,8.4,10.2,1,0,0.4,8.2,10.2,8.6,10.2,P0,4,0,0,0,STAGE5_TOEPLITZ_CORRELATED,1,NaN,REGISTERED_CARTESIAN_PRODUCT
D0539,DESIGN,8.4,10.2,1,0,0.4,8.2,10.2,8.6,10.2,P1,4,-6,0,0,WHITE,1,NaN,REGISTERED_CARTESIAN_PRODUCT
D0540,DESIGN,8.4,10.2,1,0,0.4,8.2,10.2,8.6,10.2,P1,4,-6,0,0,STAGE5_TOEPLITZ_CORRELATED,1,NaN,REGISTERED_CARTESIAN_PRODUCT
D0541,DESIGN,8.4,10.2,1,0,0.4,8.2,10.2,8.6,10.2,P2,4,0,0.9,0,WHITE,1,NaN,REGISTERED_CARTESIAN_PRODUCT
D0542,DESIGN,8.4,10.2,1,0,0.4,8.2,10.2,8.6,10.2,P2,4,0,0.9,0,STAGE5_TOEPLITZ_CORRELATED,1,NaN,REGISTERED_CARTESIAN_PRODUCT
D0543,DESIGN,8.4,10.2,1,0,0.4,8.2,10.2,8.6,10.2,P3,4,-6,0.9,1.5707963267949,WHITE,1,NaN,REGISTERED_CARTESIAN_PRODUCT
D0544,DESIGN,8.4,10.2,1,0,0.4,8.2,10.2,8.6,10.2,P3,4,-6,0.9,1.5707963267949,STAGE5_TOEPLITZ_CORRELATED,1,NaN,REGISTERED_CARTESIAN_PRODUCT
D0545,DESIGN,8.4,10.2,0,1,0.05,8.4,10.175,8.4,10.225,P0,4,0,0,0,WHITE,1,NaN,REGISTERED_CARTESIAN_PRODUCT
D0546,DESIGN,8.4,10.2,0,1,0.05,8.4,10.175,8.4,10.225,P0,4,0,0,0,STAGE5_TOEPLITZ_CORRELATED,1,NaN,REGISTERED_CARTESIAN_PRODUCT
D0547,DESIGN,8.4,10.2,0,1,0.05,8.4,10.175,8.4,10.225,P1,4,-6,0,0,WHITE,1,NaN,REGISTERED_CARTESIAN_PRODUCT
D0548,DESIGN,8.4,10.2,0,1,0.05,8.4,10.175,8.4,10.225,P1,4,-6,0,0,STAGE5_TOEPLITZ_CORRELATED,1,NaN,REGISTERED_CARTESIAN_PRODUCT
D0549,DESIGN,8.4,10.2,0,1,0.05,8.4,10.175,8.4,10.225,P2,4,0,0.9,0,WHITE,1,NaN,REGISTERED_CARTESIAN_PRODUCT
D0550,DESIGN,8.4,10.2,0,1,0.05,8.4,10.175,8.4,10.225,P2,4,0,0.9,0,STAGE5_TOEPLITZ_CORRELATED,1,NaN,REGISTERED_CARTESIAN_PRODUCT
D0551,DESIGN,8.4,10.2,0,1,0.05,8.4,10.175,8.4,10.225,P3,4,-6,0.9,1.5707963267949,WHITE,1,NaN,REGISTERED_CARTESIAN_PRODUCT
D0552,DESIGN,8.4,10.2,0,1,0.05,8.4,10.175,8.4,10.225,P3,4,-6,0.9,1.5707963267949,STAGE5_TOEPLITZ_CORRELATED,1,NaN,REGISTERED_CARTESIAN_PRODUCT
D0553,DESIGN,8.4,10.2,0,1,0.1,8.4,10.15,8.4,10.25,P0,4,0,0,0,WHITE,1,NaN,REGISTERED_CARTESIAN_PRODUCT
D0554,DESIGN,8.4,10.2,0,1,0.1,8.4,10.15,8.4,10.25,P0,4,0,0,0,STAGE5_TOEPLITZ_CORRELATED,1,NaN,REGISTERED_CARTESIAN_PRODUCT
D0555,DESIGN,8.4,10.2,0,1,0.1,8.4,10.15,8.4,10.25,P1,4,-6,0,0,WHITE,1,NaN,REGISTERED_CARTESIAN_PRODUCT
D0556,DESIGN,8.4,10.2,0,1,0.1,8.4,10.15,8.4,10.25,P1,4,-6,0,0,STAGE5_TOEPLITZ_CORRELATED,1,NaN,REGISTERED_CARTESIAN_PRODUCT
D0557,DESIGN,8.4,10.2,0,1,0.1,8.4,10.15,8.4,10.25,P2,4,0,0.9,0,WHITE,1,NaN,REGISTERED_CARTESIAN_PRODUCT
D0558,DESIGN,8.4,10.2,0,1,0.1,8.4,10.15,8.4,10.25,P2,4,0,0.9,0,STAGE5_TOEPLITZ_CORRELATED,1,NaN,REGISTERED_CARTESIAN_PRODUCT
D0559,DESIGN,8.4,10.2,0,1,0.1,8.4,10.15,8.4,10.25,P3,4,-6,0.9,1.5707963267949,WHITE,1,NaN,REGISTERED_CARTESIAN_PRODUCT
D0560,DESIGN,8.4,10.2,0,1,0.1,8.4,10.15,8.4,10.25,P3,4,-6,0.9,1.5707963267949,STAGE5_TOEPLITZ_CORRELATED,1,NaN,REGISTERED_CARTESIAN_PRODUCT
D0561,DESIGN,8.4,10.2,0,1,0.2,8.4,10.1,8.4,10.3,P0,4,0,0,0,WHITE,1,NaN,REGISTERED_CARTESIAN_PRODUCT
D0562,DESIGN,8.4,10.2,0,1,0.2,8.4,10.1,8.4,10.3,P0,4,0,0,0,STAGE5_TOEPLITZ_CORRELATED,1,NaN,REGISTERED_CARTESIAN_PRODUCT
D0563,DESIGN,8.4,10.2,0,1,0.2,8.4,10.1,8.4,10.3,P1,4,-6,0,0,WHITE,1,NaN,REGISTERED_CARTESIAN_PRODUCT
D0564,DESIGN,8.4,10.2,0,1,0.2,8.4,10.1,8.4,10.3,P1,4,-6,0,0,STAGE5_TOEPLITZ_CORRELATED,1,NaN,REGISTERED_CARTESIAN_PRODUCT
D0565,DESIGN,8.4,10.2,0,1,0.2,8.4,10.1,8.4,10.3,P2,4,0,0.9,0,WHITE,1,NaN,REGISTERED_CARTESIAN_PRODUCT
D0566,DESIGN,8.4,10.2,0,1,0.2,8.4,10.1,8.4,10.3,P2,4,0,0.9,0,STAGE5_TOEPLITZ_CORRELATED,1,NaN,REGISTERED_CARTESIAN_PRODUCT
D0567,DESIGN,8.4,10.2,0,1,0.2,8.4,10.1,8.4,10.3,P3,4,-6,0.9,1.5707963267949,WHITE,1,NaN,REGISTERED_CARTESIAN_PRODUCT
D0568,DESIGN,8.4,10.2,0,1,0.2,8.4,10.1,8.4,10.3,P3,4,-6,0.9,1.5707963267949,STAGE5_TOEPLITZ_CORRELATED,1,NaN,REGISTERED_CARTESIAN_PRODUCT
D0569,DESIGN,8.4,10.2,0,1,0.4,8.4,10,8.4,10.4,P0,4,0,0,0,WHITE,1,NaN,REGISTERED_CARTESIAN_PRODUCT
D0570,DESIGN,8.4,10.2,0,1,0.4,8.4,10,8.4,10.4,P0,4,0,0,0,STAGE5_TOEPLITZ_CORRELATED,1,NaN,REGISTERED_CARTESIAN_PRODUCT
D0571,DESIGN,8.4,10.2,0,1,0.4,8.4,10,8.4,10.4,P1,4,-6,0,0,WHITE,1,NaN,REGISTERED_CARTESIAN_PRODUCT
D0572,DESIGN,8.4,10.2,0,1,0.4,8.4,10,8.4,10.4,P1,4,-6,0,0,STAGE5_TOEPLITZ_CORRELATED,1,NaN,REGISTERED_CARTESIAN_PRODUCT
D0573,DESIGN,8.4,10.2,0,1,0.4,8.4,10,8.4,10.4,P2,4,0,0.9,0,WHITE,1,NaN,REGISTERED_CARTESIAN_PRODUCT
D0574,DESIGN,8.4,10.2,0,1,0.4,8.4,10,8.4,10.4,P2,4,0,0.9,0,STAGE5_TOEPLITZ_CORRELATED,1,NaN,REGISTERED_CARTESIAN_PRODUCT
D0575,DESIGN,8.4,10.2,0,1,0.4,8.4,10,8.4,10.4,P3,4,-6,0.9,1.5707963267949,WHITE,1,NaN,REGISTERED_CARTESIAN_PRODUCT
D0576,DESIGN,8.4,10.2,0,1,0.4,8.4,10,8.4,10.4,P3,4,-6,0.9,1.5707963267949,STAGE5_TOEPLITZ_CORRELATED,1,NaN,REGISTERED_CARTESIAN_PRODUCT
D0577,DESIGN,8.4,10.2,0.707106781186547,0.707106781186547,0.05,8.38232233047034,10.1823223304703,8.41767766952966,10.2176776695297,P0,4,0,0,0,WHITE,1,NaN,REGISTERED_CARTESIAN_PRODUCT
D0578,DESIGN,8.4,10.2,0.707106781186547,0.707106781186547,0.05,8.38232233047034,10.1823223304703,8.41767766952966,10.2176776695297,P0,4,0,0,0,STAGE5_TOEPLITZ_CORRELATED,1,NaN,REGISTERED_CARTESIAN_PRODUCT
D0579,DESIGN,8.4,10.2,0.707106781186547,0.707106781186547,0.05,8.38232233047034,10.1823223304703,8.41767766952966,10.2176776695297,P1,4,-6,0,0,WHITE,1,NaN,REGISTERED_CARTESIAN_PRODUCT
D0580,DESIGN,8.4,10.2,0.707106781186547,0.707106781186547,0.05,8.38232233047034,10.1823223304703,8.41767766952966,10.2176776695297,P1,4,-6,0,0,STAGE5_TOEPLITZ_CORRELATED,1,NaN,REGISTERED_CARTESIAN_PRODUCT
D0581,DESIGN,8.4,10.2,0.707106781186547,0.707106781186547,0.05,8.38232233047034,10.1823223304703,8.41767766952966,10.2176776695297,P2,4,0,0.9,0,WHITE,1,NaN,REGISTERED_CARTESIAN_PRODUCT
D0582,DESIGN,8.4,10.2,0.707106781186547,0.707106781186547,0.05,8.38232233047034,10.1823223304703,8.41767766952966,10.2176776695297,P2,4,0,0.9,0,STAGE5_TOEPLITZ_CORRELATED,1,NaN,REGISTERED_CARTESIAN_PRODUCT
D0583,DESIGN,8.4,10.2,0.707106781186547,0.707106781186547,0.05,8.38232233047034,10.1823223304703,8.41767766952966,10.2176776695297,P3,4,-6,0.9,1.5707963267949,WHITE,1,NaN,REGISTERED_CARTESIAN_PRODUCT
D0584,DESIGN,8.4,10.2,0.707106781186547,0.707106781186547,0.05,8.38232233047034,10.1823223304703,8.41767766952966,10.2176776695297,P3,4,-6,0.9,1.5707963267949,STAGE5_TOEPLITZ_CORRELATED,1,NaN,REGISTERED_CARTESIAN_PRODUCT
D0585,DESIGN,8.4,10.2,0.707106781186547,0.707106781186547,0.1,8.36464466094067,10.1646446609407,8.43535533905933,10.2353553390593,P0,4,0,0,0,WHITE,1,NaN,REGISTERED_CARTESIAN_PRODUCT
D0586,DESIGN,8.4,10.2,0.707106781186547,0.707106781186547,0.1,8.36464466094067,10.1646446609407,8.43535533905933,10.2353553390593,P0,4,0,0,0,STAGE5_TOEPLITZ_CORRELATED,1,NaN,REGISTERED_CARTESIAN_PRODUCT
D0587,DESIGN,8.4,10.2,0.707106781186547,0.707106781186547,0.1,8.36464466094067,10.1646446609407,8.43535533905933,10.2353553390593,P1,4,-6,0,0,WHITE,1,NaN,REGISTERED_CARTESIAN_PRODUCT
D0588,DESIGN,8.4,10.2,0.707106781186547,0.707106781186547,0.1,8.36464466094067,10.1646446609407,8.43535533905933,10.2353553390593,P1,4,-6,0,0,STAGE5_TOEPLITZ_CORRELATED,1,NaN,REGISTERED_CARTESIAN_PRODUCT
D0589,DESIGN,8.4,10.2,0.707106781186547,0.707106781186547,0.1,8.36464466094067,10.1646446609407,8.43535533905933,10.2353553390593,P2,4,0,0.9,0,WHITE,1,NaN,REGISTERED_CARTESIAN_PRODUCT
D0590,DESIGN,8.4,10.2,0.707106781186547,0.707106781186547,0.1,8.36464466094067,10.1646446609407,8.43535533905933,10.2353553390593,P2,4,0,0.9,0,STAGE5_TOEPLITZ_CORRELATED,1,NaN,REGISTERED_CARTESIAN_PRODUCT
D0591,DESIGN,8.4,10.2,0.707106781186547,0.707106781186547,0.1,8.36464466094067,10.1646446609407,8.43535533905933,10.2353553390593,P3,4,-6,0.9,1.5707963267949,WHITE,1,NaN,REGISTERED_CARTESIAN_PRODUCT
D0592,DESIGN,8.4,10.2,0.707106781186547,0.707106781186547,0.1,8.36464466094067,10.1646446609407,8.43535533905933,10.2353553390593,P3,4,-6,0.9,1.5707963267949,STAGE5_TOEPLITZ_CORRELATED,1,NaN,REGISTERED_CARTESIAN_PRODUCT
D0593,DESIGN,8.4,10.2,0.707106781186547,0.707106781186547,0.2,8.32928932188135,10.1292893218813,8.47071067811865,10.2707106781187,P0,4,0,0,0,WHITE,1,NaN,REGISTERED_CARTESIAN_PRODUCT
D0594,DESIGN,8.4,10.2,0.707106781186547,0.707106781186547,0.2,8.32928932188135,10.1292893218813,8.47071067811865,10.2707106781187,P0,4,0,0,0,STAGE5_TOEPLITZ_CORRELATED,1,NaN,REGISTERED_CARTESIAN_PRODUCT
D0595,DESIGN,8.4,10.2,0.707106781186547,0.707106781186547,0.2,8.32928932188135,10.1292893218813,8.47071067811865,10.2707106781187,P1,4,-6,0,0,WHITE,1,NaN,REGISTERED_CARTESIAN_PRODUCT
D0596,DESIGN,8.4,10.2,0.707106781186547,0.707106781186547,0.2,8.32928932188135,10.1292893218813,8.47071067811865,10.2707106781187,P1,4,-6,0,0,STAGE5_TOEPLITZ_CORRELATED,1,NaN,REGISTERED_CARTESIAN_PRODUCT
D0597,DESIGN,8.4,10.2,0.707106781186547,0.707106781186547,0.2,8.32928932188135,10.1292893218813,8.47071067811865,10.2707106781187,P2,4,0,0.9,0,WHITE,1,NaN,REGISTERED_CARTESIAN_PRODUCT
D0598,DESIGN,8.4,10.2,0.707106781186547,0.707106781186547,0.2,8.32928932188135,10.1292893218813,8.47071067811865,10.2707106781187,P2,4,0,0.9,0,STAGE5_TOEPLITZ_CORRELATED,1,NaN,REGISTERED_CARTESIAN_PRODUCT
D0599,DESIGN,8.4,10.2,0.707106781186547,0.707106781186547,0.2,8.32928932188135,10.1292893218813,8.47071067811865,10.2707106781187,P3,4,-6,0.9,1.5707963267949,WHITE,1,NaN,REGISTERED_CARTESIAN_PRODUCT
D0600,DESIGN,8.4,10.2,0.707106781186547,0.707106781186547,0.2,8.32928932188135,10.1292893218813,8.47071067811865,10.2707106781187,P3,4,-6,0.9,1.5707963267949,STAGE5_TOEPLITZ_CORRELATED,1,NaN,REGISTERED_CARTESIAN_PRODUCT
D0601,DESIGN,8.4,10.2,0.707106781186547,0.707106781186547,0.4,8.25857864376269,10.0585786437627,8.54142135623731,10.3414213562373,P0,4,0,0,0,WHITE,1,NaN,REGISTERED_CARTESIAN_PRODUCT
D0602,DESIGN,8.4,10.2,0.707106781186547,0.707106781186547,0.4,8.25857864376269,10.0585786437627,8.54142135623731,10.3414213562373,P0,4,0,0,0,STAGE5_TOEPLITZ_CORRELATED,1,NaN,REGISTERED_CARTESIAN_PRODUCT
D0603,DESIGN,8.4,10.2,0.707106781186547,0.707106781186547,0.4,8.25857864376269,10.0585786437627,8.54142135623731,10.3414213562373,P1,4,-6,0,0,WHITE,1,NaN,REGISTERED_CARTESIAN_PRODUCT
D0604,DESIGN,8.4,10.2,0.707106781186547,0.707106781186547,0.4,8.25857864376269,10.0585786437627,8.54142135623731,10.3414213562373,P1,4,-6,0,0,STAGE5_TOEPLITZ_CORRELATED,1,NaN,REGISTERED_CARTESIAN_PRODUCT
D0605,DESIGN,8.4,10.2,0.707106781186547,0.707106781186547,0.4,8.25857864376269,10.0585786437627,8.54142135623731,10.3414213562373,P2,4,0,0.9,0,WHITE,1,NaN,REGISTERED_CARTESIAN_PRODUCT
D0606,DESIGN,8.4,10.2,0.707106781186547,0.707106781186547,0.4,8.25857864376269,10.0585786437627,8.54142135623731,10.3414213562373,P2,4,0,0.9,0,STAGE5_TOEPLITZ_CORRELATED,1,NaN,REGISTERED_CARTESIAN_PRODUCT
D0607,DESIGN,8.4,10.2,0.707106781186547,0.707106781186547,0.4,8.25857864376269,10.0585786437627,8.54142135623731,10.3414213562373,P3,4,-6,0.9,1.5707963267949,WHITE,1,NaN,REGISTERED_CARTESIAN_PRODUCT
D0608,DESIGN,8.4,10.2,0.707106781186547,0.707106781186547,0.4,8.25857864376269,10.0585786437627,8.54142135623731,10.3414213562373,P3,4,-6,0.9,1.5707963267949,STAGE5_TOEPLITZ_CORRELATED,1,NaN,REGISTERED_CARTESIAN_PRODUCT
D0609,DESIGN,8.4,10.2,0.707106781186547,-0.707106781186547,0.05,8.38232233047034,10.2176776695297,8.41767766952966,10.1823223304703,P0,4,0,0,0,WHITE,1,NaN,REGISTERED_CARTESIAN_PRODUCT
D0610,DESIGN,8.4,10.2,0.707106781186547,-0.707106781186547,0.05,8.38232233047034,10.2176776695297,8.41767766952966,10.1823223304703,P0,4,0,0,0,STAGE5_TOEPLITZ_CORRELATED,1,NaN,REGISTERED_CARTESIAN_PRODUCT
D0611,DESIGN,8.4,10.2,0.707106781186547,-0.707106781186547,0.05,8.38232233047034,10.2176776695297,8.41767766952966,10.1823223304703,P1,4,-6,0,0,WHITE,1,NaN,REGISTERED_CARTESIAN_PRODUCT
D0612,DESIGN,8.4,10.2,0.707106781186547,-0.707106781186547,0.05,8.38232233047034,10.2176776695297,8.41767766952966,10.1823223304703,P1,4,-6,0,0,STAGE5_TOEPLITZ_CORRELATED,1,NaN,REGISTERED_CARTESIAN_PRODUCT
D0613,DESIGN,8.4,10.2,0.707106781186547,-0.707106781186547,0.05,8.38232233047034,10.2176776695297,8.41767766952966,10.1823223304703,P2,4,0,0.9,0,WHITE,1,NaN,REGISTERED_CARTESIAN_PRODUCT
D0614,DESIGN,8.4,10.2,0.707106781186547,-0.707106781186547,0.05,8.38232233047034,10.2176776695297,8.41767766952966,10.1823223304703,P2,4,0,0.9,0,STAGE5_TOEPLITZ_CORRELATED,1,NaN,REGISTERED_CARTESIAN_PRODUCT
D0615,DESIGN,8.4,10.2,0.707106781186547,-0.707106781186547,0.05,8.38232233047034,10.2176776695297,8.41767766952966,10.1823223304703,P3,4,-6,0.9,1.5707963267949,WHITE,1,NaN,REGISTERED_CARTESIAN_PRODUCT
D0616,DESIGN,8.4,10.2,0.707106781186547,-0.707106781186547,0.05,8.38232233047034,10.2176776695297,8.41767766952966,10.1823223304703,P3,4,-6,0.9,1.5707963267949,STAGE5_TOEPLITZ_CORRELATED,1,NaN,REGISTERED_CARTESIAN_PRODUCT
D0617,DESIGN,8.4,10.2,0.707106781186547,-0.707106781186547,0.1,8.36464466094067,10.2353553390593,8.43535533905933,10.1646446609407,P0,4,0,0,0,WHITE,1,NaN,REGISTERED_CARTESIAN_PRODUCT
D0618,DESIGN,8.4,10.2,0.707106781186547,-0.707106781186547,0.1,8.36464466094067,10.2353553390593,8.43535533905933,10.1646446609407,P0,4,0,0,0,STAGE5_TOEPLITZ_CORRELATED,1,NaN,REGISTERED_CARTESIAN_PRODUCT
D0619,DESIGN,8.4,10.2,0.707106781186547,-0.707106781186547,0.1,8.36464466094067,10.2353553390593,8.43535533905933,10.1646446609407,P1,4,-6,0,0,WHITE,1,NaN,REGISTERED_CARTESIAN_PRODUCT
D0620,DESIGN,8.4,10.2,0.707106781186547,-0.707106781186547,0.1,8.36464466094067,10.2353553390593,8.43535533905933,10.1646446609407,P1,4,-6,0,0,STAGE5_TOEPLITZ_CORRELATED,1,NaN,REGISTERED_CARTESIAN_PRODUCT
D0621,DESIGN,8.4,10.2,0.707106781186547,-0.707106781186547,0.1,8.36464466094067,10.2353553390593,8.43535533905933,10.1646446609407,P2,4,0,0.9,0,WHITE,1,NaN,REGISTERED_CARTESIAN_PRODUCT
D0622,DESIGN,8.4,10.2,0.707106781186547,-0.707106781186547,0.1,8.36464466094067,10.2353553390593,8.43535533905933,10.1646446609407,P2,4,0,0.9,0,STAGE5_TOEPLITZ_CORRELATED,1,NaN,REGISTERED_CARTESIAN_PRODUCT
D0623,DESIGN,8.4,10.2,0.707106781186547,-0.707106781186547,0.1,8.36464466094067,10.2353553390593,8.43535533905933,10.1646446609407,P3,4,-6,0.9,1.5707963267949,WHITE,1,NaN,REGISTERED_CARTESIAN_PRODUCT
D0624,DESIGN,8.4,10.2,0.707106781186547,-0.707106781186547,0.1,8.36464466094067,10.2353553390593,8.43535533905933,10.1646446609407,P3,4,-6,0.9,1.5707963267949,STAGE5_TOEPLITZ_CORRELATED,1,NaN,REGISTERED_CARTESIAN_PRODUCT
D0625,DESIGN,8.4,10.2,0.707106781186547,-0.707106781186547,0.2,8.32928932188135,10.2707106781187,8.47071067811865,10.1292893218813,P0,4,0,0,0,WHITE,1,NaN,REGISTERED_CARTESIAN_PRODUCT
D0626,DESIGN,8.4,10.2,0.707106781186547,-0.707106781186547,0.2,8.32928932188135,10.2707106781187,8.47071067811865,10.1292893218813,P0,4,0,0,0,STAGE5_TOEPLITZ_CORRELATED,1,NaN,REGISTERED_CARTESIAN_PRODUCT
D0627,DESIGN,8.4,10.2,0.707106781186547,-0.707106781186547,0.2,8.32928932188135,10.2707106781187,8.47071067811865,10.1292893218813,P1,4,-6,0,0,WHITE,1,NaN,REGISTERED_CARTESIAN_PRODUCT
D0628,DESIGN,8.4,10.2,0.707106781186547,-0.707106781186547,0.2,8.32928932188135,10.2707106781187,8.47071067811865,10.1292893218813,P1,4,-6,0,0,STAGE5_TOEPLITZ_CORRELATED,1,NaN,REGISTERED_CARTESIAN_PRODUCT
D0629,DESIGN,8.4,10.2,0.707106781186547,-0.707106781186547,0.2,8.32928932188135,10.2707106781187,8.47071067811865,10.1292893218813,P2,4,0,0.9,0,WHITE,1,NaN,REGISTERED_CARTESIAN_PRODUCT
D0630,DESIGN,8.4,10.2,0.707106781186547,-0.707106781186547,0.2,8.32928932188135,10.2707106781187,8.47071067811865,10.1292893218813,P2,4,0,0.9,0,STAGE5_TOEPLITZ_CORRELATED,1,NaN,REGISTERED_CARTESIAN_PRODUCT
D0631,DESIGN,8.4,10.2,0.707106781186547,-0.707106781186547,0.2,8.32928932188135,10.2707106781187,8.47071067811865,10.1292893218813,P3,4,-6,0.9,1.5707963267949,WHITE,1,NaN,REGISTERED_CARTESIAN_PRODUCT
D0632,DESIGN,8.4,10.2,0.707106781186547,-0.707106781186547,0.2,8.32928932188135,10.2707106781187,8.47071067811865,10.1292893218813,P3,4,-6,0.9,1.5707963267949,STAGE5_TOEPLITZ_CORRELATED,1,NaN,REGISTERED_CARTESIAN_PRODUCT
D0633,DESIGN,8.4,10.2,0.707106781186547,-0.707106781186547,0.4,8.25857864376269,10.3414213562373,8.54142135623731,10.0585786437627,P0,4,0,0,0,WHITE,1,NaN,REGISTERED_CARTESIAN_PRODUCT
D0634,DESIGN,8.4,10.2,0.707106781186547,-0.707106781186547,0.4,8.25857864376269,10.3414213562373,8.54142135623731,10.0585786437627,P0,4,0,0,0,STAGE5_TOEPLITZ_CORRELATED,1,NaN,REGISTERED_CARTESIAN_PRODUCT
D0635,DESIGN,8.4,10.2,0.707106781186547,-0.707106781186547,0.4,8.25857864376269,10.3414213562373,8.54142135623731,10.0585786437627,P1,4,-6,0,0,WHITE,1,NaN,REGISTERED_CARTESIAN_PRODUCT
D0636,DESIGN,8.4,10.2,0.707106781186547,-0.707106781186547,0.4,8.25857864376269,10.3414213562373,8.54142135623731,10.0585786437627,P1,4,-6,0,0,STAGE5_TOEPLITZ_CORRELATED,1,NaN,REGISTERED_CARTESIAN_PRODUCT
D0637,DESIGN,8.4,10.2,0.707106781186547,-0.707106781186547,0.4,8.25857864376269,10.3414213562373,8.54142135623731,10.0585786437627,P2,4,0,0.9,0,WHITE,1,NaN,REGISTERED_CARTESIAN_PRODUCT
D0638,DESIGN,8.4,10.2,0.707106781186547,-0.707106781186547,0.4,8.25857864376269,10.3414213562373,8.54142135623731,10.0585786437627,P2,4,0,0.9,0,STAGE5_TOEPLITZ_CORRELATED,1,NaN,REGISTERED_CARTESIAN_PRODUCT
D0639,DESIGN,8.4,10.2,0.707106781186547,-0.707106781186547,0.4,8.25857864376269,10.3414213562373,8.54142135623731,10.0585786437627,P3,4,-6,0.9,1.5707963267949,WHITE,1,NaN,REGISTERED_CARTESIAN_PRODUCT
D0640,DESIGN,8.4,10.2,0.707106781186547,-0.707106781186547,0.4,8.25857864376269,10.3414213562373,8.54142135623731,10.0585786437627,P3,4,-6,0.9,1.5707963267949,STAGE5_TOEPLITZ_CORRELATED,1,NaN,REGISTERED_CARTESIAN_PRODUCT
