scenario_id,element_snr_db,method_id,subset_id,n_trials,oracle_k_success_rate,Wilson_95_low,Wilson_95_high,azimuth_rmse_all_trials,elevation_rmse_all_trials,pair_rmse_all_trials,unconditional_penalized_error,wrong_local_peak_rate,paired_success_difference,paired_success_difference_95_low,paired_success_difference_95_high,paired_error_difference,paired_error_difference_95_low,paired_error_difference_95_high,diagnostic_status,stage7_1_stable_code_identity_hash
D0318,0,FIXED_RECT_3X5,RECT_E14_A31,200,0.53,0.460916829150018,0.597952451267346,0.0304138126514912,0.197989898732234,0.200312256240102,0.345784434653101,0,0,0,0,0,0,0,POST_HOC_EDGE_SENSITIVITY_NOT_USED_FOR_SELECTION,f3e84ecd77e63632d9e2eb0e70c0600fa0f370193ad27d6fa5717f0381700b4c
D0318,0,GREEDY_ETA_080,RECT_E28_A31,200,0.51,0.441185876784587,0.578437216687868,0.0320156211871643,0.203346994076628,0.205851888502389,0.355992745733333,0,-0.02,-0.0638481446775572,0.0238481446775572,0.0102083110802316,-0.0130929452149946,0.0335095673754577,POST_HOC_EDGE_SENSITIVITY_NOT_USED_FOR_SELECTION,f3e84ecd77e63632d9e2eb0e70c0600fa0f370193ad27d6fa5717f0381700b4c
D0318,0,FULL_PARENT_5X5,RECT_E31_A31,200,0.5,0.431360859603892,0.568639140396108,0.0353553390593274,0.202977831301845,0.206033977780365,0.361642369140845,0,-0.03,-0.0779487658701,0.0179487658701,0.015857934487744,-0.00899561637942595,0.0407114853549139,POST_HOC_EDGE_SENSITIVITY_NOT_USED_FOR_SELECTION,f3e84ecd77e63632d9e2eb0e70c0600fa0f370193ad27d6fa5717f0381700b4c
D0318,5,FIXED_RECT_3X5,RECT_E14_A31,200,0.69,0.62282822433742,0.750010551639219,0.0173205080756888,0.176918060129542,0.177763888346312,0.259036407129518,0,0,0,0,0,0,0,POST_HOC_EDGE_SENSITIVITY_NOT_USED_FOR_SELECTION,f3e84ecd77e63632d9e2eb0e70c0600fa0f370193ad27d6fa5717f0381700b4c
D0318,5,GREEDY_ETA_080,RECT_E28_A31,200,0.685,0.617650439142697,0.745376790097715,0.01802775637732,0.175712833908056,0.176635217326557,0.259923946425406,0,-0.005,-0.0375764812246996,0.0275764812246997,0.000887539295887961,-0.0163206148610172,0.0180956934527931,POST_HOC_EDGE_SENSITIVITY_NOT_USED_FOR_SELECTION,f3e84ecd77e63632d9e2eb0e70c0600fa0f370193ad27d6fa5717f0381700b4c
D0318,5,FULL_PARENT_5X5,RECT_E31_A31,200,0.66,0.591884955268363,0.722084540290912,0.01802775637732,0.177763888346312,0.178675683852057,0.272492694039129,0,-0.03,-0.0607866403917912,0.000786640391791219,0.0134562869096106,-0.00341092324731609,0.0303234970665372,POST_HOC_EDGE_SENSITIVITY_NOT_USED_FOR_SELECTION,f3e84ecd77e63632d9e2eb0e70c0600fa0f370193ad27d6fa5717f0381700b4c
D0318,10,FIXED_RECT_3X5,RECT_E14_A31,200,0.865,0.810708616292475,0.905534295452121,8.88178419700125e-16,0.126589889011722,0.126589889011722,0.151620506980981,0,0,0,0,0,0,0,POST_HOC_EDGE_SENSITIVITY_NOT_USED_FOR_SELECTION,f3e84ecd77e63632d9e2eb0e70c0600fa0f370193ad27d6fa5717f0381700b4c
D0318,10,GREEDY_ETA_080,RECT_E28_A31,200,0.86,0.805101191342925,0.901330173665444,8.88178419700125e-16,0.124398553046247,0.124398553046247,0.150559846809201,0,-0.005,-0.0269570656942975,0.0169570656942975,-0.00106066017177981,-0.0133995810883576,0.011278260744798,POST_HOC_EDGE_SENSITIVITY_NOT_USED_FOR_SELECTION,f3e84ecd77e63632d9e2eb0e70c0600fa0f370193ad27d6fa5717f0381700b4c
D0318,10,FULL_PARENT_5X5,RECT_E31_A31,200,0.865,0.810708616292475,0.905534295452121,8.88178419700125e-16,0.123592070943083,0.123592070943083,0.149476384175345,0,0,-0.0240647957622647,0.0240647957622647,-0.00214412280563537,-0.0159594731900983,0.0116712275788275,POST_HOC_EDGE_SENSITIVITY_NOT_USED_FOR_SELECTION,f3e84ecd77e63632d9e2eb0e70c0600fa0f370193ad27d6fa5717f0381700b4c
V0014,0,FIXED_RECT_3X5,RECT_E14_A31,200,0.97,0.936105707545481,0.986179685659889,0.108007154392295,0.052308936995306,0.120007375979562,0.130526984387499,0,0,0,0,0,0,0,POST_HOC_EDGE_SENSITIVITY_NOT_USED_FOR_SELECTION,f3e84ecd77e63632d9e2eb0e70c0600fa0f370193ad27d6fa5717f0381700b4c
V0014,0,GREEDY_ETA_080,RECT_E28_A31,200,0.975,0.942821659593358,0.989275280348239,0.107980722190859,0.0522735461983547,0.119968162430751,0.128422195925534,0,0.005,-0.00479981992270026,0.0147998199227003,-0.00210478846196537,-0.00718680480340589,0.00297722787947515,POST_HOC_EDGE_SENSITIVITY_NOT_USED_FOR_SELECTION,f3e84ecd77e63632d9e2eb0e70c0600fa0f370193ad27d6fa5717f0381700b4c
V0014,0,FULL_PARENT_5X5,RECT_E31_A31,200,0.96,0.923067931799067,0.979594367933848,0.110148411269097,0.0532214583805406,0.122332318449614,0.135072888184816,0,-0.01,-0.0295996398454005,0.00959963984540052,0.00454590379731697,-0.00523574316019958,0.0143275507548335,POST_HOC_EDGE_SENSITIVITY_NOT_USED_FOR_SELECTION,f3e84ecd77e63632d9e2eb0e70c0600fa0f370193ad27d6fa5717f0381700b4c
V0014,5,FIXED_RECT_3X5,RECT_E14_A31,200,1,0.981154673622734,1,0.105566445180613,0.0512720428179365,0.117358837429466,0.116439460001956,0,0,0,0,0,0,0,POST_HOC_EDGE_SENSITIVITY_NOT_USED_FOR_SELECTION,f3e84ecd77e63632d9e2eb0e70c0600fa0f370193ad27d6fa5717f0381700b4c
V0014,5,GREEDY_ETA_080,RECT_E28_A31,200,1,0.981154673622734,1,0.10580299782176,0.0512359357999532,0.117555924841619,0.116686165094704,0,0,0,0,0.000246705092747876,-0.000236828003840573,0.000730238189336325,POST_HOC_EDGE_SENSITIVITY_NOT_USED_FOR_SELECTION,f3e84ecd77e63632d9e2eb0e70c0600fa0f370193ad27d6fa5717f0381700b4c
V0014,5,FULL_PARENT_5X5,RECT_E31_A31,200,1,0.981154673622734,1,0.105620511351701,0.0511998033186602,0.117375944205209,0.116462214969631,0,0,0,0,2.27549676741761e-05,-0.000933213723577291,0.000978723658925643,POST_HOC_EDGE_SENSITIVITY_NOT_USED_FOR_SELECTION,f3e84ecd77e63632d9e2eb0e70c0600fa0f370193ad27d6fa5717f0381700b4c
V0014,10,FIXED_RECT_3X5,RECT_E14_A31,200,1,0.981154673622734,1,0.105566445180613,0.0514881531936054,0.117453413178841,0.116243596246048,0,0,0,0,0,0,0,POST_HOC_EDGE_SENSITIVITY_NOT_USED_FOR_SELECTION,f3e84ecd77e63632d9e2eb0e70c0600fa0f370193ad27d6fa5717f0381700b4c
V0014,10,GREEDY_ETA_080,RECT_E28_A31,200,1,0.981154673622734,1,0.105329361281988,0.0515240834631295,0.117256153462354,0.1159968911533,0,0,0,0,-0.000246705092747958,-0.000730238189336406,0.00023682800384049,POST_HOC_EDGE_SENSITIVITY_NOT_USED_FOR_SELECTION,f3e84ecd77e63632d9e2eb0e70c0600fa0f370193ad27d6fa5717f0381700b4c
V0014,10,FULL_PARENT_5X5,RECT_E31_A31,200,1,0.981154673622734,1,0.104293562806563,0.0517033602762184,0.116406119713437,0.115038742067316,0,0,0,0,-0.00120485417873197,-0.00224513712812406,-0.000164571229339888,POST_HOC_EDGE_SENSITIVITY_NOT_USED_FOR_SELECTION,f3e84ecd77e63632d9e2eb0e70c0600fa0f370193ad27d6fa5717f0381700b4c
H0057,0,FIXED_RECT_3X5,RECT_E14_A31,200,0.535,0.465866468723632,0.60281435842996,0.0743045902391875,0.210507589061047,0.223236684223064,0.333428044236878,0.025,0,0,0,0,0,0,POST_HOC_EDGE_SENSITIVITY_NOT_USED_FOR_SELECTION,f3e84ecd77e63632d9e2eb0e70c0600fa0f370193ad27d6fa5717f0381700b4c
H0057,0,GREEDY_ETA_080,RECT_E28_A31,200,0.57,0.500704877641527,0.636656776665656,0.072916473159818,0.208463866811239,0.220848354813796,0.316302224266676,0.045,0.035,-8.70444020752217e-05,0.0700870444020752,-0.0171258199702023,-0.0355252999427699,0.00127366000236525,POST_HOC_EDGE_SENSITIVITY_NOT_USED_FOR_SELECTION,f3e84ecd77e63632d9e2eb0e70c0600fa0f370193ad27d6fa5717f0381700b4c
H0057,0,FULL_PARENT_5X5,RECT_E31_A31,200,0.53,0.460916829150018,0.597952451267346,0.0610161131692587,0.214062906895033,0.222589070204795,0.337090172925487,0.04,-0.005,-0.0560444138229501,0.0460444138229501,0.00366212868860891,-0.0247761007136074,0.0321003580908252,POST_HOC_EDGE_SENSITIVITY_NOT_USED_FOR_SELECTION,f3e84ecd77e63632d9e2eb0e70c0600fa0f370193ad27d6fa5717f0381700b4c
H0057,5,FIXED_RECT_3X5,RECT_E14_A31,200,0.66,0.591884955268363,0.722084540290912,0.0466044235004769,0.157106331090277,0.163873034872914,0.263601066054679,0,0,0,0,0,0,0,POST_HOC_EDGE_SENSITIVITY_NOT_USED_FOR_SELECTION,f3e84ecd77e63632d9e2eb0e70c0600fa0f370193ad27d6fa5717f0381700b4c
H0057,5,GREEDY_ETA_080,RECT_E28_A31,200,0.66,0.591884955268363,0.722084540290912,0.0442400498471131,0.153937408657067,0.160168373265536,0.262870689888655,0,0,-0.0310675177390447,0.0310675177390447,-0.000730376166023582,-0.0171843828885101,0.0157236305564629,POST_HOC_EDGE_SENSITIVITY_NOT_USED_FOR_SELECTION,f3e84ecd77e63632d9e2eb0e70c0600fa0f370193ad27d6fa5717f0381700b4c
H0057,5,FULL_PARENT_5X5,RECT_E31_A31,200,0.655,0.586755892590537,0.717402056232511,0.0453899221808974,0.151951378915144,0.158585833509181,0.264753901125612,0,-0.005,-0.0521111018672057,0.0421111018672057,0.00115283507093351,-0.0240640791175051,0.0263697492593721,POST_HOC_EDGE_SENSITIVITY_NOT_USED_FOR_SELECTION,f3e84ecd77e63632d9e2eb0e70c0600fa0f370193ad27d6fa5717f0381700b4c
H0057,10,FIXED_RECT_3X5,RECT_E14_A31,200,0.7,0.633209316272807,0.759252553176286,0.0376284753287886,0.117948496451482,0.123805290560358,0.231972081972518,0,0,0,0,0,0,0,POST_HOC_EDGE_SENSITIVITY_NOT_USED_FOR_SELECTION,f3e84ecd77e63632d9e2eb0e70c0600fa0f370193ad27d6fa5717f0381700b4c
H0057,10,GREEDY_ETA_080,RECT_E28_A31,200,0.72,0.654076954133493,0.77763110226051,0.037332515808128,0.115135110150743,0.121036400830444,0.220332257538171,0,0.02,-0.0215887203454352,0.0615887203454352,-0.0116398244343462,-0.035553959690169,0.0122743108214766,POST_HOC_EDGE_SENSITIVITY_NOT_USED_FOR_SELECTION,f3e84ecd77e63632d9e2eb0e70c0600fa0f370193ad27d6fa5717f0381700b4c
H0057,10,FULL_PARENT_5X5,RECT_E31_A31,200,0.715,0.648846539703948,0.773049969953827,0.0375300814800725,0.116110621605381,0.122025339440171,0.223530792985845,0,0.015,-0.0320701089493999,0.0620701089493999,-0.00844128898667305,-0.0356326247301106,0.0187500467567645,POST_HOC_EDGE_SENSITIVITY_NOT_USED_FOR_SELECTION,f3e84ecd77e63632d9e2eb0e70c0600fa0f370193ad27d6fa5717f0381700b4c
D0286,0,FIXED_RECT_3X5,RECT_E14_A31,200,0.7,0.633209316272807,0.759252553176286,0.25831182706179,0.12678722333106,0.287749891398763,0.302337713102542,0.145,0,0,0,0,0,0,POST_HOC_EDGE_SENSITIVITY_NOT_USED_FOR_SELECTION,f3e84ecd77e63632d9e2eb0e70c0600fa0f370193ad27d6fa5717f0381700b4c
D0286,0,GREEDY_ETA_080,RECT_E28_A31,200,0.695,0.628014479020216,0.754635843692649,0.255538646783613,0.12678722333106,0.285263036511918,0.303365711582826,0.14,-0.005,-0.0404156075858707,0.0304156075858707,0.00102799848028327,-0.0147614567541154,0.0168174537146819,POST_HOC_EDGE_SENSITIVITY_NOT_USED_FOR_SELECTION,f3e84ecd77e63632d9e2eb0e70c0600fa0f370193ad27d6fa5717f0381700b4c
D0286,0,FULL_PARENT_5X5,RECT_E31_A31,200,0.69,0.62282822433742,0.750010551639219,0.246424430607032,0.125698050899766,0.276631523872461,0.307753799779014,0.11,-0.01,-0.0600755961591502,0.0400755961591502,0.0054160866764717,-0.0178634221764887,0.028695595529432,POST_HOC_EDGE_SENSITIVITY_NOT_USED_FOR_SELECTION,f3e84ecd77e63632d9e2eb0e70c0600fa0f370193ad27d6fa5717f0381700b4c
D0286,5,FIXED_RECT_3X5,RECT_E14_A31,200,0.72,0.654076954133493,0.77763110226051,0.190918830920368,0.113907857498945,0.222317340754157,0.286658395788246,0.025,0,0,0,0,0,0,POST_HOC_EDGE_SENSITIVITY_NOT_USED_FOR_SELECTION,f3e84ecd77e63632d9e2eb0e70c0600fa0f370193ad27d6fa5717f0381700b4c
D0286,5,GREEDY_ETA_080,RECT_E28_A31,200,0.755,0.690957564437966,0.809431319109628,0.192418814048938,0.112361025271221,0.222822799551572,0.274885379022602,0.03,0.035,-8.70444020752426e-05,0.0700870444020752,-0.0117730167656447,-0.0279108197794891,0.00436478624819964,POST_HOC_EDGE_SENSITIVITY_NOT_USED_FOR_SELECTION,f3e84ecd77e63632d9e2eb0e70c0600fa0f370193ad27d6fa5717f0381700b4c
D0286,5,FULL_PARENT_5X5,RECT_E31_A31,200,0.745,0.680370741795453,0.800395048279686,0.192548695139697,0.112361025271222,0.22293496809608,0.283170142781876,0.015,0.025,-0.0239990996135012,0.0739990996135012,-0.00348825300637038,-0.0269532420712806,0.0199767360585399,POST_HOC_EDGE_SENSITIVITY_NOT_USED_FOR_SELECTION,f3e84ecd77e63632d9e2eb0e70c0600fa0f370193ad27d6fa5717f0381700b4c
D0286,10,FIXED_RECT_3X5,RECT_E14_A31,200,0.88,0.827657479017033,0.918020072936245,0.156364957711119,0.0871779788708138,0.179025137899682,0.192076324680997,0,0,0,0,0,0,0,POST_HOC_EDGE_SENSITIVITY_NOT_USED_FOR_SELECTION,f3e84ecd77e63632d9e2eb0e70c0600fa0f370193ad27d6fa5717f0381700b4c
D0286,10,GREEDY_ETA_080,RECT_E28_A31,200,0.885,0.833352831015124,0.92213626767438,0.155643824162734,0.0864580823289532,0.178044938147649,0.189013050020304,0,0.005,-0.0169570656942975,0.0269570656942975,-0.0030632746606933,-0.0134102302556785,0.00728368093429192,POST_HOC_EDGE_SENSITIVITY_NOT_USED_FOR_SELECTION,f3e84ecd77e63632d9e2eb0e70c0600fa0f370193ad27d6fa5717f0381700b4c
D0286,10,FULL_PARENT_5X5,RECT_E31_A31,200,0.89,0.839073090026985,0.926227555398747,0.157955689989313,0.0908295106229251,0.182208671582886,0.191295050714648,0,0.01,-0.0240043880821593,0.0440043880821593,-0.000781273966349059,-0.0171918229902435,0.0156292750575453,POST_HOC_EDGE_SENSITIVITY_NOT_USED_FOR_SELECTION,f3e84ecd77e63632d9e2eb0e70c0600fa0f370193ad27d6fa5717f0381700b4c
V0050,0,FIXED_RECT_3X5,RECT_E14_A31,200,0.96,0.923067931799067,0.979594367933848,0.116458572015843,0.0533603660206711,0.128101239876237,0.140736540581494,0,0,0,0,0,0,0,POST_HOC_EDGE_SENSITIVITY_NOT_USED_FOR_SELECTION,f3e84ecd77e63632d9e2eb0e70c0600fa0f370193ad27d6fa5717f0381700b4c
V0050,0,GREEDY_ETA_080,RECT_E28_A31,200,0.96,0.923067931799067,0.979594367933848,0.116292807456405,0.0533950364667671,0.127965022507637,0.140564351145969,0,0,0,0,-0.000172189435524065,-0.000509674527669513,0.000165295656621384,POST_HOC_EDGE_SENSITIVITY_NOT_USED_FOR_SELECTION,f3e84ecd77e63632d9e2eb0e70c0600fa0f370193ad27d6fa5717f0381700b4c
V0050,0,FULL_PARENT_5X5,RECT_E31_A31,200,0.96,0.923067931799067,0.979594367933848,0.115911324451996,0.0538955580425212,0.127828659982535,0.139876754760829,0,0,-0.0138938163113369,0.0138938163113369,-0.000859785820664368,-0.00792225161127968,0.00620267996995095,POST_HOC_EDGE_SENSITIVITY_NOT_USED_FOR_SELECTION,f3e84ecd77e63632d9e2eb0e70c0600fa0f370193ad27d6fa5717f0381700b4c
V0050,5,FIXED_RECT_3X5,RECT_E14_A31,200,0.995,0.972226295602107,0.999116831284399,0.111008195748691,0.0513081244263563,0.122292040442255,0.123574223605331,0,0,0,0,0,0,0,POST_HOC_EDGE_SENSITIVITY_NOT_USED_FOR_SELECTION,f3e84ecd77e63632d9e2eb0e70c0600fa0f370193ad27d6fa5717f0381700b4c
V0050,5,GREEDY_ETA_080,RECT_E28_A31,200,0.995,0.972226295602107,0.999116831284399,0.1107312126424,0.0518288036672451,0.122260485615076,0.123549526428916,0,0,0,0,-2.46971764147245e-05,-0.000573600087829293,0.000524205734999844,POST_HOC_EDGE_SENSITIVITY_NOT_USED_FOR_SELECTION,f3e84ecd77e63632d9e2eb0e70c0600fa0f370193ad27d6fa5717f0381700b4c
V0050,5,FULL_PARENT_5X5,RECT_E31_A31,200,0.995,0.972226295602107,0.999116831284399,0.111181839583884,0.0513441806788063,0.122464796340966,0.123803863220849,0,0,0,0,0.0002296396155181,-0.000703892604740519,0.00116317183577672,POST_HOC_EDGE_SENSITIVITY_NOT_USED_FOR_SELECTION,f3e84ecd77e63632d9e2eb0e70c0600fa0f370193ad27d6fa5717f0381700b4c
V0050,10,FIXED_RECT_3X5,RECT_E14_A31,200,1,0.981154673622734,1,0.107217795461511,0.0511636453201083,0.118799723341716,0.117637812947513,0,0,0,0,0,0,0,POST_HOC_EDGE_SENSITIVITY_NOT_USED_FOR_SELECTION,f3e84ecd77e63632d9e2eb0e70c0600fa0f370193ad27d6fa5717f0381700b4c
V0050,10,GREEDY_ETA_080,RECT_E28_A31,200,1,0.981154673622734,1,0.107217795461511,0.0511636453201079,0.118799723341716,0.117637812947513,0,0,0,0,-1.79856129989275e-16,-4.28492349900506e-16,6.87800899219555e-17,POST_HOC_EDGE_SENSITIVITY_NOT_USED_FOR_SELECTION,f3e84ecd77e63632d9e2eb0e70c0600fa0f370193ad27d6fa5717f0381700b4c
V0050,10,FULL_PARENT_5X5,RECT_E31_A31,200,1,0.981154673622734,1,0.106670185892973,0.0511998033186576,0.118321377689371,0.117227343547878,0,0,0,0,-0.000410469399635678,-0.00162436297621617,0.000803424176944815,POST_HOC_EDGE_SENSITIVITY_NOT_USED_FOR_SELECTION,f3e84ecd77e63632d9e2eb0e70c0600fa0f370193ad27d6fa5717f0381700b4c
H0230,0,FIXED_RECT_3X5,RECT_E14_A31,200,0.965,0.929529388477709,0.982944457991433,0.113844278437399,0.0464726501417448,0.122964331999686,0.126277769421901,0,0,0,0,0,0,0,POST_HOC_EDGE_SENSITIVITY_NOT_USED_FOR_SELECTION,f3e84ecd77e63632d9e2eb0e70c0600fa0f370193ad27d6fa5717f0381700b4c
H0230,0,GREEDY_ETA_080,RECT_E28_A31,200,0.96,0.923067931799067,0.979594367933848,0.114073820106512,0.0463420500463825,0.123127665600361,0.12826422588351,0,-0.005,-0.0147998199227003,0.00479981992270026,0.00198645646160879,-0.00267127457089619,0.00664418749411376,POST_HOC_EDGE_SENSITIVITY_NOT_USED_FOR_SELECTION,f3e84ecd77e63632d9e2eb0e70c0600fa0f370193ad27d6fa5717f0381700b4c
H0230,0,FULL_PARENT_5X5,RECT_E31_A31,200,0.96,0.923067931799067,0.979594367933848,0.112511505505729,0.0462706963003515,0.121654495220214,0.12647062300203,0,-0.005,-0.0269570656942975,0.0169570656942975,0.000192853580128421,-0.0104678623393926,0.0108535694996494,POST_HOC_EDGE_SENSITIVITY_NOT_USED_FOR_SELECTION,f3e84ecd77e63632d9e2eb0e70c0600fa0f370193ad27d6fa5717f0381700b4c
H0230,5,FIXED_RECT_3X5,RECT_E14_A31,200,1,0.981154673622734,1,0.082562499935784,0.0420214254165473,0.0926410631938385,0.0905230635438016,0,0,0,0,0,0,0,POST_HOC_EDGE_SENSITIVITY_NOT_USED_FOR_SELECTION,f3e84ecd77e63632d9e2eb0e70c0600fa0f370193ad27d6fa5717f0381700b4c
H0230,5,GREEDY_ETA_080,RECT_E28_A31,200,1,0.981154673622734,1,0.0814933525814263,0.0420214254165473,0.0916895125355081,0.0897481681414515,0,0,0,0,-0.000774895402350115,-0.00172355738086673,0.0001737665761665,POST_HOC_EDGE_SENSITIVITY_NOT_USED_FOR_SELECTION,f3e84ecd77e63632d9e2eb0e70c0600fa0f370193ad27d6fa5717f0381700b4c
H0230,5,FULL_PARENT_5X5,RECT_E31_A31,200,1,0.981154673622734,1,0.0826476211288531,0.0423912332033547,0.0928851222250347,0.0908248949862629,0,0,0,0,0.000301831442461213,-0.00104332084215716,0.00164698372707958,POST_HOC_EDGE_SENSITIVITY_NOT_USED_FOR_SELECTION,f3e84ecd77e63632d9e2eb0e70c0600fa0f370193ad27d6fa5717f0381700b4c
H0230,10,FIXED_RECT_3X5,RECT_E14_A31,200,1,0.981154673622734,1,0.0759415623727679,0.040815530462774,0.0862150127447339,0.0856950648739223,0,0,0,0,0,0,0,POST_HOC_EDGE_SENSITIVITY_NOT_USED_FOR_SELECTION,f3e84ecd77e63632d9e2eb0e70c0600fa0f370193ad27d6fa5717f0381700b4c
H0230,10,GREEDY_ETA_080,RECT_E28_A31,200,1,0.981154673622734,1,0.0760020073110362,0.0406622791241777,0.0861958587107254,0.0856753955527773,0,0,0,0,-1.96693211450223e-05,-0.000349960990473204,0.000310622348183159,POST_HOC_EDGE_SENSITIVITY_NOT_USED_FOR_SELECTION,f3e84ecd77e63632d9e2eb0e70c0600fa0f370193ad27d6fa5717f0381700b4c
H0230,10,FULL_PARENT_5X5,RECT_E31_A31,200,1,0.981154673622734,1,0.0763862127350367,0.040815530462774,0.0866069340350985,0.0860472752845116,0,0,0,0,0.000352210410589245,-0.000281893130467602,0.000986313951646092,POST_HOC_EDGE_SENSITIVITY_NOT_USED_FOR_SELECTION,f3e84ecd77e63632d9e2eb0e70c0600fa0f370193ad27d6fa5717f0381700b4c
