config_id,center_az_deg,center_el_deg,lambda_min,lambda_max,lambda_min_to_max_ratio,rank_T,condition_T,null_tolerance,tangent_class,fixed_measurement_hash,pass_flag,baseline_commit,stage6_source_tree_hash,stage6_dependency_tree_hash,stage6_controls_hash,stage6_measurement_plan_hash,stage6_experiment_plan_hash,stage6_provenance_hash,provenance_contract_version,baseline_ancestor_flag,working_tree_clean_at_start,phase_factor,theory_status,prior_art_status
SEQ_3X3_WHITE,7.6,9.8,2192919.5519703,4257245.16561551,0.515102951946919,2,1.94135948206146,4.83992740284465e-07,NONDEGENERATE_TANGENT,896edb1e11bf0e53e8f7d874fa14b442dd7759bc8c8da151a7eaf930b8ccaf0d,1,0430f25272690a3ddf378dcf0bab465ca93edb68,605d76b653c633c5eabf6c95422403256b9d0da6000e6e2561a518635cf6e5ce,c5ed245229e0273dbfe6295530c14630054b091045981f837c83c69a6b8d3453,941f53cad599294a76b1aa07e5b1f06c5c51b73b12de63caf3d6e8886b6fa03d,28425e98c333d60e88417dfa7dfa7e50ea30d420cc66e630f456c8c9836e30b2,baee3ecbaa7e949bab7df0d44496ccd5fddec4d935ca777dbe9d1d0e7d7b211e,f2209ac492954ccca41e6a6e3860e1286ebdbbc22b29189117049bc01cec48be,STAGE6_PROVENANCE_CONTRACT_V1,1,1,1,THEORY_SUPPORTED_AS_SCENARIO_SPECIFIC_COROLLARY,SCENARIO_SPECIFIC_COROLLARY_PRIOR_ART_BOUNDED
SEQ_3X3_WHITE,8,9.8,2192952.23368498,4254642.40391542,0.515425745690605,2,1.94014367415839,4.83696840537439e-07,NONDEGENERATE_TANGENT,896edb1e11bf0e53e8f7d874fa14b442dd7759bc8c8da151a7eaf930b8ccaf0d,1,0430f25272690a3ddf378dcf0bab465ca93edb68,605d76b653c633c5eabf6c95422403256b9d0da6000e6e2561a518635cf6e5ce,c5ed245229e0273dbfe6295530c14630054b091045981f837c83c69a6b8d3453,941f53cad599294a76b1aa07e5b1f06c5c51b73b12de63caf3d6e8886b6fa03d,28425e98c333d60e88417dfa7dfa7e50ea30d420cc66e630f456c8c9836e30b2,baee3ecbaa7e949bab7df0d44496ccd5fddec4d935ca777dbe9d1d0e7d7b211e,f2209ac492954ccca41e6a6e3860e1286ebdbbc22b29189117049bc01cec48be,STAGE6_PROVENANCE_CONTRACT_V1,1,1,1,THEORY_SUPPORTED_AS_SCENARIO_SPECIFIC_COROLLARY,SCENARIO_SPECIFIC_COROLLARY_PRIOR_ART_BOUNDED
SEQ_3X3_WHITE,8.4,9.8,2192894.00105391,4256345.02543374,0.515205883909856,2,1.94097162169632,4.83890406193694e-07,NONDEGENERATE_TANGENT,896edb1e11bf0e53e8f7d874fa14b442dd7759bc8c8da151a7eaf930b8ccaf0d,1,0430f25272690a3ddf378dcf0bab465ca93edb68,605d76b653c633c5eabf6c95422403256b9d0da6000e6e2561a518635cf6e5ce,c5ed245229e0273dbfe6295530c14630054b091045981f837c83c69a6b8d3453,941f53cad599294a76b1aa07e5b1f06c5c51b73b12de63caf3d6e8886b6fa03d,28425e98c333d60e88417dfa7dfa7e50ea30d420cc66e630f456c8c9836e30b2,baee3ecbaa7e949bab7df0d44496ccd5fddec4d935ca777dbe9d1d0e7d7b211e,f2209ac492954ccca41e6a6e3860e1286ebdbbc22b29189117049bc01cec48be,STAGE6_PROVENANCE_CONTRACT_V1,1,1,1,THEORY_SUPPORTED_AS_SCENARIO_SPECIFIC_COROLLARY,SCENARIO_SPECIFIC_COROLLARY_PRIOR_ART_BOUNDED
SEQ_3X3_WHITE,7.6,10,2190586.25317786,4252063.38498674,0.515181937530006,2,1.94106184078272,4.83403640031013e-07,NONDEGENERATE_TANGENT,896edb1e11bf0e53e8f7d874fa14b442dd7759bc8c8da151a7eaf930b8ccaf0d,1,0430f25272690a3ddf378dcf0bab465ca93edb68,605d76b653c633c5eabf6c95422403256b9d0da6000e6e2561a518635cf6e5ce,c5ed245229e0273dbfe6295530c14630054b091045981f837c83c69a6b8d3453,941f53cad599294a76b1aa07e5b1f06c5c51b73b12de63caf3d6e8886b6fa03d,28425e98c333d60e88417dfa7dfa7e50ea30d420cc66e630f456c8c9836e30b2,baee3ecbaa7e949bab7df0d44496ccd5fddec4d935ca777dbe9d1d0e7d7b211e,f2209ac492954ccca41e6a6e3860e1286ebdbbc22b29189117049bc01cec48be,STAGE6_PROVENANCE_CONTRACT_V1,1,1,1,THEORY_SUPPORTED_AS_SCENARIO_SPECIFIC_COROLLARY,SCENARIO_SPECIFIC_COROLLARY_PRIOR_ART_BOUNDED
SEQ_3X3_WHITE,8,10,2190618.9099328,4249471.18698458,0.515503885905216,2,1.93984958666998,4.83108941237399e-07,NONDEGENERATE_TANGENT,896edb1e11bf0e53e8f7d874fa14b442dd7759bc8c8da151a7eaf930b8ccaf0d,1,0430f25272690a3ddf378dcf0bab465ca93edb68,605d76b653c633c5eabf6c95422403256b9d0da6000e6e2561a518635cf6e5ce,c5ed245229e0273dbfe6295530c14630054b091045981f837c83c69a6b8d3453,941f53cad599294a76b1aa07e5b1f06c5c51b73b12de63caf3d6e8886b6fa03d,28425e98c333d60e88417dfa7dfa7e50ea30d420cc66e630f456c8c9836e30b2,baee3ecbaa7e949bab7df0d44496ccd5fddec4d935ca777dbe9d1d0e7d7b211e,f2209ac492954ccca41e6a6e3860e1286ebdbbc22b29189117049bc01cec48be,STAGE6_PROVENANCE_CONTRACT_V1,1,1,1,THEORY_SUPPORTED_AS_SCENARIO_SPECIFIC_COROLLARY,SCENARIO_SPECIFIC_COROLLARY_PRIOR_ART_BOUNDED
SEQ_3X3_WHITE,8.4,10,2190559.60087632,4251166.66478025,0.515284338067595,2,1.9406761007916,4.83301694746416e-07,NONDEGENERATE_TANGENT,896edb1e11bf0e53e8f7d874fa14b442dd7759bc8c8da151a7eaf930b8ccaf0d,1,0430f25272690a3ddf378dcf0bab465ca93edb68,605d76b653c633c5eabf6c95422403256b9d0da6000e6e2561a518635cf6e5ce,c5ed245229e0273dbfe6295530c14630054b091045981f837c83c69a6b8d3453,941f53cad599294a76b1aa07e5b1f06c5c51b73b12de63caf3d6e8886b6fa03d,28425e98c333d60e88417dfa7dfa7e50ea30d420cc66e630f456c8c9836e30b2,baee3ecbaa7e949bab7df0d44496ccd5fddec4d935ca777dbe9d1d0e7d7b211e,f2209ac492954ccca41e6a6e3860e1286ebdbbc22b29189117049bc01cec48be,STAGE6_PROVENANCE_CONTRACT_V1,1,1,1,THEORY_SUPPORTED_AS_SCENARIO_SPECIFIC_COROLLARY,SCENARIO_SPECIFIC_COROLLARY_PRIOR_ART_BOUNDED
SEQ_3X3_WHITE,7.6,10.2,2188394.25440853,4246778.40517558,0.515306909289525,2,1.94059109624348,4.8280280738886e-07,NONDEGENERATE_TANGENT,896edb1e11bf0e53e8f7d874fa14b442dd7759bc8c8da151a7eaf930b8ccaf0d,1,0430f25272690a3ddf378dcf0bab465ca93edb68,605d76b653c633c5eabf6c95422403256b9d0da6000e6e2561a518635cf6e5ce,c5ed245229e0273dbfe6295530c14630054b091045981f837c83c69a6b8d3453,941f53cad599294a76b1aa07e5b1f06c5c51b73b12de63caf3d6e8886b6fa03d,28425e98c333d60e88417dfa7dfa7e50ea30d420cc66e630f456c8c9836e30b2,baee3ecbaa7e949bab7df0d44496ccd5fddec4d935ca777dbe9d1d0e7d7b211e,f2209ac492954ccca41e6a6e3860e1286ebdbbc22b29189117049bc01cec48be,STAGE6_PROVENANCE_CONTRACT_V1,1,1,1,THEORY_SUPPORTED_AS_SCENARIO_SPECIFIC_COROLLARY,SCENARIO_SPECIFIC_COROLLARY_PRIOR_ART_BOUNDED
SEQ_3X3_WHITE,8,10.2,2188425.960117,4244197.71380084,0.515627712865711,2,1.93938373568458,4.8250941674733e-07,NONDEGENERATE_TANGENT,896edb1e11bf0e53e8f7d874fa14b442dd7759bc8c8da151a7eaf930b8ccaf0d,1,0430f25272690a3ddf378dcf0bab465ca93edb68,605d76b653c633c5eabf6c95422403256b9d0da6000e6e2561a518635cf6e5ce,c5ed245229e0273dbfe6295530c14630054b091045981f837c83c69a6b8d3453,941f53cad599294a76b1aa07e5b1f06c5c51b73b12de63caf3d6e8886b6fa03d,28425e98c333d60e88417dfa7dfa7e50ea30d420cc66e630f456c8c9836e30b2,baee3ecbaa7e949bab7df0d44496ccd5fddec4d935ca777dbe9d1d0e7d7b211e,f2209ac492954ccca41e6a6e3860e1286ebdbbc22b29189117049bc01cec48be,STAGE6_PROVENANCE_CONTRACT_V1,1,1,1,THEORY_SUPPORTED_AS_SCENARIO_SPECIFIC_COROLLARY,SCENARIO_SPECIFIC_COROLLARY_PRIOR_ART_BOUNDED
SEQ_3X3_WHITE,8.4,10.2,2188366.56120605,4245885.16981581,0.515408795499993,2,1.9402074794434,4.82701258285467e-07,NONDEGENERATE_TANGENT,896edb1e11bf0e53e8f7d874fa14b442dd7759bc8c8da151a7eaf930b8ccaf0d,1,0430f25272690a3ddf378dcf0bab465ca93edb68,605d76b653c633c5eabf6c95422403256b9d0da6000e6e2561a518635cf6e5ce,c5ed245229e0273dbfe6295530c14630054b091045981f837c83c69a6b8d3453,941f53cad599294a76b1aa07e5b1f06c5c51b73b12de63caf3d6e8886b6fa03d,28425e98c333d60e88417dfa7dfa7e50ea30d420cc66e630f456c8c9836e30b2,baee3ecbaa7e949bab7df0d44496ccd5fddec4d935ca777dbe9d1d0e7d7b211e,f2209ac492954ccca41e6a6e3860e1286ebdbbc22b29189117049bc01cec48be,STAGE6_PROVENANCE_CONTRACT_V1,1,1,1,THEORY_SUPPORTED_AS_SCENARIO_SPECIFIC_COROLLARY,SCENARIO_SPECIFIC_COROLLARY_PRIOR_ART_BOUNDED
SEQ_3X3_CORRELATED,7.6,9.8,2746487.44305706,7025635.86540761,0.390923682307539,2,2.5580440512,7.98722324521761e-07,NONDEGENERATE_TANGENT,d4b6a6e115bdddf4311cb523c7de325a847715979fce0711bc2f98fb7dbf4539,1,0430f25272690a3ddf378dcf0bab465ca93edb68,605d76b653c633c5eabf6c95422403256b9d0da6000e6e2561a518635cf6e5ce,c5ed245229e0273dbfe6295530c14630054b091045981f837c83c69a6b8d3453,941f53cad599294a76b1aa07e5b1f06c5c51b73b12de63caf3d6e8886b6fa03d,28425e98c333d60e88417dfa7dfa7e50ea30d420cc66e630f456c8c9836e30b2,baee3ecbaa7e949bab7df0d44496ccd5fddec4d935ca777dbe9d1d0e7d7b211e,f2209ac492954ccca41e6a6e3860e1286ebdbbc22b29189117049bc01cec48be,STAGE6_PROVENANCE_CONTRACT_V1,1,1,1,THEORY_SUPPORTED_AS_SCENARIO_SPECIFIC_COROLLARY,SCENARIO_SPECIFIC_COROLLARY_PRIOR_ART_BOUNDED
SEQ_3X3_CORRELATED,8,9.8,2819173.57647722,6786398.04031276,0.415415299799788,2,2.40722958562661,7.7152413272333e-07,NONDEGENERATE_TANGENT,d4b6a6e115bdddf4311cb523c7de325a847715979fce0711bc2f98fb7dbf4539,1,0430f25272690a3ddf378dcf0bab465ca93edb68,605d76b653c633c5eabf6c95422403256b9d0da6000e6e2561a518635cf6e5ce,c5ed245229e0273dbfe6295530c14630054b091045981f837c83c69a6b8d3453,941f53cad599294a76b1aa07e5b1f06c5c51b73b12de63caf3d6e8886b6fa03d,28425e98c333d60e88417dfa7dfa7e50ea30d420cc66e630f456c8c9836e30b2,baee3ecbaa7e949bab7df0d44496ccd5fddec4d935ca777dbe9d1d0e7d7b211e,f2209ac492954ccca41e6a6e3860e1286ebdbbc22b29189117049bc01cec48be,STAGE6_PROVENANCE_CONTRACT_V1,1,1,1,THEORY_SUPPORTED_AS_SCENARIO_SPECIFIC_COROLLARY,SCENARIO_SPECIFIC_COROLLARY_PRIOR_ART_BOUNDED
SEQ_3X3_CORRELATED,8.4,9.8,2746637.48108882,7019690.47281164,0.39127615266328,2,2.55573970760382,7.98046411638511e-07,NONDEGENERATE_TANGENT,d4b6a6e115bdddf4311cb523c7de325a847715979fce0711bc2f98fb7dbf4539,1,0430f25272690a3ddf378dcf0bab465ca93edb68,605d76b653c633c5eabf6c95422403256b9d0da6000e6e2561a518635cf6e5ce,c5ed245229e0273dbfe6295530c14630054b091045981f837c83c69a6b8d3453,941f53cad599294a76b1aa07e5b1f06c5c51b73b12de63caf3d6e8886b6fa03d,28425e98c333d60e88417dfa7dfa7e50ea30d420cc66e630f456c8c9836e30b2,baee3ecbaa7e949bab7df0d44496ccd5fddec4d935ca777dbe9d1d0e7d7b211e,f2209ac492954ccca41e6a6e3860e1286ebdbbc22b29189117049bc01cec48be,STAGE6_PROVENANCE_CONTRACT_V1,1,1,1,THEORY_SUPPORTED_AS_SCENARIO_SPECIFIC_COROLLARY,SCENARIO_SPECIFIC_COROLLARY_PRIOR_ART_BOUNDED
SEQ_3X3_CORRELATED,7.6,10,2774897.94683139,7100428.05248292,0.390807135333348,2,2.55880691417527,8.07225211756636e-07,NONDEGENERATE_TANGENT,d4b6a6e115bdddf4311cb523c7de325a847715979fce0711bc2f98fb7dbf4539,1,0430f25272690a3ddf378dcf0bab465ca93edb68,605d76b653c633c5eabf6c95422403256b9d0da6000e6e2561a518635cf6e5ce,c5ed245229e0273dbfe6295530c14630054b091045981f837c83c69a6b8d3453,941f53cad599294a76b1aa07e5b1f06c5c51b73b12de63caf3d6e8886b6fa03d,28425e98c333d60e88417dfa7dfa7e50ea30d420cc66e630f456c8c9836e30b2,baee3ecbaa7e949bab7df0d44496ccd5fddec4d935ca777dbe9d1d0e7d7b211e,f2209ac492954ccca41e6a6e3860e1286ebdbbc22b29189117049bc01cec48be,STAGE6_PROVENANCE_CONTRACT_V1,1,1,1,THEORY_SUPPORTED_AS_SCENARIO_SPECIFIC_COROLLARY,SCENARIO_SPECIFIC_COROLLARY_PRIOR_ART_BOUNDED
SEQ_3X3_CORRELATED,8,10,2848328.66690126,6858986.66839663,0.415269602436345,2,2.40807416226254,7.79776504304736e-07,NONDEGENERATE_TANGENT,d4b6a6e115bdddf4311cb523c7de325a847715979fce0711bc2f98fb7dbf4539,1,0430f25272690a3ddf378dcf0bab465ca93edb68,605d76b653c633c5eabf6c95422403256b9d0da6000e6e2561a518635cf6e5ce,c5ed245229e0273dbfe6295530c14630054b091045981f837c83c69a6b8d3453,941f53cad599294a76b1aa07e5b1f06c5c51b73b12de63caf3d6e8886b6fa03d,28425e98c333d60e88417dfa7dfa7e50ea30d420cc66e630f456c8c9836e30b2,baee3ecbaa7e949bab7df0d44496ccd5fddec4d935ca777dbe9d1d0e7d7b211e,f2209ac492954ccca41e6a6e3860e1286ebdbbc22b29189117049bc01cec48be,STAGE6_PROVENANCE_CONTRACT_V1,1,1,1,THEORY_SUPPORTED_AS_SCENARIO_SPECIFIC_COROLLARY,SCENARIO_SPECIFIC_COROLLARY_PRIOR_ART_BOUNDED
SEQ_3X3_CORRELATED,8.4,10,2775026.79670952,7094411.81710771,0.3911567115427,2,2.55652011199311,8.06541244981839e-07,NONDEGENERATE_TANGENT,d4b6a6e115bdddf4311cb523c7de325a847715979fce0711bc2f98fb7dbf4539,1,0430f25272690a3ddf378dcf0bab465ca93edb68,605d76b653c633c5eabf6c95422403256b9d0da6000e6e2561a518635cf6e5ce,c5ed245229e0273dbfe6295530c14630054b091045981f837c83c69a6b8d3453,941f53cad599294a76b1aa07e5b1f06c5c51b73b12de63caf3d6e8886b6fa03d,28425e98c333d60e88417dfa7dfa7e50ea30d420cc66e630f456c8c9836e30b2,baee3ecbaa7e949bab7df0d44496ccd5fddec4d935ca777dbe9d1d0e7d7b211e,f2209ac492954ccca41e6a6e3860e1286ebdbbc22b29189117049bc01cec48be,STAGE6_PROVENANCE_CONTRACT_V1,1,1,1,THEORY_SUPPORTED_AS_SCENARIO_SPECIFIC_COROLLARY,SCENARIO_SPECIFIC_COROLLARY_PRIOR_ART_BOUNDED
SEQ_3X3_CORRELATED,7.6,10.2,2803279.80165259,7177521.57515928,0.390563758297081,2,2.56040141655784,8.15989730558531e-07,NONDEGENERATE_TANGENT,d4b6a6e115bdddf4311cb523c7de325a847715979fce0711bc2f98fb7dbf4539,1,0430f25272690a3ddf378dcf0bab465ca93edb68,605d76b653c633c5eabf6c95422403256b9d0da6000e6e2561a518635cf6e5ce,c5ed245229e0273dbfe6295530c14630054b091045981f837c83c69a6b8d3453,941f53cad599294a76b1aa07e5b1f06c5c51b73b12de63caf3d6e8886b6fa03d,28425e98c333d60e88417dfa7dfa7e50ea30d420cc66e630f456c8c9836e30b2,baee3ecbaa7e949bab7df0d44496ccd5fddec4d935ca777dbe9d1d0e7d7b211e,f2209ac492954ccca41e6a6e3860e1286ebdbbc22b29189117049bc01cec48be,STAGE6_PROVENANCE_CONTRACT_V1,1,1,1,THEORY_SUPPORTED_AS_SCENARIO_SPECIFIC_COROLLARY,SCENARIO_SPECIFIC_COROLLARY_PRIOR_ART_BOUNDED
SEQ_3X3_CORRELATED,8,10.2,2877545.87726923,6933909.09816287,0.41499619284476,2,2.4096606601258,7.88294198419279e-07,NONDEGENERATE_TANGENT,d4b6a6e115bdddf4311cb523c7de325a847715979fce0711bc2f98fb7dbf4539,1,0430f25272690a3ddf378dcf0bab465ca93edb68,605d76b653c633c5eabf6c95422403256b9d0da6000e6e2561a518635cf6e5ce,c5ed245229e0273dbfe6295530c14630054b091045981f837c83c69a6b8d3453,941f53cad599294a76b1aa07e5b1f06c5c51b73b12de63caf3d6e8886b6fa03d,28425e98c333d60e88417dfa7dfa7e50ea30d420cc66e630f456c8c9836e30b2,baee3ecbaa7e949bab7df0d44496ccd5fddec4d935ca777dbe9d1d0e7d7b211e,f2209ac492954ccca41e6a6e3860e1286ebdbbc22b29189117049bc01cec48be,STAGE6_PROVENANCE_CONTRACT_V1,1,1,1,THEORY_SUPPORTED_AS_SCENARIO_SPECIFIC_COROLLARY,SCENARIO_SPECIFIC_COROLLARY_PRIOR_ART_BOUNDED
SEQ_3X3_CORRELATED,8.4,10.2,2803482.67393341,7171460.64036824,0.390922130723631,2,2.55805420416826,8.15300682048501e-07,NONDEGENERATE_TANGENT,d4b6a6e115bdddf4311cb523c7de325a847715979fce0711bc2f98fb7dbf4539,1,0430f25272690a3ddf378dcf0bab465ca93edb68,605d76b653c633c5eabf6c95422403256b9d0da6000e6e2561a518635cf6e5ce,c5ed245229e0273dbfe6295530c14630054b091045981f837c83c69a6b8d3453,941f53cad599294a76b1aa07e5b1f06c5c51b73b12de63caf3d6e8886b6fa03d,28425e98c333d60e88417dfa7dfa7e50ea30d420cc66e630f456c8c9836e30b2,baee3ecbaa7e949bab7df0d44496ccd5fddec4d935ca777dbe9d1d0e7d7b211e,f2209ac492954ccca41e6a6e3860e1286ebdbbc22b29189117049bc01cec48be,STAGE6_PROVENANCE_CONTRACT_V1,1,1,1,THEORY_SUPPORTED_AS_SCENARIO_SPECIFIC_COROLLARY,SCENARIO_SPECIFIC_COROLLARY_PRIOR_ART_BOUNDED
SEQ_2X3_WHITE,7.6,9.8,2186920.00651569,3938205.37333665,0.55530877625684,2,1.80079992025461,4.4772211519292e-07,NONDEGENERATE_TANGENT,3178369cc41e22449e5314d45f81dc5aadc32dfab18595f63bdfebf1bca7031b,1,0430f25272690a3ddf378dcf0bab465ca93edb68,605d76b653c633c5eabf6c95422403256b9d0da6000e6e2561a518635cf6e5ce,c5ed245229e0273dbfe6295530c14630054b091045981f837c83c69a6b8d3453,941f53cad599294a76b1aa07e5b1f06c5c51b73b12de63caf3d6e8886b6fa03d,28425e98c333d60e88417dfa7dfa7e50ea30d420cc66e630f456c8c9836e30b2,baee3ecbaa7e949bab7df0d44496ccd5fddec4d935ca777dbe9d1d0e7d7b211e,f2209ac492954ccca41e6a6e3860e1286ebdbbc22b29189117049bc01cec48be,STAGE6_PROVENANCE_CONTRACT_V1,1,1,1,THEORY_SUPPORTED_AS_SCENARIO_SPECIFIC_COROLLARY,SCENARIO_SPECIFIC_COROLLARY_PRIOR_ART_BOUNDED
SEQ_2X3_WHITE,8,9.8,2172770.71485054,4254641.59582198,0.510682431390738,2,1.95816409285259,4.83696748667851e-07,NONDEGENERATE_TANGENT,3178369cc41e22449e5314d45f81dc5aadc32dfab18595f63bdfebf1bca7031b,1,0430f25272690a3ddf378dcf0bab465ca93edb68,605d76b653c633c5eabf6c95422403256b9d0da6000e6e2561a518635cf6e5ce,c5ed245229e0273dbfe6295530c14630054b091045981f837c83c69a6b8d3453,941f53cad599294a76b1aa07e5b1f06c5c51b73b12de63caf3d6e8886b6fa03d,28425e98c333d60e88417dfa7dfa7e50ea30d420cc66e630f456c8c9836e30b2,baee3ecbaa7e949bab7df0d44496ccd5fddec4d935ca777dbe9d1d0e7d7b211e,f2209ac492954ccca41e6a6e3860e1286ebdbbc22b29189117049bc01cec48be,STAGE6_PROVENANCE_CONTRACT_V1,1,1,1,THEORY_SUPPORTED_AS_SCENARIO_SPECIFIC_COROLLARY,SCENARIO_SPECIFIC_COROLLARY_PRIOR_ART_BOUNDED
SEQ_2X3_WHITE,8.4,9.8,2186879.54408743,3937345.9274717,0.555419712763643,2,1.80044023829155,4.47624407510341e-07,NONDEGENERATE_TANGENT,3178369cc41e22449e5314d45f81dc5aadc32dfab18595f63bdfebf1bca7031b,1,0430f25272690a3ddf378dcf0bab465ca93edb68,605d76b653c633c5eabf6c95422403256b9d0da6000e6e2561a518635cf6e5ce,c5ed245229e0273dbfe6295530c14630054b091045981f837c83c69a6b8d3453,941f53cad599294a76b1aa07e5b1f06c5c51b73b12de63caf3d6e8886b6fa03d,28425e98c333d60e88417dfa7dfa7e50ea30d420cc66e630f456c8c9836e30b2,baee3ecbaa7e949bab7df0d44496ccd5fddec4d935ca777dbe9d1d0e7d7b211e,f2209ac492954ccca41e6a6e3860e1286ebdbbc22b29189117049bc01cec48be,STAGE6_PROVENANCE_CONTRACT_V1,1,1,1,THEORY_SUPPORTED_AS_SCENARIO_SPECIFIC_COROLLARY,SCENARIO_SPECIFIC_COROLLARY_PRIOR_ART_BOUNDED
SEQ_2X3_WHITE,7.6,10,2184583.63540978,3933936.97126252,0.555317396127137,2,1.80077196748048,4.47236854058988e-07,NONDEGENERATE_TANGENT,3178369cc41e22449e5314d45f81dc5aadc32dfab18595f63bdfebf1bca7031b,1,0430f25272690a3ddf378dcf0bab465ca93edb68,605d76b653c633c5eabf6c95422403256b9d0da6000e6e2561a518635cf6e5ce,c5ed245229e0273dbfe6295530c14630054b091045981f837c83c69a6b8d3453,941f53cad599294a76b1aa07e5b1f06c5c51b73b12de63caf3d6e8886b6fa03d,28425e98c333d60e88417dfa7dfa7e50ea30d420cc66e630f456c8c9836e30b2,baee3ecbaa7e949bab7df0d44496ccd5fddec4d935ca777dbe9d1d0e7d7b211e,f2209ac492954ccca41e6a6e3860e1286ebdbbc22b29189117049bc01cec48be,STAGE6_PROVENANCE_CONTRACT_V1,1,1,1,THEORY_SUPPORTED_AS_SCENARIO_SPECIFIC_COROLLARY,SCENARIO_SPECIFIC_COROLLARY_PRIOR_ART_BOUNDED
SEQ_2X3_WHITE,8,10,2170468.37734276,4249470.37631558,0.510762091539658,2,1.95785869108956,4.83108849075004e-07,NONDEGENERATE_TANGENT,3178369cc41e22449e5314d45f81dc5aadc32dfab18595f63bdfebf1bca7031b,1,0430f25272690a3ddf378dcf0bab465ca93edb68,605d76b653c633c5eabf6c95422403256b9d0da6000e6e2561a518635cf6e5ce,c5ed245229e0273dbfe6295530c14630054b091045981f837c83c69a6b8d3453,941f53cad599294a76b1aa07e5b1f06c5c51b73b12de63caf3d6e8886b6fa03d,28425e98c333d60e88417dfa7dfa7e50ea30d420cc66e630f456c8c9836e30b2,baee3ecbaa7e949bab7df0d44496ccd5fddec4d935ca777dbe9d1d0e7d7b211e,f2209ac492954ccca41e6a6e3860e1286ebdbbc22b29189117049bc01cec48be,STAGE6_PROVENANCE_CONTRACT_V1,1,1,1,THEORY_SUPPORTED_AS_SCENARIO_SPECIFIC_COROLLARY,SCENARIO_SPECIFIC_COROLLARY_PRIOR_ART_BOUNDED
SEQ_2X3_WHITE,8.4,10,2184541.81844416,3933088.10923651,0.555426615873149,2,1.80041786155308,4.47140349619589e-07,NONDEGENERATE_TANGENT,3178369cc41e22449e5314d45f81dc5aadc32dfab18595f63bdfebf1bca7031b,1,0430f25272690a3ddf378dcf0bab465ca93edb68,605d76b653c633c5eabf6c95422403256b9d0da6000e6e2561a518635cf6e5ce,c5ed245229e0273dbfe6295530c14630054b091045981f837c83c69a6b8d3453,941f53cad599294a76b1aa07e5b1f06c5c51b73b12de63caf3d6e8886b6fa03d,28425e98c333d60e88417dfa7dfa7e50ea30d420cc66e630f456c8c9836e30b2,baee3ecbaa7e949bab7df0d44496ccd5fddec4d935ca777dbe9d1d0e7d7b211e,f2209ac492954ccca41e6a6e3860e1286ebdbbc22b29189117049bc01cec48be,STAGE6_PROVENANCE_CONTRACT_V1,1,1,1,THEORY_SUPPORTED_AS_SCENARIO_SPECIFIC_COROLLARY,SCENARIO_SPECIFIC_COROLLARY_PRIOR_ART_BOUNDED
SEQ_2X3_WHITE,7.6,10.2,2182432.00193171,3929679.15267398,0.55537154997671,2,1.80059637560105,4.46752796128064e-07,NONDEGENERATE_TANGENT,3178369cc41e22449e5314d45f81dc5aadc32dfab18595f63bdfebf1bca7031b,1,0430f25272690a3ddf378dcf0bab465ca93edb68,605d76b653c633c5eabf6c95422403256b9d0da6000e6e2561a518635cf6e5ce,c5ed245229e0273dbfe6295530c14630054b091045981f837c83c69a6b8d3453,941f53cad599294a76b1aa07e5b1f06c5c51b73b12de63caf3d6e8886b6fa03d,28425e98c333d60e88417dfa7dfa7e50ea30d420cc66e630f456c8c9836e30b2,baee3ecbaa7e949bab7df0d44496ccd5fddec4d935ca777dbe9d1d0e7d7b211e,f2209ac492954ccca41e6a6e3860e1286ebdbbc22b29189117049bc01cec48be,STAGE6_PROVENANCE_CONTRACT_V1,1,1,1,THEORY_SUPPORTED_AS_SCENARIO_SPECIFIC_COROLLARY,SCENARIO_SPECIFIC_COROLLARY_PRIOR_ART_BOUNDED
SEQ_2X3_WHITE,8,10.2,2168371.91886262,4244196.89048571,0.510902763187894,2,1.9573196154984,4.82509323147237e-07,NONDEGENERATE_TANGENT,3178369cc41e22449e5314d45f81dc5aadc32dfab18595f63bdfebf1bca7031b,1,0430f25272690a3ddf378dcf0bab465ca93edb68,605d76b653c633c5eabf6c95422403256b9d0da6000e6e2561a518635cf6e5ce,c5ed245229e0273dbfe6295530c14630054b091045981f837c83c69a6b8d3453,941f53cad599294a76b1aa07e5b1f06c5c51b73b12de63caf3d6e8886b6fa03d,28425e98c333d60e88417dfa7dfa7e50ea30d420cc66e630f456c8c9836e30b2,baee3ecbaa7e949bab7df0d44496ccd5fddec4d935ca777dbe9d1d0e7d7b211e,f2209ac492954ccca41e6a6e3860e1286ebdbbc22b29189117049bc01cec48be,STAGE6_PROVENANCE_CONTRACT_V1,1,1,1,THEORY_SUPPORTED_AS_SCENARIO_SPECIFIC_COROLLARY,SCENARIO_SPECIFIC_COROLLARY_PRIOR_ART_BOUNDED
SEQ_2X3_WHITE,8.4,10.2,2182386.64946281,3928840.88327757,0.555478502260491,2,1.80024968730662,4.46657495931227e-07,NONDEGENERATE_TANGENT,3178369cc41e22449e5314d45f81dc5aadc32dfab18595f63bdfebf1bca7031b,1,0430f25272690a3ddf378dcf0bab465ca93edb68,605d76b653c633c5eabf6c95422403256b9d0da6000e6e2561a518635cf6e5ce,c5ed245229e0273dbfe6295530c14630054b091045981f837c83c69a6b8d3453,941f53cad599294a76b1aa07e5b1f06c5c51b73b12de63caf3d6e8886b6fa03d,28425e98c333d60e88417dfa7dfa7e50ea30d420cc66e630f456c8c9836e30b2,baee3ecbaa7e949bab7df0d44496ccd5fddec4d935ca777dbe9d1d0e7d7b211e,f2209ac492954ccca41e6a6e3860e1286ebdbbc22b29189117049bc01cec48be,STAGE6_PROVENANCE_CONTRACT_V1,1,1,1,THEORY_SUPPORTED_AS_SCENARIO_SPECIFIC_COROLLARY,SCENARIO_SPECIFIC_COROLLARY_PRIOR_ART_BOUNDED
SEQ_3X2_WHITE,7.6,9.8,2169768.51533255,4255944.63522742,0.50982066293177,2,1.96147404903012,4.83844887097282e-07,NONDEGENERATE_TANGENT,3bd86addf8a28ecb76aecf5b0a771d5394a2aae03050611e393b9f5c7f5121e5,1,0430f25272690a3ddf378dcf0bab465ca93edb68,605d76b653c633c5eabf6c95422403256b9d0da6000e6e2561a518635cf6e5ce,c5ed245229e0273dbfe6295530c14630054b091045981f837c83c69a6b8d3453,941f53cad599294a76b1aa07e5b1f06c5c51b73b12de63caf3d6e8886b6fa03d,28425e98c333d60e88417dfa7dfa7e50ea30d420cc66e630f456c8c9836e30b2,baee3ecbaa7e949bab7df0d44496ccd5fddec4d935ca777dbe9d1d0e7d7b211e,f2209ac492954ccca41e6a6e3860e1286ebdbbc22b29189117049bc01cec48be,STAGE6_PROVENANCE_CONTRACT_V1,1,1,1,THEORY_SUPPORTED_AS_SCENARIO_SPECIFIC_COROLLARY,SCENARIO_SPECIFIC_COROLLARY_PRIOR_ART_BOUNDED
SEQ_3X2_WHITE,8,9.8,2169840.62849981,4253347.00327226,0.510148978399946,2,1.96021170744367,4.83549570534735e-07,NONDEGENERATE_TANGENT,3bd86addf8a28ecb76aecf5b0a771d5394a2aae03050611e393b9f5c7f5121e5,1,0430f25272690a3ddf378dcf0bab465ca93edb68,605d76b653c633c5eabf6c95422403256b9d0da6000e6e2561a518635cf6e5ce,c5ed245229e0273dbfe6295530c14630054b091045981f837c83c69a6b8d3453,941f53cad599294a76b1aa07e5b1f06c5c51b73b12de63caf3d6e8886b6fa03d,28425e98c333d60e88417dfa7dfa7e50ea30d420cc66e630f456c8c9836e30b2,baee3ecbaa7e949bab7df0d44496ccd5fddec4d935ca777dbe9d1d0e7d7b211e,f2209ac492954ccca41e6a6e3860e1286ebdbbc22b29189117049bc01cec48be,STAGE6_PROVENANCE_CONTRACT_V1,1,1,1,THEORY_SUPPORTED_AS_SCENARIO_SPECIFIC_COROLLARY,SCENARIO_SPECIFIC_COROLLARY_PRIOR_ART_BOUNDED
SEQ_3X2_WHITE,8.4,9.8,2169740.75119956,4255044.57014064,0.509921979766206,2,1.96108432207313,4.83742561543823e-07,NONDEGENERATE_TANGENT,3bd86addf8a28ecb76aecf5b0a771d5394a2aae03050611e393b9f5c7f5121e5,1,0430f25272690a3ddf378dcf0bab465ca93edb68,605d76b653c633c5eabf6c95422403256b9d0da6000e6e2561a518635cf6e5ce,c5ed245229e0273dbfe6295530c14630054b091045981f837c83c69a6b8d3453,941f53cad599294a76b1aa07e5b1f06c5c51b73b12de63caf3d6e8886b6fa03d,28425e98c333d60e88417dfa7dfa7e50ea30d420cc66e630f456c8c9836e30b2,baee3ecbaa7e949bab7df0d44496ccd5fddec4d935ca777dbe9d1d0e7d7b211e,f2209ac492954ccca41e6a6e3860e1286ebdbbc22b29189117049bc01cec48be,STAGE6_PROVENANCE_CONTRACT_V1,1,1,1,THEORY_SUPPORTED_AS_SCENARIO_SPECIFIC_COROLLARY,SCENARIO_SPECIFIC_COROLLARY_PRIOR_ART_BOUNDED
SEQ_3X2_WHITE,7.6,10,2190579.46014185,4249744.8975415,0.51546140132061,2,1.94000947003598,4.83140058525066e-07,NONDEGENERATE_TANGENT,3bd86addf8a28ecb76aecf5b0a771d5394a2aae03050611e393b9f5c7f5121e5,1,0430f25272690a3ddf378dcf0bab465ca93edb68,605d76b653c633c5eabf6c95422403256b9d0da6000e6e2561a518635cf6e5ce,c5ed245229e0273dbfe6295530c14630054b091045981f837c83c69a6b8d3453,941f53cad599294a76b1aa07e5b1f06c5c51b73b12de63caf3d6e8886b6fa03d,28425e98c333d60e88417dfa7dfa7e50ea30d420cc66e630f456c8c9836e30b2,baee3ecbaa7e949bab7df0d44496ccd5fddec4d935ca777dbe9d1d0e7d7b211e,f2209ac492954ccca41e6a6e3860e1286ebdbbc22b29189117049bc01cec48be,STAGE6_PROVENANCE_CONTRACT_V1,1,1,1,THEORY_SUPPORTED_AS_SCENARIO_SPECIFIC_COROLLARY,SCENARIO_SPECIFIC_COROLLARY_PRIOR_ART_BOUNDED
SEQ_3X2_WHITE,8,10,2190613.22113489,4247156.7673531,0.515783462003009,2,1.93879810747822,4.82845822188335e-07,NONDEGENERATE_TANGENT,3bd86addf8a28ecb76aecf5b0a771d5394a2aae03050611e393b9f5c7f5121e5,1,0430f25272690a3ddf378dcf0bab465ca93edb68,605d76b653c633c5eabf6c95422403256b9d0da6000e6e2561a518635cf6e5ce,c5ed245229e0273dbfe6295530c14630054b091045981f837c83c69a6b8d3453,941f53cad599294a76b1aa07e5b1f06c5c51b73b12de63caf3d6e8886b6fa03d,28425e98c333d60e88417dfa7dfa7e50ea30d420cc66e630f456c8c9836e30b2,baee3ecbaa7e949bab7df0d44496ccd5fddec4d935ca777dbe9d1d0e7d7b211e,f2209ac492954ccca41e6a6e3860e1286ebdbbc22b29189117049bc01cec48be,STAGE6_PROVENANCE_CONTRACT_V1,1,1,1,THEORY_SUPPORTED_AS_SCENARIO_SPECIFIC_COROLLARY,SCENARIO_SPECIFIC_COROLLARY_PRIOR_ART_BOUNDED
SEQ_3X2_WHITE,8.4,10,2190552.79628514,4248848.50461046,0.515563874284562,2,1.93962387567919,4.8303815044738e-07,NONDEGENERATE_TANGENT,3bd86addf8a28ecb76aecf5b0a771d5394a2aae03050611e393b9f5c7f5121e5,1,0430f25272690a3ddf378dcf0bab465ca93edb68,605d76b653c633c5eabf6c95422403256b9d0da6000e6e2561a518635cf6e5ce,c5ed245229e0273dbfe6295530c14630054b091045981f837c83c69a6b8d3453,941f53cad599294a76b1aa07e5b1f06c5c51b73b12de63caf3d6e8886b6fa03d,28425e98c333d60e88417dfa7dfa7e50ea30d420cc66e630f456c8c9836e30b2,baee3ecbaa7e949bab7df0d44496ccd5fddec4d935ca777dbe9d1d0e7d7b211e,f2209ac492954ccca41e6a6e3860e1286ebdbbc22b29189117049bc01cec48be,STAGE6_PROVENANCE_CONTRACT_V1,1,1,1,THEORY_SUPPORTED_AS_SCENARIO_SPECIFIC_COROLLARY,SCENARIO_SPECIFIC_COROLLARY_PRIOR_ART_BOUNDED
SEQ_3X2_WHITE,7.6,10.2,2165216.26198502,4245484.42901154,0.510004523203288,2,1.96076692363256,4.82655699330683e-07,NONDEGENERATE_TANGENT,3bd86addf8a28ecb76aecf5b0a771d5394a2aae03050611e393b9f5c7f5121e5,1,0430f25272690a3ddf378dcf0bab465ca93edb68,605d76b653c633c5eabf6c95422403256b9d0da6000e6e2561a518635cf6e5ce,c5ed245229e0273dbfe6295530c14630054b091045981f837c83c69a6b8d3453,941f53cad599294a76b1aa07e5b1f06c5c51b73b12de63caf3d6e8886b6fa03d,28425e98c333d60e88417dfa7dfa7e50ea30d420cc66e630f456c8c9836e30b2,baee3ecbaa7e949bab7df0d44496ccd5fddec4d935ca777dbe9d1d0e7d7b211e,f2209ac492954ccca41e6a6e3860e1286ebdbbc22b29189117049bc01cec48be,STAGE6_PROVENANCE_CONTRACT_V1,1,1,1,THEORY_SUPPORTED_AS_SCENARIO_SPECIFIC_COROLLARY,SCENARIO_SPECIFIC_COROLLARY_PRIOR_ART_BOUNDED
SEQ_3X2_WHITE,8,10.2,2165286.75456123,4242903.49714115,0.510331370020597,2,1.9595111308945,4.82362281347963e-07,NONDEGENERATE_TANGENT,3bd86addf8a28ecb76aecf5b0a771d5394a2aae03050611e393b9f5c7f5121e5,1,0430f25272690a3ddf378dcf0bab465ca93edb68,605d76b653c633c5eabf6c95422403256b9d0da6000e6e2561a518635cf6e5ce,c5ed245229e0273dbfe6295530c14630054b091045981f837c83c69a6b8d3453,941f53cad599294a76b1aa07e5b1f06c5c51b73b12de63caf3d6e8886b6fa03d,28425e98c333d60e88417dfa7dfa7e50ea30d420cc66e630f456c8c9836e30b2,baee3ecbaa7e949bab7df0d44496ccd5fddec4d935ca777dbe9d1d0e7d7b211e,f2209ac492954ccca41e6a6e3860e1286ebdbbc22b29189117049bc01cec48be,STAGE6_PROVENANCE_CONTRACT_V1,1,1,1,THEORY_SUPPORTED_AS_SCENARIO_SPECIFIC_COROLLARY,SCENARIO_SPECIFIC_COROLLARY_PRIOR_ART_BOUNDED
SEQ_3X2_WHITE,8.4,10.2,2165191.82170008,4244590.14465304,0.51010621706965,2,1.96037602863299,4.82554030969941e-07,NONDEGENERATE_TANGENT,3bd86addf8a28ecb76aecf5b0a771d5394a2aae03050611e393b9f5c7f5121e5,1,0430f25272690a3ddf378dcf0bab465ca93edb68,605d76b653c633c5eabf6c95422403256b9d0da6000e6e2561a518635cf6e5ce,c5ed245229e0273dbfe6295530c14630054b091045981f837c83c69a6b8d3453,941f53cad599294a76b1aa07e5b1f06c5c51b73b12de63caf3d6e8886b6fa03d,28425e98c333d60e88417dfa7dfa7e50ea30d420cc66e630f456c8c9836e30b2,baee3ecbaa7e949bab7df0d44496ccd5fddec4d935ca777dbe9d1d0e7d7b211e,f2209ac492954ccca41e6a6e3860e1286ebdbbc22b29189117049bc01cec48be,STAGE6_PROVENANCE_CONTRACT_V1,1,1,1,THEORY_SUPPORTED_AS_SCENARIO_SPECIFIC_COROLLARY,SCENARIO_SPECIFIC_COROLLARY_PRIOR_ART_BOUNDED
SINGLE_CHANNEL_DIAGNOSTIC,7.6,9.8,0,0,0,0,Inf,2.52961610670718e-321,EXACT_TANGENT_NULL,20ca4fefd02c58c7c6a15ca12c591dd5fa967db7dda40e422d2400b12f34291c,1,0430f25272690a3ddf378dcf0bab465ca93edb68,605d76b653c633c5eabf6c95422403256b9d0da6000e6e2561a518635cf6e5ce,c5ed245229e0273dbfe6295530c14630054b091045981f837c83c69a6b8d3453,941f53cad599294a76b1aa07e5b1f06c5c51b73b12de63caf3d6e8886b6fa03d,28425e98c333d60e88417dfa7dfa7e50ea30d420cc66e630f456c8c9836e30b2,baee3ecbaa7e949bab7df0d44496ccd5fddec4d935ca777dbe9d1d0e7d7b211e,f2209ac492954ccca41e6a6e3860e1286ebdbbc22b29189117049bc01cec48be,STAGE6_PROVENANCE_CONTRACT_V1,1,1,1,THEORY_SUPPORTED_AS_SCENARIO_SPECIFIC_COROLLARY,SCENARIO_SPECIFIC_COROLLARY_PRIOR_ART_BOUNDED
SINGLE_CHANNEL_DIAGNOSTIC,8,9.8,0,0,0,0,Inf,2.52961610670718e-321,EXACT_TANGENT_NULL,20ca4fefd02c58c7c6a15ca12c591dd5fa967db7dda40e422d2400b12f34291c,1,0430f25272690a3ddf378dcf0bab465ca93edb68,605d76b653c633c5eabf6c95422403256b9d0da6000e6e2561a518635cf6e5ce,c5ed245229e0273dbfe6295530c14630054b091045981f837c83c69a6b8d3453,941f53cad599294a76b1aa07e5b1f06c5c51b73b12de63caf3d6e8886b6fa03d,28425e98c333d60e88417dfa7dfa7e50ea30d420cc66e630f456c8c9836e30b2,baee3ecbaa7e949bab7df0d44496ccd5fddec4d935ca777dbe9d1d0e7d7b211e,f2209ac492954ccca41e6a6e3860e1286ebdbbc22b29189117049bc01cec48be,STAGE6_PROVENANCE_CONTRACT_V1,1,1,1,THEORY_SUPPORTED_AS_SCENARIO_SPECIFIC_COROLLARY,SCENARIO_SPECIFIC_COROLLARY_PRIOR_ART_BOUNDED
SINGLE_CHANNEL_DIAGNOSTIC,8.4,9.8,-0,-0,-0,0,Inf,2.52961610670718e-321,EXACT_TANGENT_NULL,20ca4fefd02c58c7c6a15ca12c591dd5fa967db7dda40e422d2400b12f34291c,1,0430f25272690a3ddf378dcf0bab465ca93edb68,605d76b653c633c5eabf6c95422403256b9d0da6000e6e2561a518635cf6e5ce,c5ed245229e0273dbfe6295530c14630054b091045981f837c83c69a6b8d3453,941f53cad599294a76b1aa07e5b1f06c5c51b73b12de63caf3d6e8886b6fa03d,28425e98c333d60e88417dfa7dfa7e50ea30d420cc66e630f456c8c9836e30b2,baee3ecbaa7e949bab7df0d44496ccd5fddec4d935ca777dbe9d1d0e7d7b211e,f2209ac492954ccca41e6a6e3860e1286ebdbbc22b29189117049bc01cec48be,STAGE6_PROVENANCE_CONTRACT_V1,1,1,1,THEORY_SUPPORTED_AS_SCENARIO_SPECIFIC_COROLLARY,SCENARIO_SPECIFIC_COROLLARY_PRIOR_ART_BOUNDED
SINGLE_CHANNEL_DIAGNOSTIC,7.6,10,0,0,0,0,Inf,2.52961610670718e-321,EXACT_TANGENT_NULL,20ca4fefd02c58c7c6a15ca12c591dd5fa967db7dda40e422d2400b12f34291c,1,0430f25272690a3ddf378dcf0bab465ca93edb68,605d76b653c633c5eabf6c95422403256b9d0da6000e6e2561a518635cf6e5ce,c5ed245229e0273dbfe6295530c14630054b091045981f837c83c69a6b8d3453,941f53cad599294a76b1aa07e5b1f06c5c51b73b12de63caf3d6e8886b6fa03d,28425e98c333d60e88417dfa7dfa7e50ea30d420cc66e630f456c8c9836e30b2,baee3ecbaa7e949bab7df0d44496ccd5fddec4d935ca777dbe9d1d0e7d7b211e,f2209ac492954ccca41e6a6e3860e1286ebdbbc22b29189117049bc01cec48be,STAGE6_PROVENANCE_CONTRACT_V1,1,1,1,THEORY_SUPPORTED_AS_SCENARIO_SPECIFIC_COROLLARY,SCENARIO_SPECIFIC_COROLLARY_PRIOR_ART_BOUNDED
SINGLE_CHANNEL_DIAGNOSTIC,8,10,0,0,0,0,Inf,2.52961610670718e-321,EXACT_TANGENT_NULL,20ca4fefd02c58c7c6a15ca12c591dd5fa967db7dda40e422d2400b12f34291c,1,0430f25272690a3ddf378dcf0bab465ca93edb68,605d76b653c633c5eabf6c95422403256b9d0da6000e6e2561a518635cf6e5ce,c5ed245229e0273dbfe6295530c14630054b091045981f837c83c69a6b8d3453,941f53cad599294a76b1aa07e5b1f06c5c51b73b12de63caf3d6e8886b6fa03d,28425e98c333d60e88417dfa7dfa7e50ea30d420cc66e630f456c8c9836e30b2,baee3ecbaa7e949bab7df0d44496ccd5fddec4d935ca777dbe9d1d0e7d7b211e,f2209ac492954ccca41e6a6e3860e1286ebdbbc22b29189117049bc01cec48be,STAGE6_PROVENANCE_CONTRACT_V1,1,1,1,THEORY_SUPPORTED_AS_SCENARIO_SPECIFIC_COROLLARY,SCENARIO_SPECIFIC_COROLLARY_PRIOR_ART_BOUNDED
SINGLE_CHANNEL_DIAGNOSTIC,8.4,10,0,0,0,0,Inf,2.52961610670718e-321,EXACT_TANGENT_NULL,20ca4fefd02c58c7c6a15ca12c591dd5fa967db7dda40e422d2400b12f34291c,1,0430f25272690a3ddf378dcf0bab465ca93edb68,605d76b653c633c5eabf6c95422403256b9d0da6000e6e2561a518635cf6e5ce,c5ed245229e0273dbfe6295530c14630054b091045981f837c83c69a6b8d3453,941f53cad599294a76b1aa07e5b1f06c5c51b73b12de63caf3d6e8886b6fa03d,28425e98c333d60e88417dfa7dfa7e50ea30d420cc66e630f456c8c9836e30b2,baee3ecbaa7e949bab7df0d44496ccd5fddec4d935ca777dbe9d1d0e7d7b211e,f2209ac492954ccca41e6a6e3860e1286ebdbbc22b29189117049bc01cec48be,STAGE6_PROVENANCE_CONTRACT_V1,1,1,1,THEORY_SUPPORTED_AS_SCENARIO_SPECIFIC_COROLLARY,SCENARIO_SPECIFIC_COROLLARY_PRIOR_ART_BOUNDED
SINGLE_CHANNEL_DIAGNOSTIC,7.6,10.2,0,0,0,0,Inf,2.52961610670718e-321,EXACT_TANGENT_NULL,20ca4fefd02c58c7c6a15ca12c591dd5fa967db7dda40e422d2400b12f34291c,1,0430f25272690a3ddf378dcf0bab465ca93edb68,605d76b653c633c5eabf6c95422403256b9d0da6000e6e2561a518635cf6e5ce,c5ed245229e0273dbfe6295530c14630054b091045981f837c83c69a6b8d3453,941f53cad599294a76b1aa07e5b1f06c5c51b73b12de63caf3d6e8886b6fa03d,28425e98c333d60e88417dfa7dfa7e50ea30d420cc66e630f456c8c9836e30b2,baee3ecbaa7e949bab7df0d44496ccd5fddec4d935ca777dbe9d1d0e7d7b211e,f2209ac492954ccca41e6a6e3860e1286ebdbbc22b29189117049bc01cec48be,STAGE6_PROVENANCE_CONTRACT_V1,1,1,1,THEORY_SUPPORTED_AS_SCENARIO_SPECIFIC_COROLLARY,SCENARIO_SPECIFIC_COROLLARY_PRIOR_ART_BOUNDED
SINGLE_CHANNEL_DIAGNOSTIC,8,10.2,0,0,0,0,Inf,2.52961610670718e-321,EXACT_TANGENT_NULL,20ca4fefd02c58c7c6a15ca12c591dd5fa967db7dda40e422d2400b12f34291c,1,0430f25272690a3ddf378dcf0bab465ca93edb68,605d76b653c633c5eabf6c95422403256b9d0da6000e6e2561a518635cf6e5ce,c5ed245229e0273dbfe6295530c14630054b091045981f837c83c69a6b8d3453,941f53cad599294a76b1aa07e5b1f06c5c51b73b12de63caf3d6e8886b6fa03d,28425e98c333d60e88417dfa7dfa7e50ea30d420cc66e630f456c8c9836e30b2,baee3ecbaa7e949bab7df0d44496ccd5fddec4d935ca777dbe9d1d0e7d7b211e,f2209ac492954ccca41e6a6e3860e1286ebdbbc22b29189117049bc01cec48be,STAGE6_PROVENANCE_CONTRACT_V1,1,1,1,THEORY_SUPPORTED_AS_SCENARIO_SPECIFIC_COROLLARY,SCENARIO_SPECIFIC_COROLLARY_PRIOR_ART_BOUNDED
SINGLE_CHANNEL_DIAGNOSTIC,8.4,10.2,0,0,0,0,Inf,2.52961610670718e-321,EXACT_TANGENT_NULL,20ca4fefd02c58c7c6a15ca12c591dd5fa967db7dda40e422d2400b12f34291c,1,0430f25272690a3ddf378dcf0bab465ca93edb68,605d76b653c633c5eabf6c95422403256b9d0da6000e6e2561a518635cf6e5ce,c5ed245229e0273dbfe6295530c14630054b091045981f837c83c69a6b8d3453,941f53cad599294a76b1aa07e5b1f06c5c51b73b12de63caf3d6e8886b6fa03d,28425e98c333d60e88417dfa7dfa7e50ea30d420cc66e630f456c8c9836e30b2,baee3ecbaa7e949bab7df0d44496ccd5fddec4d935ca777dbe9d1d0e7d7b211e,f2209ac492954ccca41e6a6e3860e1286ebdbbc22b29189117049bc01cec48be,STAGE6_PROVENANCE_CONTRACT_V1,1,1,1,THEORY_SUPPORTED_AS_SCENARIO_SPECIFIC_COROLLARY,SCENARIO_SPECIFIC_COROLLARY_PRIOR_ART_BOUNDED
